solid OpenSCAD_Model
  facet normal -0.977223 -0.0434847 -0.20771
    outer loop
      vertex -6.64279 -6.15664 6.48396
      vertex -6.89898 -6.14432 7.68669
      vertex -6.64347 -6.14432 6.48458
    endloop
  endfacet
  facet normal -0.977227 -0.0433972 -0.207712
    outer loop
      vertex -6.64279 -6.15664 6.48396
      vertex -6.89776 -6.18304 7.68904
      vertex -6.89898 -6.14432 7.68669
    endloop
  endfacet
  facet normal -0.977214 -0.0436622 -0.207715
    outer loop
      vertex -6.89776 -6.18304 7.68904
      vertex -6.64279 -6.15664 6.48396
      vertex -6.6408 -6.1939 6.48243
    endloop
  endfacet
  facet normal -0.977217 -0.0436044 -0.207716
    outer loop
      vertex -6.63781 -6.25 6.48014
      vertex -6.89776 -6.18304 7.68904
      vertex -6.6408 -6.1939 6.48243
    endloop
  endfacet
  facet normal -0.977217 -0.0435959 -0.207716
    outer loop
      vertex -6.89776 -6.18304 7.68904
      vertex -6.63781 -6.25 6.48014
      vertex -6.89564 -6.25 7.69312
    endloop
  endfacet
  facet normal -0.867611 -0.461779 -0.184422
    outer loop
      vertex -6.78667 -5.73757 6.6341
      vertex -6.98493 -5.68002 7.42271
      vertex -6.82517 -5.68591 6.68587
    endloop
  endfacet
  facet normal -0.867409 -0.462508 -0.183544
    outer loop
      vertex -6.78667 -5.73757 6.6341
      vertex -6.82517 -5.68591 6.68587
      vertex -6.81915 -5.69345 6.67642
    endloop
  endfacet
  facet normal -0.867578 -0.461847 -0.184409
    outer loop
      vertex -6.96933 -5.73757 7.49345
      vertex -6.98493 -5.68002 7.42271
      vertex -6.78667 -5.73757 6.6341
    endloop
  endfacet
  facet normal -0.86869 -0.460339 -0.182937
    outer loop
      vertex -6.98493 -5.68002 7.42271
      vertex -6.96933 -5.73757 7.49345
      vertex -6.98481 -5.68062 7.42365
    endloop
  endfacet
  facet normal -0.977214 0.0436622 -0.207715
    outer loop
      vertex -6.64279 -6.34336 6.48396
      vertex -6.89776 -6.31696 7.68904
      vertex -6.6408 -6.3061 6.48243
    endloop
  endfacet
  facet normal -0.977223 0.0434847 -0.20771
    outer loop
      vertex -6.89898 -6.35568 7.68669
      vertex -6.64279 -6.34336 6.48396
      vertex -6.64347 -6.35568 6.48458
    endloop
  endfacet
  facet normal -0.977227 0.0433972 -0.207712
    outer loop
      vertex -6.64279 -6.34336 6.48396
      vertex -6.89898 -6.35568 7.68669
      vertex -6.89776 -6.31696 7.68904
    endloop
  endfacet
  facet normal -0.825028 -0.53719 -0.175374
    outer loop
      vertex -6.85885 -5.64375 6.73873
      vertex -6.9984 -5.6083 7.28664
      vertex -6.90089 -5.60473 6.81698
    endloop
  endfacet
  facet normal -0.825887 -0.535427 -0.176715
    outer loop
      vertex -6.85885 -5.64375 6.73873
      vertex -6.90089 -5.60473 6.81698
      vertex -6.86602 -5.63641 6.75
    endloop
  endfacet
  facet normal -0.824911 -0.537384 -0.175332
    outer loop
      vertex -6.99231 -5.64375 7.36664
      vertex -6.9984 -5.6083 7.28664
      vertex -6.85885 -5.64375 6.73873
    endloop
  endfacet
  facet normal -0.825516 -0.536584 -0.174931
    outer loop
      vertex -6.9984 -5.6083 7.28664
      vertex -6.99231 -5.64375 7.36664
      vertex -6.99619 -5.62817 7.33716
    endloop
  endfacet
  facet normal -0.867568 -0.461869 -0.184398
    outer loop
      vertex -6.82517 -5.68591 6.68587
      vertex -6.99231 -5.64375 7.36664
      vertex -6.85885 -5.64375 6.73873
    endloop
  endfacet
  facet normal -0.867667 -0.461667 -0.184435
    outer loop
      vertex -6.99231 -5.64375 7.36664
      vertex -6.82517 -5.68591 6.68587
      vertex -6.98493 -5.68002 7.42271
    endloop
  endfacet
  facet normal -0.969789 -0.130457 -0.206133
    outer loop
      vertex -6.661 -6.03945 6.50064
      vertex -6.90631 -6.0677 7.67262
      vertex -6.90882 -6.03945 7.66655
    endloop
  endfacet
  facet normal -0.969778 -0.13054 -0.206133
    outer loop
      vertex -6.64347 -6.14432 6.48458
      vertex -6.90631 -6.0677 7.67262
      vertex -6.661 -6.03945 6.50064
    endloop
  endfacet
  facet normal -0.969768 -0.130626 -0.206125
    outer loop
      vertex -6.90631 -6.0677 7.67262
      vertex -6.64347 -6.14432 6.48458
      vertex -6.89898 -6.14432 7.68669
    endloop
  endfacet
  facet normal -0.867531 0.462127 -0.183926
    outer loop
      vertex -6.82517 -6.81409 6.68587
      vertex -6.78667 -6.76242 6.6341
      vertex -6.81915 -6.80655 6.67642
    endloop
  endfacet
  facet normal -0.867647 0.461708 -0.184431
    outer loop
      vertex -6.78667 -6.76242 6.6341
      vertex -6.82517 -6.81409 6.68587
      vertex -6.98493 -6.81998 7.42271
    endloop
  endfacet
  facet normal -0.86761 0.461784 -0.184416
    outer loop
      vertex -6.78667 -6.76242 6.6341
      vertex -6.98493 -6.81998 7.42271
      vertex -6.96933 -6.76242 7.49345
    endloop
  endfacet
  facet normal -0.868876 0.460067 -0.182739
    outer loop
      vertex -6.96933 -6.76242 7.49345
      vertex -6.98493 -6.81998 7.42271
      vertex -6.98481 -6.81938 7.42365
    endloop
  endfacet
  facet normal -0.825887 0.535427 -0.176715
    outer loop
      vertex -6.90089 -6.89527 6.81698
      vertex -6.85885 -6.85625 6.73873
      vertex -6.86602 -6.86359 6.75
    endloop
  endfacet
  facet normal -0.824911 0.537384 -0.175332
    outer loop
      vertex -6.85885 -6.85625 6.73873
      vertex -6.9984 -6.8917 7.28664
      vertex -6.99231 -6.85625 7.36664
    endloop
  endfacet
  facet normal -0.825516 0.536584 -0.174931
    outer loop
      vertex -6.99231 -6.85625 7.36664
      vertex -6.9984 -6.8917 7.28664
      vertex -6.99619 -6.87183 7.33716
    endloop
  endfacet
  facet normal -0.825028 0.53719 -0.175374
    outer loop
      vertex -6.85885 -6.85625 6.73873
      vertex -6.90089 -6.89527 6.81698
      vertex -6.9984 -6.8917 7.28664
    endloop
  endfacet
  facet normal -0.954962 -0.216442 -0.202981
    outer loop
      vertex -6.67455 -5.99132 6.51306
      vertex -6.92429 -5.93618 7.62921
      vertex -6.69007 -5.93618 6.52728
    endloop
  endfacet
  facet normal -0.954964 -0.216432 -0.202982
    outer loop
      vertex -6.92429 -5.93618 7.62921
      vertex -6.67455 -5.99132 6.51306
      vertex -6.91453 -6.00134 7.65277
    endloop
  endfacet
  facet normal -0.867568 0.461869 -0.184398
    outer loop
      vertex -6.99231 -6.85625 7.36664
      vertex -6.82517 -6.81409 6.68587
      vertex -6.85885 -6.85625 6.73873
    endloop
  endfacet
  facet normal -0.867667 0.461667 -0.184435
    outer loop
      vertex -6.82517 -6.81409 6.68587
      vertex -6.99231 -6.85625 7.36664
      vertex -6.98493 -6.81998 7.42271
    endloop
  endfacet
  facet normal -0.969768 0.130626 -0.206125
    outer loop
      vertex -6.64347 -6.35568 6.48458
      vertex -6.90631 -6.4323 7.67262
      vertex -6.89898 -6.35568 7.68669
    endloop
  endfacet
  facet normal -0.969778 0.13054 -0.206133
    outer loop
      vertex -6.661 -6.46055 6.50064
      vertex -6.90631 -6.4323 7.67262
      vertex -6.64347 -6.35568 6.48458
    endloop
  endfacet
  facet normal -0.969789 0.130457 -0.206133
    outer loop
      vertex -6.90631 -6.4323 7.67262
      vertex -6.661 -6.46055 6.50064
      vertex -6.90882 -6.46055 7.66655
    endloop
  endfacet
  facet normal -0.977217 0.0436044 -0.207716
    outer loop
      vertex -6.89776 -6.31696 7.68904
      vertex -6.63781 -6.25 6.48014
      vertex -6.6408 -6.3061 6.48243
    endloop
  endfacet
  facet normal -0.977217 0.0435959 -0.207716
    outer loop
      vertex -6.63781 -6.25 6.48014
      vertex -6.89776 -6.31696 7.68904
      vertex -6.89564 -6.25 7.69312
    endloop
  endfacet
  facet normal -0.823945 0.53919 -0.174324
    outer loop
      vertex -6.93969 -6.92514 6.90798
      vertex -6.90089 -6.89527 6.81698
      vertex -6.90631 -6.90019 6.82738
    endloop
  endfacet
  facet normal -0.825013 0.537214 -0.175371
    outer loop
      vertex -6.90089 -6.89527 6.81698
      vertex -6.99619 -6.92872 7.16284
      vertex -6.9984 -6.8917 7.28664
    endloop
  endfacet
  facet normal -0.824908 0.537389 -0.175326
    outer loop
      vertex -6.90089 -6.89527 6.81698
      vertex -6.93969 -6.92514 6.90798
      vertex -6.99619 -6.92872 7.16284
    endloop
  endfacet
  facet normal -0.825154 0.537015 -0.175314
    outer loop
      vertex -6.9984 -6.8917 7.28664
      vertex -6.99619 -6.92872 7.16284
      vertex -7 -6.90612 7.25
    endloop
  endfacet
  facet normal -0.824813 0.537543 -0.175302
    outer loop
      vertex -6.96593 -6.93827 6.99118
      vertex -6.99619 -6.92872 7.16284
      vertex -6.93969 -6.92514 6.90798
    endloop
  endfacet
  facet normal -0.824638 0.537817 -0.175287
    outer loop
      vertex -6.99619 -6.92872 7.16284
      vertex -6.96593 -6.93827 6.99118
      vertex -6.98481 -6.93946 7.07635
    endloop
  endfacet
  facet normal -0.954956 -0.216468 -0.202981
    outer loop
      vertex -6.661 -6.03945 6.50064
      vertex -6.91453 -6.00134 7.65277
      vertex -6.67455 -5.99132 6.51306
    endloop
  endfacet
  facet normal -0.954954 -0.216475 -0.20298
    outer loop
      vertex -6.91453 -6.00134 7.65277
      vertex -6.661 -6.03945 6.50064
      vertex -6.90882 -6.03945 7.66655
    endloop
  endfacet
  facet normal -0.903692 -0.38268 -0.192085
    outer loop
      vertex -6.76604 -5.77279 6.60721
      vertex -6.96933 -5.73757 7.49345
      vertex -6.78667 -5.73757 6.6341
    endloop
  endfacet
  facet normal -0.903717 -0.382618 -0.192093
    outer loop
      vertex -6.73158 -5.8353 6.5696
      vertex -6.96933 -5.73757 7.49345
      vertex -6.76604 -5.77279 6.60721
    endloop
  endfacet
  facet normal -0.903882 -0.382183 -0.192182
    outer loop
      vertex -6.96933 -5.73757 7.49345
      vertex -6.73158 -5.8353 6.5696
      vertex -6.96593 -5.75334 7.50882
    endloop
  endfacet
  facet normal -0.90366 -0.382759 -0.192076
    outer loop
      vertex -6.96593 -5.75334 7.50882
      vertex -6.73158 -5.8353 6.5696
      vertex -6.94519 -5.8353 7.57457
    endloop
  endfacet
  facet normal -0.93289 -0.300661 -0.198289
    outer loop
      vertex -6.70711 -5.89361 6.54289
      vertex -6.94519 -5.8353 7.57457
      vertex -6.73158 -5.8353 6.5696
    endloop
  endfacet
  facet normal -0.932877 -0.300705 -0.198284
    outer loop
      vertex -6.69007 -5.93618 6.52728
      vertex -6.94519 -5.8353 7.57457
      vertex -6.70711 -5.89361 6.54289
    endloop
  endfacet
  facet normal -0.93288 -0.300697 -0.198285
    outer loop
      vertex -6.94519 -5.8353 7.57457
      vertex -6.69007 -5.93618 6.52728
      vertex -6.93969 -5.86387 7.59202
    endloop
  endfacet
  facet normal -0.93289 -0.300662 -0.19829
    outer loop
      vertex -6.93969 -5.86387 7.59202
      vertex -6.69007 -5.93618 6.52728
      vertex -6.92429 -5.93618 7.62921
    endloop
  endfacet
  facet normal -0.824638 -0.537817 -0.175287
    outer loop
      vertex -6.96593 -5.56173 6.99118
      vertex -6.99619 -5.57128 7.16284
      vertex -6.98481 -5.56054 7.07635
    endloop
  endfacet
  facet normal -0.824813 -0.537543 -0.175302
    outer loop
      vertex -6.93969 -5.57486 6.90798
      vertex -6.99619 -5.57128 7.16284
      vertex -6.96593 -5.56173 6.99118
    endloop
  endfacet
  facet normal -0.824908 -0.537389 -0.175326
    outer loop
      vertex -6.90089 -5.60473 6.81698
      vertex -6.99619 -5.57128 7.16284
      vertex -6.93969 -5.57486 6.90798
    endloop
  endfacet
  facet normal -0.823945 -0.53919 -0.174324
    outer loop
      vertex -6.90089 -5.60473 6.81698
      vertex -6.93969 -5.57486 6.90798
      vertex -6.90631 -5.59981 6.82738
    endloop
  endfacet
  facet normal -0.825013 -0.537214 -0.175371
    outer loop
      vertex -6.9984 -5.6083 7.28664
      vertex -6.99619 -5.57128 7.16284
      vertex -6.90089 -5.60473 6.81698
    endloop
  endfacet
  facet normal -0.825154 -0.537015 -0.175314
    outer loop
      vertex -6.99619 -5.57128 7.16284
      vertex -6.9984 -5.6083 7.28664
      vertex -7 -5.59388 7.25
    endloop
  endfacet
  facet normal -0.903695 0.382672 -0.192086
    outer loop
      vertex -6.96933 -6.76242 7.49345
      vertex -6.73158 -6.6647 6.5696
      vertex -6.76604 -6.7272 6.60721
    endloop
  endfacet
  facet normal -0.90366 0.382759 -0.192076
    outer loop
      vertex -6.73158 -6.6647 6.5696
      vertex -6.96593 -6.74666 7.50882
      vertex -6.94519 -6.6647 7.57457
    endloop
  endfacet
  facet normal -0.903692 0.38268 -0.192085
    outer loop
      vertex -6.96933 -6.76242 7.49345
      vertex -6.76604 -6.7272 6.60721
      vertex -6.78667 -6.76242 6.6341
    endloop
  endfacet
  facet normal -0.903808 0.382376 -0.192147
    outer loop
      vertex -6.73158 -6.6647 6.5696
      vertex -6.96933 -6.76242 7.49345
      vertex -6.96593 -6.74666 7.50882
    endloop
  endfacet
  facet normal -0.932877 0.300705 -0.198284
    outer loop
      vertex -6.94519 -6.6647 7.57457
      vertex -6.69007 -6.56382 6.52728
      vertex -6.70711 -6.60639 6.54289
    endloop
  endfacet
  facet normal -0.93289 0.300662 -0.19829
    outer loop
      vertex -6.69007 -6.56382 6.52728
      vertex -6.93969 -6.63613 7.59202
      vertex -6.92429 -6.56382 7.62921
    endloop
  endfacet
  facet normal -0.93289 0.300661 -0.198289
    outer loop
      vertex -6.94519 -6.6647 7.57457
      vertex -6.70711 -6.60639 6.54289
      vertex -6.73158 -6.6647 6.5696
    endloop
  endfacet
  facet normal -0.93288 0.300697 -0.198285
    outer loop
      vertex -6.69007 -6.56382 6.52728
      vertex -6.94519 -6.6647 7.57457
      vertex -6.93969 -6.63613 7.59202
    endloop
  endfacet
  facet normal -0.954954 0.216475 -0.20298
    outer loop
      vertex -6.661 -6.46055 6.50064
      vertex -6.91453 -6.49866 7.65277
      vertex -6.90882 -6.46055 7.66655
    endloop
  endfacet
  facet normal -0.954956 0.216468 -0.202981
    outer loop
      vertex -6.91453 -6.49866 7.65277
      vertex -6.661 -6.46055 6.50064
      vertex -6.67455 -6.50868 6.51306
    endloop
  endfacet
  facet normal -0.954962 0.216442 -0.202981
    outer loop
      vertex -6.92429 -6.56382 7.62921
      vertex -6.67455 -6.50868 6.51306
      vertex -6.69007 -6.56382 6.52728
    endloop
  endfacet
  facet normal -0.954964 0.216432 -0.202982
    outer loop
      vertex -6.67455 -6.50868 6.51306
      vertex -6.92429 -6.56382 7.62921
      vertex -6.91453 -6.49866 7.65277
    endloop
  endfacet
  facet normal -0.977223 -0.0434847 -0.20771
    outer loop
      vertex -6.64279 -3.03164 6.48396
      vertex -6.89898 -3.01932 7.68669
      vertex -6.64347 -3.01932 6.48458
    endloop
  endfacet
  facet normal -0.977227 -0.0433972 -0.207712
    outer loop
      vertex -6.64279 -3.03164 6.48396
      vertex -6.89776 -3.05804 7.68904
      vertex -6.89898 -3.01932 7.68669
    endloop
  endfacet
  facet normal -0.977214 -0.0436622 -0.207715
    outer loop
      vertex -6.89776 -3.05804 7.68904
      vertex -6.64279 -3.03164 6.48396
      vertex -6.6408 -3.0689 6.48243
    endloop
  endfacet
  facet normal -0.977217 -0.0436044 -0.207716
    outer loop
      vertex -6.63781 -3.125 6.48014
      vertex -6.89776 -3.05804 7.68904
      vertex -6.6408 -3.0689 6.48243
    endloop
  endfacet
  facet normal -0.977217 -0.0435959 -0.207716
    outer loop
      vertex -6.89776 -3.05804 7.68904
      vertex -6.63781 -3.125 6.48014
      vertex -6.89564 -3.125 7.69312
    endloop
  endfacet
  facet normal -0.867611 -0.461779 -0.184422
    outer loop
      vertex -6.78667 -2.61257 6.6341
      vertex -6.98493 -2.55502 7.42271
      vertex -6.82517 -2.56091 6.68587
    endloop
  endfacet
  facet normal -0.867409 -0.462508 -0.183544
    outer loop
      vertex -6.78667 -2.61257 6.6341
      vertex -6.82517 -2.56091 6.68587
      vertex -6.81915 -2.56845 6.67642
    endloop
  endfacet
  facet normal -0.867578 -0.461847 -0.184409
    outer loop
      vertex -6.96933 -2.61257 7.49345
      vertex -6.98493 -2.55502 7.42271
      vertex -6.78667 -2.61257 6.6341
    endloop
  endfacet
  facet normal -0.86869 -0.460339 -0.182937
    outer loop
      vertex -6.98493 -2.55502 7.42271
      vertex -6.96933 -2.61257 7.49345
      vertex -6.98481 -2.55562 7.42365
    endloop
  endfacet
  facet normal -0.825028 -0.53719 -0.175374
    outer loop
      vertex -6.85885 -2.51875 6.73873
      vertex -6.9984 -2.4833 7.28664
      vertex -6.90089 -2.47973 6.81698
    endloop
  endfacet
  facet normal -0.825887 -0.535427 -0.176715
    outer loop
      vertex -6.85885 -2.51875 6.73873
      vertex -6.90089 -2.47973 6.81698
      vertex -6.86602 -2.51141 6.75
    endloop
  endfacet
  facet normal -0.824911 -0.537384 -0.175332
    outer loop
      vertex -6.99231 -2.51875 7.36664
      vertex -6.9984 -2.4833 7.28664
      vertex -6.85885 -2.51875 6.73873
    endloop
  endfacet
  facet normal -0.825516 -0.536584 -0.174931
    outer loop
      vertex -6.9984 -2.4833 7.28664
      vertex -6.99231 -2.51875 7.36664
      vertex -6.99619 -2.50317 7.33716
    endloop
  endfacet
  facet normal -0.867568 -0.461869 -0.184398
    outer loop
      vertex -6.82517 -2.56091 6.68587
      vertex -6.99231 -2.51875 7.36664
      vertex -6.85885 -2.51875 6.73873
    endloop
  endfacet
  facet normal -0.867667 -0.461667 -0.184435
    outer loop
      vertex -6.99231 -2.51875 7.36664
      vertex -6.82517 -2.56091 6.68587
      vertex -6.98493 -2.55502 7.42271
    endloop
  endfacet
  facet normal -0.867531 0.462127 -0.183926
    outer loop
      vertex -6.82517 -3.68909 6.68587
      vertex -6.78667 -3.63742 6.6341
      vertex -6.81915 -3.68155 6.67642
    endloop
  endfacet
  facet normal -0.867647 0.461708 -0.184431
    outer loop
      vertex -6.78667 -3.63742 6.6341
      vertex -6.82517 -3.68909 6.68587
      vertex -6.98493 -3.69498 7.42271
    endloop
  endfacet
  facet normal -0.86761 0.461784 -0.184416
    outer loop
      vertex -6.78667 -3.63742 6.6341
      vertex -6.98493 -3.69498 7.42271
      vertex -6.96933 -3.63742 7.49345
    endloop
  endfacet
  facet normal -0.868876 0.460067 -0.182739
    outer loop
      vertex -6.96933 -3.63742 7.49345
      vertex -6.98493 -3.69498 7.42271
      vertex -6.98481 -3.69438 7.42365
    endloop
  endfacet
  facet normal -0.825887 0.535427 -0.176715
    outer loop
      vertex -6.90089 -3.77027 6.81698
      vertex -6.85885 -3.73125 6.73873
      vertex -6.86602 -3.73859 6.75
    endloop
  endfacet
  facet normal -0.824911 0.537384 -0.175332
    outer loop
      vertex -6.85885 -3.73125 6.73873
      vertex -6.9984 -3.7667 7.28664
      vertex -6.99231 -3.73125 7.36664
    endloop
  endfacet
  facet normal -0.825516 0.536584 -0.174931
    outer loop
      vertex -6.99231 -3.73125 7.36664
      vertex -6.9984 -3.7667 7.28664
      vertex -6.99619 -3.74683 7.33716
    endloop
  endfacet
  facet normal -0.825028 0.53719 -0.175374
    outer loop
      vertex -6.85885 -3.73125 6.73873
      vertex -6.90089 -3.77027 6.81698
      vertex -6.9984 -3.7667 7.28664
    endloop
  endfacet
  facet normal -0.954962 -0.216442 -0.202981
    outer loop
      vertex -6.67455 -2.86632 6.51306
      vertex -6.92429 -2.81118 7.62921
      vertex -6.69007 -2.81118 6.52728
    endloop
  endfacet
  facet normal -0.954964 -0.216432 -0.202982
    outer loop
      vertex -6.92429 -2.81118 7.62921
      vertex -6.67455 -2.86632 6.51306
      vertex -6.91453 -2.87634 7.65277
    endloop
  endfacet
  facet normal -0.867568 0.461869 -0.184398
    outer loop
      vertex -6.99231 -3.73125 7.36664
      vertex -6.82517 -3.68909 6.68587
      vertex -6.85885 -3.73125 6.73873
    endloop
  endfacet
  facet normal -0.867667 0.461667 -0.184435
    outer loop
      vertex -6.82517 -3.68909 6.68587
      vertex -6.99231 -3.73125 7.36664
      vertex -6.98493 -3.69498 7.42271
    endloop
  endfacet
  facet normal -0.977217 0.0436044 -0.207716
    outer loop
      vertex -6.89776 -3.19196 7.68904
      vertex -6.63781 -3.125 6.48014
      vertex -6.6408 -3.1811 6.48243
    endloop
  endfacet
  facet normal -0.977217 0.0435959 -0.207716
    outer loop
      vertex -6.63781 -3.125 6.48014
      vertex -6.89776 -3.19196 7.68904
      vertex -6.89564 -3.125 7.69312
    endloop
  endfacet
  facet normal -0.823945 0.53919 -0.174324
    outer loop
      vertex -6.93969 -3.80014 6.90798
      vertex -6.90089 -3.77027 6.81698
      vertex -6.90631 -3.77519 6.82738
    endloop
  endfacet
  facet normal -0.825013 0.537214 -0.175371
    outer loop
      vertex -6.90089 -3.77027 6.81698
      vertex -6.99619 -3.80372 7.16284
      vertex -6.9984 -3.7667 7.28664
    endloop
  endfacet
  facet normal -0.824908 0.537389 -0.175326
    outer loop
      vertex -6.90089 -3.77027 6.81698
      vertex -6.93969 -3.80014 6.90798
      vertex -6.99619 -3.80372 7.16284
    endloop
  endfacet
  facet normal -0.825154 0.537015 -0.175314
    outer loop
      vertex -6.9984 -3.7667 7.28664
      vertex -6.99619 -3.80372 7.16284
      vertex -7 -3.78112 7.25
    endloop
  endfacet
  facet normal -0.824813 0.537543 -0.175302
    outer loop
      vertex -6.96593 -3.81327 6.99118
      vertex -6.99619 -3.80372 7.16284
      vertex -6.93969 -3.80014 6.90798
    endloop
  endfacet
  facet normal -0.824638 0.537817 -0.175287
    outer loop
      vertex -6.99619 -3.80372 7.16284
      vertex -6.96593 -3.81327 6.99118
      vertex -6.98481 -3.81446 7.07635
    endloop
  endfacet
  facet normal -0.954956 -0.216468 -0.202981
    outer loop
      vertex -6.661 -2.91445 6.50064
      vertex -6.91453 -2.87634 7.65277
      vertex -6.67455 -2.86632 6.51306
    endloop
  endfacet
  facet normal -0.954954 -0.216475 -0.20298
    outer loop
      vertex -6.91453 -2.87634 7.65277
      vertex -6.661 -2.91445 6.50064
      vertex -6.90882 -2.91445 7.66655
    endloop
  endfacet
  facet normal -0.969789 -0.130457 -0.206133
    outer loop
      vertex -6.661 -2.91445 6.50064
      vertex -6.90631 -2.9427 7.67262
      vertex -6.90882 -2.91445 7.66655
    endloop
  endfacet
  facet normal -0.969778 -0.13054 -0.206133
    outer loop
      vertex -6.64347 -3.01932 6.48458
      vertex -6.90631 -2.9427 7.67262
      vertex -6.661 -2.91445 6.50064
    endloop
  endfacet
  facet normal -0.969768 -0.130626 -0.206125
    outer loop
      vertex -6.90631 -2.9427 7.67262
      vertex -6.64347 -3.01932 6.48458
      vertex -6.89898 -3.01932 7.68669
    endloop
  endfacet
  facet normal -0.903692 -0.38268 -0.192085
    outer loop
      vertex -6.76604 -2.64779 6.60721
      vertex -6.96933 -2.61257 7.49345
      vertex -6.78667 -2.61257 6.6341
    endloop
  endfacet
  facet normal -0.903717 -0.382618 -0.192093
    outer loop
      vertex -6.73158 -2.7103 6.5696
      vertex -6.96933 -2.61257 7.49345
      vertex -6.76604 -2.64779 6.60721
    endloop
  endfacet
  facet normal -0.903882 -0.382183 -0.192182
    outer loop
      vertex -6.96933 -2.61257 7.49345
      vertex -6.73158 -2.7103 6.5696
      vertex -6.96593 -2.62834 7.50882
    endloop
  endfacet
  facet normal -0.90366 -0.382759 -0.192076
    outer loop
      vertex -6.96593 -2.62834 7.50882
      vertex -6.73158 -2.7103 6.5696
      vertex -6.94519 -2.7103 7.57457
    endloop
  endfacet
  facet normal -0.93289 -0.300661 -0.198289
    outer loop
      vertex -6.70711 -2.76861 6.54289
      vertex -6.94519 -2.7103 7.57457
      vertex -6.73158 -2.7103 6.5696
    endloop
  endfacet
  facet normal -0.932877 -0.300705 -0.198284
    outer loop
      vertex -6.69007 -2.81118 6.52728
      vertex -6.94519 -2.7103 7.57457
      vertex -6.70711 -2.76861 6.54289
    endloop
  endfacet
  facet normal -0.93288 -0.300697 -0.198285
    outer loop
      vertex -6.94519 -2.7103 7.57457
      vertex -6.69007 -2.81118 6.52728
      vertex -6.93969 -2.73887 7.59202
    endloop
  endfacet
  facet normal -0.93289 -0.300662 -0.19829
    outer loop
      vertex -6.93969 -2.73887 7.59202
      vertex -6.69007 -2.81118 6.52728
      vertex -6.92429 -2.81118 7.62921
    endloop
  endfacet
  facet normal -0.824638 -0.537817 -0.175287
    outer loop
      vertex -6.96593 -2.43673 6.99118
      vertex -6.99619 -2.44628 7.16284
      vertex -6.98481 -2.43554 7.07635
    endloop
  endfacet
  facet normal -0.824813 -0.537543 -0.175302
    outer loop
      vertex -6.93969 -2.44986 6.90798
      vertex -6.99619 -2.44628 7.16284
      vertex -6.96593 -2.43673 6.99118
    endloop
  endfacet
  facet normal -0.824908 -0.537389 -0.175326
    outer loop
      vertex -6.90089 -2.47973 6.81698
      vertex -6.99619 -2.44628 7.16284
      vertex -6.93969 -2.44986 6.90798
    endloop
  endfacet
  facet normal -0.823945 -0.53919 -0.174324
    outer loop
      vertex -6.90089 -2.47973 6.81698
      vertex -6.93969 -2.44986 6.90798
      vertex -6.90631 -2.47481 6.82738
    endloop
  endfacet
  facet normal -0.825013 -0.537214 -0.175371
    outer loop
      vertex -6.9984 -2.4833 7.28664
      vertex -6.99619 -2.44628 7.16284
      vertex -6.90089 -2.47973 6.81698
    endloop
  endfacet
  facet normal -0.825154 -0.537015 -0.175314
    outer loop
      vertex -6.99619 -2.44628 7.16284
      vertex -6.9984 -2.4833 7.28664
      vertex -7 -2.46888 7.25
    endloop
  endfacet
  facet normal -0.903695 0.382672 -0.192086
    outer loop
      vertex -6.96933 -3.63742 7.49345
      vertex -6.73158 -3.5397 6.5696
      vertex -6.76604 -3.6022 6.60721
    endloop
  endfacet
  facet normal -0.90366 0.382759 -0.192076
    outer loop
      vertex -6.73158 -3.5397 6.5696
      vertex -6.96593 -3.62166 7.50882
      vertex -6.94519 -3.5397 7.57457
    endloop
  endfacet
  facet normal -0.903692 0.38268 -0.192085
    outer loop
      vertex -6.96933 -3.63742 7.49345
      vertex -6.76604 -3.6022 6.60721
      vertex -6.78667 -3.63742 6.6341
    endloop
  endfacet
  facet normal -0.903808 0.382376 -0.192147
    outer loop
      vertex -6.73158 -3.5397 6.5696
      vertex -6.96933 -3.63742 7.49345
      vertex -6.96593 -3.62166 7.50882
    endloop
  endfacet
  facet normal -0.932877 0.300705 -0.198284
    outer loop
      vertex -6.94519 -3.5397 7.57457
      vertex -6.69007 -3.43882 6.52728
      vertex -6.70711 -3.48139 6.54289
    endloop
  endfacet
  facet normal -0.93289 0.300662 -0.19829
    outer loop
      vertex -6.69007 -3.43882 6.52728
      vertex -6.93969 -3.51113 7.59202
      vertex -6.92429 -3.43882 7.62921
    endloop
  endfacet
  facet normal -0.93289 0.300661 -0.198289
    outer loop
      vertex -6.94519 -3.5397 7.57457
      vertex -6.70711 -3.48139 6.54289
      vertex -6.73158 -3.5397 6.5696
    endloop
  endfacet
  facet normal -0.93288 0.300697 -0.198285
    outer loop
      vertex -6.69007 -3.43882 6.52728
      vertex -6.94519 -3.5397 7.57457
      vertex -6.93969 -3.51113 7.59202
    endloop
  endfacet
  facet normal -0.969768 0.130626 -0.206125
    outer loop
      vertex -6.64347 -3.23068 6.48458
      vertex -6.90631 -3.3073 7.67262
      vertex -6.89898 -3.23068 7.68669
    endloop
  endfacet
  facet normal -0.969778 0.13054 -0.206133
    outer loop
      vertex -6.661 -3.33555 6.50064
      vertex -6.90631 -3.3073 7.67262
      vertex -6.64347 -3.23068 6.48458
    endloop
  endfacet
  facet normal -0.969789 0.130457 -0.206133
    outer loop
      vertex -6.90631 -3.3073 7.67262
      vertex -6.661 -3.33555 6.50064
      vertex -6.90882 -3.33555 7.66655
    endloop
  endfacet
  facet normal -0.977214 0.0436622 -0.207715
    outer loop
      vertex -6.64279 -3.21836 6.48396
      vertex -6.89776 -3.19196 7.68904
      vertex -6.6408 -3.1811 6.48243
    endloop
  endfacet
  facet normal -0.977223 0.0434847 -0.20771
    outer loop
      vertex -6.89898 -3.23068 7.68669
      vertex -6.64279 -3.21836 6.48396
      vertex -6.64347 -3.23068 6.48458
    endloop
  endfacet
  facet normal -0.977227 0.0433972 -0.207712
    outer loop
      vertex -6.64279 -3.21836 6.48396
      vertex -6.89898 -3.23068 7.68669
      vertex -6.89776 -3.19196 7.68904
    endloop
  endfacet
  facet normal -0.954962 0.216442 -0.202981
    outer loop
      vertex -6.92429 -3.43882 7.62921
      vertex -6.67455 -3.38368 6.51306
      vertex -6.69007 -3.43882 6.52728
    endloop
  endfacet
  facet normal -0.954964 0.216432 -0.202982
    outer loop
      vertex -6.67455 -3.38368 6.51306
      vertex -6.92429 -3.43882 7.62921
      vertex -6.91453 -3.37366 7.65277
    endloop
  endfacet
  facet normal -0.954954 0.216475 -0.20298
    outer loop
      vertex -6.661 -3.33555 6.50064
      vertex -6.91453 -3.37366 7.65277
      vertex -6.90882 -3.33555 7.66655
    endloop
  endfacet
  facet normal -0.954956 0.216468 -0.202981
    outer loop
      vertex -6.91453 -3.37366 7.65277
      vertex -6.661 -3.33555 6.50064
      vertex -6.67455 -3.38368 6.51306
    endloop
  endfacet
  facet normal -0.977223 -0.0435041 -0.20771
    outer loop
      vertex -6.64279 0.0933615 6.48396
      vertex -6.89898 0.105676 7.68669
      vertex -6.64347 0.105676 6.48458
    endloop
  endfacet
  facet normal -0.977227 -0.0434025 -0.207712
    outer loop
      vertex -6.64279 0.0933615 6.48396
      vertex -6.89776 0.0669607 7.68904
      vertex -6.89898 0.105676 7.68669
    endloop
  endfacet
  facet normal -0.977215 -0.0436565 -0.207715
    outer loop
      vertex -6.89776 0.0669607 7.68904
      vertex -6.64279 0.0933615 6.48396
      vertex -6.6408 0.0560966 6.48243
    endloop
  endfacet
  facet normal -0.977217 -0.0436071 -0.207716
    outer loop
      vertex -6.63781 0 6.48014
      vertex -6.89776 0.0669607 7.68904
      vertex -6.6408 0.0560966 6.48243
    endloop
  endfacet
  facet normal -0.977217 -0.0435955 -0.207716
    outer loop
      vertex -6.89776 0.0669607 7.68904
      vertex -6.63781 0 6.48014
      vertex -6.89564 0 7.69312
    endloop
  endfacet
  facet normal -0.977215 0.0436565 -0.207715
    outer loop
      vertex -6.64279 -0.0933615 6.48396
      vertex -6.89776 -0.0669607 7.68904
      vertex -6.6408 -0.0560966 6.48243
    endloop
  endfacet
  facet normal -0.977223 0.0435041 -0.20771
    outer loop
      vertex -6.89898 -0.105676 7.68669
      vertex -6.64279 -0.0933615 6.48396
      vertex -6.64347 -0.105676 6.48458
    endloop
  endfacet
  facet normal -0.977227 0.0434025 -0.207712
    outer loop
      vertex -6.64279 -0.0933615 6.48396
      vertex -6.89898 -0.105676 7.68669
      vertex -6.89776 -0.0669607 7.68904
    endloop
  endfacet
  facet normal -0.825025 -0.537197 -0.175369
    outer loop
      vertex -6.85885 0.60625 6.73873
      vertex -6.9984 0.641704 7.28664
      vertex -6.90089 0.64527 6.81698
    endloop
  endfacet
  facet normal -0.826231 -0.534718 -0.177253
    outer loop
      vertex -6.85885 0.60625 6.73873
      vertex -6.90089 0.64527 6.81698
      vertex -6.86602 0.613593 6.75
    endloop
  endfacet
  facet normal -0.824938 -0.53734 -0.175337
    outer loop
      vertex -6.99231 0.60625 7.36664
      vertex -6.9984 0.641704 7.28664
      vertex -6.85885 0.60625 6.73873
    endloop
  endfacet
  facet normal -0.825461 -0.536649 -0.174991
    outer loop
      vertex -6.9984 0.641704 7.28664
      vertex -6.99231 0.60625 7.36664
      vertex -6.99619 0.621831 7.33716
    endloop
  endfacet
  facet normal -0.823598 0.539844 -0.173938
    outer loop
      vertex -6.93969 -0.675144 6.90798
      vertex -6.90089 -0.64527 6.81698
      vertex -6.90631 -0.650188 6.82738
    endloop
  endfacet
  facet normal -0.824987 0.537257 -0.175362
    outer loop
      vertex -6.90089 -0.64527 6.81698
      vertex -6.99619 -0.678719 7.16284
      vertex -6.9984 -0.641704 7.28664
    endloop
  endfacet
  facet normal -0.824955 0.537311 -0.175347
    outer loop
      vertex -6.90089 -0.64527 6.81698
      vertex -6.93969 -0.675144 6.90798
      vertex -6.99619 -0.678719 7.16284
    endloop
  endfacet
  facet normal -0.824892 0.53739 -0.1754
    outer loop
      vertex -6.9984 -0.641704 7.28664
      vertex -6.99619 -0.678719 7.16284
      vertex -7 -0.656119 7.25
    endloop
  endfacet
  facet normal -0.824725 0.537682 -0.175291
    outer loop
      vertex -6.96593 -0.688268 6.99118
      vertex -6.99619 -0.678719 7.16284
      vertex -6.93969 -0.675144 6.90798
    endloop
  endfacet
  facet normal -0.824822 0.537529 -0.1753
    outer loop
      vertex -6.99619 -0.678719 7.16284
      vertex -6.96593 -0.688268 6.99118
      vertex -6.98481 -0.689463 7.07635
    endloop
  endfacet
  facet normal -0.867586 -0.461834 -0.184402
    outer loop
      vertex -6.82517 0.564086 6.68587
      vertex -6.99231 0.60625 7.36664
      vertex -6.85885 0.60625 6.73873
    endloop
  endfacet
  facet normal -0.867665 -0.461674 -0.184432
    outer loop
      vertex -6.99231 0.60625 7.36664
      vertex -6.82517 0.564086 6.68587
      vertex -6.98493 0.569981 7.42271
    endloop
  endfacet
  facet normal -0.969768 0.130623 -0.206125
    outer loop
      vertex -6.64347 -0.105676 6.48458
      vertex -6.90631 -0.182298 7.67262
      vertex -6.89898 -0.105676 7.68669
    endloop
  endfacet
  facet normal -0.969778 0.130537 -0.206133
    outer loop
      vertex -6.661 -0.210548 6.50064
      vertex -6.90631 -0.182298 7.67262
      vertex -6.64347 -0.105676 6.48458
    endloop
  endfacet
  facet normal -0.969789 0.130457 -0.206133
    outer loop
      vertex -6.90631 -0.182298 7.67262
      vertex -6.661 -0.210548 6.50064
      vertex -6.90882 -0.210548 7.66655
    endloop
  endfacet
  facet normal -0.932875 0.300712 -0.198282
    outer loop
      vertex -6.94519 -0.414699 7.57457
      vertex -6.69007 -0.313818 6.52728
      vertex -6.70711 -0.356387 6.54289
    endloop
  endfacet
  facet normal -0.932891 0.300659 -0.19829
    outer loop
      vertex -6.69007 -0.313818 6.52728
      vertex -6.93969 -0.386129 7.59202
      vertex -6.92429 -0.313818 7.62921
    endloop
  endfacet
  facet normal -0.932893 0.300651 -0.19829
    outer loop
      vertex -6.94519 -0.414699 7.57457
      vertex -6.70711 -0.356387 6.54289
      vertex -6.73158 -0.414699 6.5696
    endloop
  endfacet
  facet normal -0.93288 0.300697 -0.198285
    outer loop
      vertex -6.69007 -0.313818 6.52728
      vertex -6.94519 -0.414699 7.57457
      vertex -6.93969 -0.386129 7.59202
    endloop
  endfacet
  facet normal -0.826231 0.534718 -0.177253
    outer loop
      vertex -6.90089 -0.64527 6.81698
      vertex -6.85885 -0.60625 6.73873
      vertex -6.86602 -0.613593 6.75
    endloop
  endfacet
  facet normal -0.824938 0.53734 -0.175337
    outer loop
      vertex -6.85885 -0.60625 6.73873
      vertex -6.9984 -0.641704 7.28664
      vertex -6.99231 -0.60625 7.36664
    endloop
  endfacet
  facet normal -0.825461 0.536649 -0.174991
    outer loop
      vertex -6.99231 -0.60625 7.36664
      vertex -6.9984 -0.641704 7.28664
      vertex -6.99619 -0.621831 7.33716
    endloop
  endfacet
  facet normal -0.825025 0.537197 -0.175369
    outer loop
      vertex -6.85885 -0.60625 6.73873
      vertex -6.90089 -0.64527 6.81698
      vertex -6.9984 -0.641704 7.28664
    endloop
  endfacet
  facet normal -0.95496 -0.216449 -0.202981
    outer loop
      vertex -6.67455 0.25868 6.51306
      vertex -6.92429 0.313818 7.62921
      vertex -6.69007 0.313818 6.52728
    endloop
  endfacet
  facet normal -0.954964 -0.216429 -0.202983
    outer loop
      vertex -6.92429 0.313818 7.62921
      vertex -6.67455 0.25868 6.51306
      vertex -6.91453 0.248657 7.65277
    endloop
  endfacet
  facet normal -0.903692 -0.38268 -0.192085
    outer loop
      vertex -6.76604 0.477204 6.60721
      vertex -6.96933 0.512424 7.49345
      vertex -6.78667 0.512424 6.6341
    endloop
  endfacet
  facet normal -0.903706 -0.382645 -0.19209
    outer loop
      vertex -6.73158 0.414699 6.5696
      vertex -6.96933 0.512424 7.49345
      vertex -6.76604 0.477204 6.60721
    endloop
  endfacet
  facet normal -0.90383 -0.382317 -0.192156
    outer loop
      vertex -6.96933 0.512424 7.49345
      vertex -6.73158 0.414699 6.5696
      vertex -6.96593 0.496661 7.50882
    endloop
  endfacet
  facet normal -0.903664 -0.382751 -0.192077
    outer loop
      vertex -6.96593 0.496661 7.50882
      vertex -6.73158 0.414699 6.5696
      vertex -6.94519 0.414699 7.57457
    endloop
  endfacet
  facet normal -0.867617 -0.461767 -0.184421
    outer loop
      vertex -6.78667 0.512424 6.6341
      vertex -6.98493 0.569981 7.42271
      vertex -6.82517 0.564086 6.68587
    endloop
  endfacet
  facet normal -0.867551 -0.462006 -0.184133
    outer loop
      vertex -6.78667 0.512424 6.6341
      vertex -6.82517 0.564086 6.68587
      vertex -6.81915 0.556548 6.67642
    endloop
  endfacet
  facet normal -0.8676 -0.461803 -0.184414
    outer loop
      vertex -6.96933 0.512424 7.49345
      vertex -6.98493 0.569981 7.42271
      vertex -6.78667 0.512424 6.6341
    endloop
  endfacet
  facet normal -0.862736 -0.468291 -0.190765
    outer loop
      vertex -6.98493 0.569981 7.42271
      vertex -6.96933 0.512424 7.49345
      vertex -6.98481 0.569377 7.42365
    endloop
  endfacet
  facet normal -0.903706 0.382645 -0.19209
    outer loop
      vertex -6.96933 -0.512424 7.49345
      vertex -6.73158 -0.414699 6.5696
      vertex -6.76604 -0.477204 6.60721
    endloop
  endfacet
  facet normal -0.903664 0.382751 -0.192077
    outer loop
      vertex -6.73158 -0.414699 6.5696
      vertex -6.96593 -0.496661 7.50882
      vertex -6.94519 -0.414699 7.57457
    endloop
  endfacet
  facet normal -0.903692 0.38268 -0.192085
    outer loop
      vertex -6.96933 -0.512424 7.49345
      vertex -6.76604 -0.477204 6.60721
      vertex -6.78667 -0.512424 6.6341
    endloop
  endfacet
  facet normal -0.90383 0.382317 -0.192156
    outer loop
      vertex -6.73158 -0.414699 6.5696
      vertex -6.96933 -0.512424 7.49345
      vertex -6.96593 -0.496661 7.50882
    endloop
  endfacet
  facet normal -0.954957 -0.21646 -0.202982
    outer loop
      vertex -6.661 0.210548 6.50064
      vertex -6.91453 0.248657 7.65277
      vertex -6.67455 0.25868 6.51306
    endloop
  endfacet
  facet normal -0.954953 -0.21648 -0.20298
    outer loop
      vertex -6.91453 0.248657 7.65277
      vertex -6.661 0.210548 6.50064
      vertex -6.90882 0.210548 7.66655
    endloop
  endfacet
  facet normal -0.969789 -0.130457 -0.206133
    outer loop
      vertex -6.661 0.210548 6.50064
      vertex -6.90631 0.182298 7.67262
      vertex -6.90882 0.210548 7.66655
    endloop
  endfacet
  facet normal -0.969778 -0.130537 -0.206133
    outer loop
      vertex -6.64347 0.105676 6.48458
      vertex -6.90631 0.182298 7.67262
      vertex -6.661 0.210548 6.50064
    endloop
  endfacet
  facet normal -0.969768 -0.130623 -0.206125
    outer loop
      vertex -6.90631 0.182298 7.67262
      vertex -6.64347 0.105676 6.48458
      vertex -6.89898 0.105676 7.68669
    endloop
  endfacet
  facet normal -0.932893 -0.300651 -0.19829
    outer loop
      vertex -6.70711 0.356387 6.54289
      vertex -6.94519 0.414699 7.57457
      vertex -6.73158 0.414699 6.5696
    endloop
  endfacet
  facet normal -0.932875 -0.300712 -0.198282
    outer loop
      vertex -6.69007 0.313818 6.52728
      vertex -6.94519 0.414699 7.57457
      vertex -6.70711 0.356387 6.54289
    endloop
  endfacet
  facet normal -0.93288 -0.300697 -0.198285
    outer loop
      vertex -6.94519 0.414699 7.57457
      vertex -6.69007 0.313818 6.52728
      vertex -6.93969 0.386129 7.59202
    endloop
  endfacet
  facet normal -0.932891 -0.300659 -0.19829
    outer loop
      vertex -6.93969 0.386129 7.59202
      vertex -6.69007 0.313818 6.52728
      vertex -6.92429 0.313818 7.62921
    endloop
  endfacet
  facet normal -0.824822 -0.537529 -0.1753
    outer loop
      vertex -6.96593 0.688268 6.99118
      vertex -6.99619 0.678719 7.16284
      vertex -6.98481 0.689463 7.07635
    endloop
  endfacet
  facet normal -0.824725 -0.537682 -0.175291
    outer loop
      vertex -6.93969 0.675144 6.90798
      vertex -6.99619 0.678719 7.16284
      vertex -6.96593 0.688268 6.99118
    endloop
  endfacet
  facet normal -0.824955 -0.537311 -0.175347
    outer loop
      vertex -6.90089 0.64527 6.81698
      vertex -6.99619 0.678719 7.16284
      vertex -6.93969 0.675144 6.90798
    endloop
  endfacet
  facet normal -0.823598 -0.539844 -0.173938
    outer loop
      vertex -6.90089 0.64527 6.81698
      vertex -6.93969 0.675144 6.90798
      vertex -6.90631 0.650188 6.82738
    endloop
  endfacet
  facet normal -0.824987 -0.537257 -0.175362
    outer loop
      vertex -6.9984 0.641704 7.28664
      vertex -6.99619 0.678719 7.16284
      vertex -6.90089 0.64527 6.81698
    endloop
  endfacet
  facet normal -0.824892 -0.53739 -0.1754
    outer loop
      vertex -6.99619 0.678719 7.16284
      vertex -6.9984 0.641704 7.28664
      vertex -7 0.656119 7.25
    endloop
  endfacet
  facet normal -0.867586 0.461834 -0.184402
    outer loop
      vertex -6.99231 -0.60625 7.36664
      vertex -6.82517 -0.564086 6.68587
      vertex -6.85885 -0.60625 6.73873
    endloop
  endfacet
  facet normal -0.867665 0.461674 -0.184432
    outer loop
      vertex -6.82517 -0.564086 6.68587
      vertex -6.99231 -0.60625 7.36664
      vertex -6.98493 -0.569981 7.42271
    endloop
  endfacet
  facet normal -0.954953 0.21648 -0.20298
    outer loop
      vertex -6.661 -0.210548 6.50064
      vertex -6.91453 -0.248657 7.65277
      vertex -6.90882 -0.210548 7.66655
    endloop
  endfacet
  facet normal -0.954957 0.21646 -0.202982
    outer loop
      vertex -6.91453 -0.248657 7.65277
      vertex -6.661 -0.210548 6.50064
      vertex -6.67455 -0.25868 6.51306
    endloop
  endfacet
  facet normal -0.95496 0.216449 -0.202981
    outer loop
      vertex -6.92429 -0.313818 7.62921
      vertex -6.67455 -0.25868 6.51306
      vertex -6.69007 -0.313818 6.52728
    endloop
  endfacet
  facet normal -0.954964 0.216429 -0.202983
    outer loop
      vertex -6.67455 -0.25868 6.51306
      vertex -6.92429 -0.313818 7.62921
      vertex -6.91453 -0.248657 7.65277
    endloop
  endfacet
  facet normal -0.977217 0.0436071 -0.207716
    outer loop
      vertex -6.89776 -0.0669607 7.68904
      vertex -6.63781 0 6.48014
      vertex -6.6408 -0.0560966 6.48243
    endloop
  endfacet
  facet normal -0.977217 0.0435955 -0.207716
    outer loop
      vertex -6.63781 0 6.48014
      vertex -6.89776 -0.0669607 7.68904
      vertex -6.89564 0 7.69312
    endloop
  endfacet
  facet normal -0.867551 0.462006 -0.184133
    outer loop
      vertex -6.82517 -0.564086 6.68587
      vertex -6.78667 -0.512424 6.6341
      vertex -6.81915 -0.556548 6.67642
    endloop
  endfacet
  facet normal -0.867617 0.461767 -0.184421
    outer loop
      vertex -6.78667 -0.512424 6.6341
      vertex -6.82517 -0.564086 6.68587
      vertex -6.98493 -0.569981 7.42271
    endloop
  endfacet
  facet normal -0.8676 0.461803 -0.184414
    outer loop
      vertex -6.78667 -0.512424 6.6341
      vertex -6.98493 -0.569981 7.42271
      vertex -6.96933 -0.512424 7.49345
    endloop
  endfacet
  facet normal -0.862736 0.468291 -0.190765
    outer loop
      vertex -6.96933 -0.512424 7.49345
      vertex -6.98493 -0.569981 7.42271
      vertex -6.98481 -0.569377 7.42365
    endloop
  endfacet
  facet normal -0.977223 -0.0434847 -0.20771
    outer loop
      vertex -6.64279 3.21836 6.48396
      vertex -6.89898 3.23068 7.68669
      vertex -6.64347 3.23068 6.48458
    endloop
  endfacet
  facet normal -0.977227 -0.0433972 -0.207712
    outer loop
      vertex -6.64279 3.21836 6.48396
      vertex -6.89776 3.19196 7.68904
      vertex -6.89898 3.23068 7.68669
    endloop
  endfacet
  facet normal -0.977214 -0.0436622 -0.207715
    outer loop
      vertex -6.89776 3.19196 7.68904
      vertex -6.64279 3.21836 6.48396
      vertex -6.6408 3.1811 6.48243
    endloop
  endfacet
  facet normal -0.977217 -0.0436044 -0.207716
    outer loop
      vertex -6.63781 3.125 6.48014
      vertex -6.89776 3.19196 7.68904
      vertex -6.6408 3.1811 6.48243
    endloop
  endfacet
  facet normal -0.977217 -0.0435959 -0.207716
    outer loop
      vertex -6.89776 3.19196 7.68904
      vertex -6.63781 3.125 6.48014
      vertex -6.89564 3.125 7.69312
    endloop
  endfacet
  facet normal -0.825028 -0.53719 -0.175374
    outer loop
      vertex -6.85885 3.73125 6.73873
      vertex -6.9984 3.7667 7.28664
      vertex -6.90089 3.77027 6.81698
    endloop
  endfacet
  facet normal -0.825887 -0.535427 -0.176715
    outer loop
      vertex -6.85885 3.73125 6.73873
      vertex -6.90089 3.77027 6.81698
      vertex -6.86602 3.73859 6.75
    endloop
  endfacet
  facet normal -0.824911 -0.537384 -0.175332
    outer loop
      vertex -6.99231 3.73125 7.36664
      vertex -6.9984 3.7667 7.28664
      vertex -6.85885 3.73125 6.73873
    endloop
  endfacet
  facet normal -0.825516 -0.536584 -0.174931
    outer loop
      vertex -6.9984 3.7667 7.28664
      vertex -6.99231 3.73125 7.36664
      vertex -6.99619 3.74683 7.33716
    endloop
  endfacet
  facet normal -0.825887 0.535427 -0.176715
    outer loop
      vertex -6.90089 2.47973 6.81698
      vertex -6.85885 2.51875 6.73873
      vertex -6.86602 2.51141 6.75
    endloop
  endfacet
  facet normal -0.824911 0.537384 -0.175332
    outer loop
      vertex -6.85885 2.51875 6.73873
      vertex -6.9984 2.4833 7.28664
      vertex -6.99231 2.51875 7.36664
    endloop
  endfacet
  facet normal -0.825516 0.536584 -0.174931
    outer loop
      vertex -6.99231 2.51875 7.36664
      vertex -6.9984 2.4833 7.28664
      vertex -6.99619 2.50317 7.33716
    endloop
  endfacet
  facet normal -0.825028 0.53719 -0.175374
    outer loop
      vertex -6.85885 2.51875 6.73873
      vertex -6.90089 2.47973 6.81698
      vertex -6.9984 2.4833 7.28664
    endloop
  endfacet
  facet normal -0.867568 -0.461869 -0.184398
    outer loop
      vertex -6.82517 3.68909 6.68587
      vertex -6.99231 3.73125 7.36664
      vertex -6.85885 3.73125 6.73873
    endloop
  endfacet
  facet normal -0.867667 -0.461667 -0.184435
    outer loop
      vertex -6.99231 3.73125 7.36664
      vertex -6.82517 3.68909 6.68587
      vertex -6.98493 3.69498 7.42271
    endloop
  endfacet
  facet normal -0.969789 -0.130457 -0.206133
    outer loop
      vertex -6.661 3.33555 6.50064
      vertex -6.90631 3.3073 7.67262
      vertex -6.90882 3.33555 7.66655
    endloop
  endfacet
  facet normal -0.969778 -0.13054 -0.206133
    outer loop
      vertex -6.64347 3.23068 6.48458
      vertex -6.90631 3.3073 7.67262
      vertex -6.661 3.33555 6.50064
    endloop
  endfacet
  facet normal -0.969768 -0.130626 -0.206125
    outer loop
      vertex -6.90631 3.3073 7.67262
      vertex -6.64347 3.23068 6.48458
      vertex -6.89898 3.23068 7.68669
    endloop
  endfacet
  facet normal -0.969768 0.130626 -0.206125
    outer loop
      vertex -6.64347 3.01932 6.48458
      vertex -6.90631 2.9427 7.67262
      vertex -6.89898 3.01932 7.68669
    endloop
  endfacet
  facet normal -0.969778 0.13054 -0.206133
    outer loop
      vertex -6.661 2.91445 6.50064
      vertex -6.90631 2.9427 7.67262
      vertex -6.64347 3.01932 6.48458
    endloop
  endfacet
  facet normal -0.969789 0.130457 -0.206133
    outer loop
      vertex -6.90631 2.9427 7.67262
      vertex -6.661 2.91445 6.50064
      vertex -6.90882 2.91445 7.66655
    endloop
  endfacet
  facet normal -0.932877 0.300705 -0.198284
    outer loop
      vertex -6.94519 2.7103 7.57457
      vertex -6.69007 2.81118 6.52728
      vertex -6.70711 2.76861 6.54289
    endloop
  endfacet
  facet normal -0.93289 0.300662 -0.19829
    outer loop
      vertex -6.69007 2.81118 6.52728
      vertex -6.93969 2.73887 7.59202
      vertex -6.92429 2.81118 7.62921
    endloop
  endfacet
  facet normal -0.93289 0.300661 -0.198289
    outer loop
      vertex -6.94519 2.7103 7.57457
      vertex -6.70711 2.76861 6.54289
      vertex -6.73158 2.7103 6.5696
    endloop
  endfacet
  facet normal -0.93288 0.300697 -0.198285
    outer loop
      vertex -6.69007 2.81118 6.52728
      vertex -6.94519 2.7103 7.57457
      vertex -6.93969 2.73887 7.59202
    endloop
  endfacet
  facet normal -0.823945 0.53919 -0.174324
    outer loop
      vertex -6.93969 2.44986 6.90798
      vertex -6.90089 2.47973 6.81698
      vertex -6.90631 2.47481 6.82738
    endloop
  endfacet
  facet normal -0.825013 0.537214 -0.175371
    outer loop
      vertex -6.90089 2.47973 6.81698
      vertex -6.99619 2.44628 7.16284
      vertex -6.9984 2.4833 7.28664
    endloop
  endfacet
  facet normal -0.824908 0.537389 -0.175326
    outer loop
      vertex -6.90089 2.47973 6.81698
      vertex -6.93969 2.44986 6.90798
      vertex -6.99619 2.44628 7.16284
    endloop
  endfacet
  facet normal -0.825154 0.537015 -0.175314
    outer loop
      vertex -6.9984 2.4833 7.28664
      vertex -6.99619 2.44628 7.16284
      vertex -7 2.46888 7.25
    endloop
  endfacet
  facet normal -0.824813 0.537543 -0.175302
    outer loop
      vertex -6.96593 2.43673 6.99118
      vertex -6.99619 2.44628 7.16284
      vertex -6.93969 2.44986 6.90798
    endloop
  endfacet
  facet normal -0.824638 0.537817 -0.175287
    outer loop
      vertex -6.99619 2.44628 7.16284
      vertex -6.96593 2.43673 6.99118
      vertex -6.98481 2.43554 7.07635
    endloop
  endfacet
  facet normal -0.954962 -0.216442 -0.202981
    outer loop
      vertex -6.67455 3.38368 6.51306
      vertex -6.92429 3.43882 7.62921
      vertex -6.69007 3.43882 6.52728
    endloop
  endfacet
  facet normal -0.954964 -0.216432 -0.202982
    outer loop
      vertex -6.92429 3.43882 7.62921
      vertex -6.67455 3.38368 6.51306
      vertex -6.91453 3.37366 7.65277
    endloop
  endfacet
  facet normal -0.903692 -0.38268 -0.192085
    outer loop
      vertex -6.76604 3.6022 6.60721
      vertex -6.96933 3.63742 7.49345
      vertex -6.78667 3.63742 6.6341
    endloop
  endfacet
  facet normal -0.903695 -0.382672 -0.192086
    outer loop
      vertex -6.73158 3.5397 6.5696
      vertex -6.96933 3.63742 7.49345
      vertex -6.76604 3.6022 6.60721
    endloop
  endfacet
  facet normal -0.903808 -0.382376 -0.192147
    outer loop
      vertex -6.96933 3.63742 7.49345
      vertex -6.73158 3.5397 6.5696
      vertex -6.96593 3.62166 7.50882
    endloop
  endfacet
  facet normal -0.90366 -0.382759 -0.192076
    outer loop
      vertex -6.96593 3.62166 7.50882
      vertex -6.73158 3.5397 6.5696
      vertex -6.94519 3.5397 7.57457
    endloop
  endfacet
  facet normal -0.867647 -0.461708 -0.184431
    outer loop
      vertex -6.78667 3.63742 6.6341
      vertex -6.98493 3.69498 7.42271
      vertex -6.82517 3.68909 6.68587
    endloop
  endfacet
  facet normal -0.867531 -0.462127 -0.183926
    outer loop
      vertex -6.78667 3.63742 6.6341
      vertex -6.82517 3.68909 6.68587
      vertex -6.81915 3.68155 6.67642
    endloop
  endfacet
  facet normal -0.86761 -0.461784 -0.184416
    outer loop
      vertex -6.96933 3.63742 7.49345
      vertex -6.98493 3.69498 7.42271
      vertex -6.78667 3.63742 6.6341
    endloop
  endfacet
  facet normal -0.868876 -0.460067 -0.182739
    outer loop
      vertex -6.98493 3.69498 7.42271
      vertex -6.96933 3.63742 7.49345
      vertex -6.98481 3.69438 7.42365
    endloop
  endfacet
  facet normal -0.903717 0.382618 -0.192093
    outer loop
      vertex -6.96933 2.61257 7.49345
      vertex -6.73158 2.7103 6.5696
      vertex -6.76604 2.64779 6.60721
    endloop
  endfacet
  facet normal -0.90366 0.382759 -0.192076
    outer loop
      vertex -6.73158 2.7103 6.5696
      vertex -6.96593 2.62834 7.50882
      vertex -6.94519 2.7103 7.57457
    endloop
  endfacet
  facet normal -0.903692 0.38268 -0.192085
    outer loop
      vertex -6.96933 2.61257 7.49345
      vertex -6.76604 2.64779 6.60721
      vertex -6.78667 2.61257 6.6341
    endloop
  endfacet
  facet normal -0.903882 0.382183 -0.192182
    outer loop
      vertex -6.73158 2.7103 6.5696
      vertex -6.96933 2.61257 7.49345
      vertex -6.96593 2.62834 7.50882
    endloop
  endfacet
  facet normal -0.954956 -0.216468 -0.202981
    outer loop
      vertex -6.661 3.33555 6.50064
      vertex -6.91453 3.37366 7.65277
      vertex -6.67455 3.38368 6.51306
    endloop
  endfacet
  facet normal -0.954954 -0.216475 -0.20298
    outer loop
      vertex -6.91453 3.37366 7.65277
      vertex -6.661 3.33555 6.50064
      vertex -6.90882 3.33555 7.66655
    endloop
  endfacet
  facet normal -0.93289 -0.300661 -0.198289
    outer loop
      vertex -6.70711 3.48139 6.54289
      vertex -6.94519 3.5397 7.57457
      vertex -6.73158 3.5397 6.5696
    endloop
  endfacet
  facet normal -0.932877 -0.300705 -0.198284
    outer loop
      vertex -6.69007 3.43882 6.52728
      vertex -6.94519 3.5397 7.57457
      vertex -6.70711 3.48139 6.54289
    endloop
  endfacet
  facet normal -0.93288 -0.300697 -0.198285
    outer loop
      vertex -6.94519 3.5397 7.57457
      vertex -6.69007 3.43882 6.52728
      vertex -6.93969 3.51113 7.59202
    endloop
  endfacet
  facet normal -0.93289 -0.300662 -0.19829
    outer loop
      vertex -6.93969 3.51113 7.59202
      vertex -6.69007 3.43882 6.52728
      vertex -6.92429 3.43882 7.62921
    endloop
  endfacet
  facet normal -0.824638 -0.537817 -0.175287
    outer loop
      vertex -6.96593 3.81327 6.99118
      vertex -6.99619 3.80372 7.16284
      vertex -6.98481 3.81446 7.07635
    endloop
  endfacet
  facet normal -0.824813 -0.537543 -0.175302
    outer loop
      vertex -6.93969 3.80014 6.90798
      vertex -6.99619 3.80372 7.16284
      vertex -6.96593 3.81327 6.99118
    endloop
  endfacet
  facet normal -0.824908 -0.537389 -0.175326
    outer loop
      vertex -6.90089 3.77027 6.81698
      vertex -6.99619 3.80372 7.16284
      vertex -6.93969 3.80014 6.90798
    endloop
  endfacet
  facet normal -0.823945 -0.53919 -0.174324
    outer loop
      vertex -6.90089 3.77027 6.81698
      vertex -6.93969 3.80014 6.90798
      vertex -6.90631 3.77519 6.82738
    endloop
  endfacet
  facet normal -0.825013 -0.537214 -0.175371
    outer loop
      vertex -6.9984 3.7667 7.28664
      vertex -6.99619 3.80372 7.16284
      vertex -6.90089 3.77027 6.81698
    endloop
  endfacet
  facet normal -0.825154 -0.537015 -0.175314
    outer loop
      vertex -6.99619 3.80372 7.16284
      vertex -6.9984 3.7667 7.28664
      vertex -7 3.78112 7.25
    endloop
  endfacet
  facet normal -0.867568 0.461869 -0.184398
    outer loop
      vertex -6.99231 2.51875 7.36664
      vertex -6.82517 2.56091 6.68587
      vertex -6.85885 2.51875 6.73873
    endloop
  endfacet
  facet normal -0.867667 0.461667 -0.184435
    outer loop
      vertex -6.82517 2.56091 6.68587
      vertex -6.99231 2.51875 7.36664
      vertex -6.98493 2.55502 7.42271
    endloop
  endfacet
  facet normal -0.954954 0.216475 -0.20298
    outer loop
      vertex -6.661 2.91445 6.50064
      vertex -6.91453 2.87634 7.65277
      vertex -6.90882 2.91445 7.66655
    endloop
  endfacet
  facet normal -0.954956 0.216468 -0.202981
    outer loop
      vertex -6.91453 2.87634 7.65277
      vertex -6.661 2.91445 6.50064
      vertex -6.67455 2.86632 6.51306
    endloop
  endfacet
  facet normal -0.954962 0.216442 -0.202981
    outer loop
      vertex -6.92429 2.81118 7.62921
      vertex -6.67455 2.86632 6.51306
      vertex -6.69007 2.81118 6.52728
    endloop
  endfacet
  facet normal -0.954964 0.216432 -0.202982
    outer loop
      vertex -6.67455 2.86632 6.51306
      vertex -6.92429 2.81118 7.62921
      vertex -6.91453 2.87634 7.65277
    endloop
  endfacet
  facet normal -0.977217 0.0436044 -0.207716
    outer loop
      vertex -6.89776 3.05804 7.68904
      vertex -6.63781 3.125 6.48014
      vertex -6.6408 3.0689 6.48243
    endloop
  endfacet
  facet normal -0.977217 0.0435959 -0.207716
    outer loop
      vertex -6.63781 3.125 6.48014
      vertex -6.89776 3.05804 7.68904
      vertex -6.89564 3.125 7.69312
    endloop
  endfacet
  facet normal -0.867409 0.462508 -0.183544
    outer loop
      vertex -6.82517 2.56091 6.68587
      vertex -6.78667 2.61257 6.6341
      vertex -6.81915 2.56845 6.67642
    endloop
  endfacet
  facet normal -0.867611 0.461779 -0.184422
    outer loop
      vertex -6.78667 2.61257 6.6341
      vertex -6.82517 2.56091 6.68587
      vertex -6.98493 2.55502 7.42271
    endloop
  endfacet
  facet normal -0.867578 0.461847 -0.184409
    outer loop
      vertex -6.78667 2.61257 6.6341
      vertex -6.98493 2.55502 7.42271
      vertex -6.96933 2.61257 7.49345
    endloop
  endfacet
  facet normal -0.86869 0.460339 -0.182937
    outer loop
      vertex -6.96933 2.61257 7.49345
      vertex -6.98493 2.55502 7.42271
      vertex -6.98481 2.55562 7.42365
    endloop
  endfacet
  facet normal -0.977214 0.0436622 -0.207715
    outer loop
      vertex -6.64279 3.03164 6.48396
      vertex -6.89776 3.05804 7.68904
      vertex -6.6408 3.0689 6.48243
    endloop
  endfacet
  facet normal -0.977223 0.0434847 -0.20771
    outer loop
      vertex -6.89898 3.01932 7.68669
      vertex -6.64279 3.03164 6.48396
      vertex -6.64347 3.01932 6.48458
    endloop
  endfacet
  facet normal -0.977227 0.0433972 -0.207712
    outer loop
      vertex -6.64279 3.03164 6.48396
      vertex -6.89898 3.01932 7.68669
      vertex -6.89776 3.05804 7.68904
    endloop
  endfacet
  facet normal -0.977223 -0.0434847 -0.20771
    outer loop
      vertex -6.64279 6.34336 6.48396
      vertex -6.89898 6.35568 7.68669
      vertex -6.64347 6.35568 6.48458
    endloop
  endfacet
  facet normal -0.977227 -0.0433972 -0.207712
    outer loop
      vertex -6.64279 6.34336 6.48396
      vertex -6.89776 6.31696 7.68904
      vertex -6.89898 6.35568 7.68669
    endloop
  endfacet
  facet normal -0.977214 -0.0436622 -0.207715
    outer loop
      vertex -6.89776 6.31696 7.68904
      vertex -6.64279 6.34336 6.48396
      vertex -6.6408 6.3061 6.48243
    endloop
  endfacet
  facet normal -0.977217 -0.0436044 -0.207716
    outer loop
      vertex -6.63781 6.25 6.48014
      vertex -6.89776 6.31696 7.68904
      vertex -6.6408 6.3061 6.48243
    endloop
  endfacet
  facet normal -0.977217 -0.0435959 -0.207716
    outer loop
      vertex -6.89776 6.31696 7.68904
      vertex -6.63781 6.25 6.48014
      vertex -6.89564 6.25 7.69312
    endloop
  endfacet
  facet normal -0.977214 0.0436622 -0.207715
    outer loop
      vertex -6.64279 6.15664 6.48396
      vertex -6.89776 6.18304 7.68904
      vertex -6.6408 6.1939 6.48243
    endloop
  endfacet
  facet normal -0.977223 0.0434847 -0.20771
    outer loop
      vertex -6.89898 6.14432 7.68669
      vertex -6.64279 6.15664 6.48396
      vertex -6.64347 6.14432 6.48458
    endloop
  endfacet
  facet normal -0.977227 0.0433972 -0.207712
    outer loop
      vertex -6.64279 6.15664 6.48396
      vertex -6.89898 6.14432 7.68669
      vertex -6.89776 6.18304 7.68904
    endloop
  endfacet
  facet normal -0.825028 -0.53719 -0.175374
    outer loop
      vertex -6.85885 6.85625 6.73873
      vertex -6.9984 6.8917 7.28664
      vertex -6.90089 6.89527 6.81698
    endloop
  endfacet
  facet normal -0.825887 -0.535427 -0.176715
    outer loop
      vertex -6.85885 6.85625 6.73873
      vertex -6.90089 6.89527 6.81698
      vertex -6.86602 6.86359 6.75
    endloop
  endfacet
  facet normal -0.824911 -0.537384 -0.175332
    outer loop
      vertex -6.99231 6.85625 7.36664
      vertex -6.9984 6.8917 7.28664
      vertex -6.85885 6.85625 6.73873
    endloop
  endfacet
  facet normal -0.825516 -0.536584 -0.174931
    outer loop
      vertex -6.9984 6.8917 7.28664
      vertex -6.99231 6.85625 7.36664
      vertex -6.99619 6.87183 7.33716
    endloop
  endfacet
  facet normal -0.825887 0.535427 -0.176715
    outer loop
      vertex -6.90089 5.60473 6.81698
      vertex -6.85885 5.64375 6.73873
      vertex -6.86602 5.63641 6.75
    endloop
  endfacet
  facet normal -0.824911 0.537384 -0.175332
    outer loop
      vertex -6.85885 5.64375 6.73873
      vertex -6.9984 5.6083 7.28664
      vertex -6.99231 5.64375 7.36664
    endloop
  endfacet
  facet normal -0.825516 0.536584 -0.174931
    outer loop
      vertex -6.99231 5.64375 7.36664
      vertex -6.9984 5.6083 7.28664
      vertex -6.99619 5.62817 7.33716
    endloop
  endfacet
  facet normal -0.825028 0.53719 -0.175374
    outer loop
      vertex -6.85885 5.64375 6.73873
      vertex -6.90089 5.60473 6.81698
      vertex -6.9984 5.6083 7.28664
    endloop
  endfacet
  facet normal -0.867568 -0.461869 -0.184398
    outer loop
      vertex -6.82517 6.81409 6.68587
      vertex -6.99231 6.85625 7.36664
      vertex -6.85885 6.85625 6.73873
    endloop
  endfacet
  facet normal -0.867667 -0.461667 -0.184435
    outer loop
      vertex -6.99231 6.85625 7.36664
      vertex -6.82517 6.81409 6.68587
      vertex -6.98493 6.81998 7.42271
    endloop
  endfacet
  facet normal -0.969789 -0.130457 -0.206133
    outer loop
      vertex -6.661 6.46055 6.50064
      vertex -6.90631 6.4323 7.67262
      vertex -6.90882 6.46055 7.66655
    endloop
  endfacet
  facet normal -0.969778 -0.13054 -0.206133
    outer loop
      vertex -6.64347 6.35568 6.48458
      vertex -6.90631 6.4323 7.67262
      vertex -6.661 6.46055 6.50064
    endloop
  endfacet
  facet normal -0.969768 -0.130626 -0.206125
    outer loop
      vertex -6.90631 6.4323 7.67262
      vertex -6.64347 6.35568 6.48458
      vertex -6.89898 6.35568 7.68669
    endloop
  endfacet
  facet normal -0.969768 0.130626 -0.206125
    outer loop
      vertex -6.64347 6.14432 6.48458
      vertex -6.90631 6.0677 7.67262
      vertex -6.89898 6.14432 7.68669
    endloop
  endfacet
  facet normal -0.969778 0.13054 -0.206133
    outer loop
      vertex -6.661 6.03945 6.50064
      vertex -6.90631 6.0677 7.67262
      vertex -6.64347 6.14432 6.48458
    endloop
  endfacet
  facet normal -0.969789 0.130457 -0.206133
    outer loop
      vertex -6.90631 6.0677 7.67262
      vertex -6.661 6.03945 6.50064
      vertex -6.90882 6.03945 7.66655
    endloop
  endfacet
  facet normal -0.932877 0.300705 -0.198284
    outer loop
      vertex -6.94519 5.8353 7.57457
      vertex -6.69007 5.93618 6.52728
      vertex -6.70711 5.89361 6.54289
    endloop
  endfacet
  facet normal -0.93289 0.300662 -0.19829
    outer loop
      vertex -6.69007 5.93618 6.52728
      vertex -6.93969 5.86387 7.59202
      vertex -6.92429 5.93618 7.62921
    endloop
  endfacet
  facet normal -0.93289 0.300661 -0.198289
    outer loop
      vertex -6.94519 5.8353 7.57457
      vertex -6.70711 5.89361 6.54289
      vertex -6.73158 5.8353 6.5696
    endloop
  endfacet
  facet normal -0.93288 0.300697 -0.198285
    outer loop
      vertex -6.69007 5.93618 6.52728
      vertex -6.94519 5.8353 7.57457
      vertex -6.93969 5.86387 7.59202
    endloop
  endfacet
  facet normal -0.823945 0.53919 -0.174324
    outer loop
      vertex -6.93969 5.57486 6.90798
      vertex -6.90089 5.60473 6.81698
      vertex -6.90631 5.59981 6.82738
    endloop
  endfacet
  facet normal -0.825013 0.537214 -0.175371
    outer loop
      vertex -6.90089 5.60473 6.81698
      vertex -6.99619 5.57128 7.16284
      vertex -6.9984 5.6083 7.28664
    endloop
  endfacet
  facet normal -0.824908 0.537389 -0.175326
    outer loop
      vertex -6.90089 5.60473 6.81698
      vertex -6.93969 5.57486 6.90798
      vertex -6.99619 5.57128 7.16284
    endloop
  endfacet
  facet normal -0.825154 0.537015 -0.175314
    outer loop
      vertex -6.9984 5.6083 7.28664
      vertex -6.99619 5.57128 7.16284
      vertex -7 5.59388 7.25
    endloop
  endfacet
  facet normal -0.824813 0.537543 -0.175302
    outer loop
      vertex -6.96593 5.56173 6.99118
      vertex -6.99619 5.57128 7.16284
      vertex -6.93969 5.57486 6.90798
    endloop
  endfacet
  facet normal -0.824638 0.537817 -0.175287
    outer loop
      vertex -6.99619 5.57128 7.16284
      vertex -6.96593 5.56173 6.99118
      vertex -6.98481 5.56054 7.07635
    endloop
  endfacet
  facet normal -0.954962 -0.216442 -0.202981
    outer loop
      vertex -6.67455 6.50868 6.51306
      vertex -6.92429 6.56382 7.62921
      vertex -6.69007 6.56382 6.52728
    endloop
  endfacet
  facet normal -0.954964 -0.216432 -0.202982
    outer loop
      vertex -6.92429 6.56382 7.62921
      vertex -6.67455 6.50868 6.51306
      vertex -6.91453 6.49866 7.65277
    endloop
  endfacet
  facet normal -0.903692 -0.38268 -0.192085
    outer loop
      vertex -6.76604 6.7272 6.60721
      vertex -6.96933 6.76242 7.49345
      vertex -6.78667 6.76242 6.6341
    endloop
  endfacet
  facet normal -0.903695 -0.382672 -0.192086
    outer loop
      vertex -6.73158 6.6647 6.5696
      vertex -6.96933 6.76242 7.49345
      vertex -6.76604 6.7272 6.60721
    endloop
  endfacet
  facet normal -0.903808 -0.382376 -0.192147
    outer loop
      vertex -6.96933 6.76242 7.49345
      vertex -6.73158 6.6647 6.5696
      vertex -6.96593 6.74666 7.50882
    endloop
  endfacet
  facet normal -0.90366 -0.382759 -0.192076
    outer loop
      vertex -6.96593 6.74666 7.50882
      vertex -6.73158 6.6647 6.5696
      vertex -6.94519 6.6647 7.57457
    endloop
  endfacet
  facet normal -0.867647 -0.461708 -0.184431
    outer loop
      vertex -6.78667 6.76242 6.6341
      vertex -6.98493 6.81998 7.42271
      vertex -6.82517 6.81409 6.68587
    endloop
  endfacet
  facet normal -0.867531 -0.462127 -0.183926
    outer loop
      vertex -6.78667 6.76242 6.6341
      vertex -6.82517 6.81409 6.68587
      vertex -6.81915 6.80655 6.67642
    endloop
  endfacet
  facet normal -0.86761 -0.461784 -0.184416
    outer loop
      vertex -6.96933 6.76242 7.49345
      vertex -6.98493 6.81998 7.42271
      vertex -6.78667 6.76242 6.6341
    endloop
  endfacet
  facet normal -0.868876 -0.460067 -0.182739
    outer loop
      vertex -6.98493 6.81998 7.42271
      vertex -6.96933 6.76242 7.49345
      vertex -6.98481 6.81938 7.42365
    endloop
  endfacet
  facet normal -0.903717 0.382618 -0.192093
    outer loop
      vertex -6.96933 5.73757 7.49345
      vertex -6.73158 5.8353 6.5696
      vertex -6.76604 5.77279 6.60721
    endloop
  endfacet
  facet normal -0.90366 0.382759 -0.192076
    outer loop
      vertex -6.73158 5.8353 6.5696
      vertex -6.96593 5.75334 7.50882
      vertex -6.94519 5.8353 7.57457
    endloop
  endfacet
  facet normal -0.903692 0.38268 -0.192085
    outer loop
      vertex -6.96933 5.73757 7.49345
      vertex -6.76604 5.77279 6.60721
      vertex -6.78667 5.73757 6.6341
    endloop
  endfacet
  facet normal -0.903882 0.382183 -0.192182
    outer loop
      vertex -6.73158 5.8353 6.5696
      vertex -6.96933 5.73757 7.49345
      vertex -6.96593 5.75334 7.50882
    endloop
  endfacet
  facet normal -0.954956 -0.216468 -0.202981
    outer loop
      vertex -6.661 6.46055 6.50064
      vertex -6.91453 6.49866 7.65277
      vertex -6.67455 6.50868 6.51306
    endloop
  endfacet
  facet normal -0.954954 -0.216475 -0.20298
    outer loop
      vertex -6.91453 6.49866 7.65277
      vertex -6.661 6.46055 6.50064
      vertex -6.90882 6.46055 7.66655
    endloop
  endfacet
  facet normal -0.93289 -0.300661 -0.198289
    outer loop
      vertex -6.70711 6.60639 6.54289
      vertex -6.94519 6.6647 7.57457
      vertex -6.73158 6.6647 6.5696
    endloop
  endfacet
  facet normal -0.932877 -0.300705 -0.198284
    outer loop
      vertex -6.69007 6.56382 6.52728
      vertex -6.94519 6.6647 7.57457
      vertex -6.70711 6.60639 6.54289
    endloop
  endfacet
  facet normal -0.93288 -0.300697 -0.198285
    outer loop
      vertex -6.94519 6.6647 7.57457
      vertex -6.69007 6.56382 6.52728
      vertex -6.93969 6.63613 7.59202
    endloop
  endfacet
  facet normal -0.93289 -0.300662 -0.19829
    outer loop
      vertex -6.93969 6.63613 7.59202
      vertex -6.69007 6.56382 6.52728
      vertex -6.92429 6.56382 7.62921
    endloop
  endfacet
  facet normal -0.824638 -0.537817 -0.175287
    outer loop
      vertex -6.96593 6.93827 6.99118
      vertex -6.99619 6.92872 7.16284
      vertex -6.98481 6.93946 7.07635
    endloop
  endfacet
  facet normal -0.824813 -0.537543 -0.175302
    outer loop
      vertex -6.93969 6.92514 6.90798
      vertex -6.99619 6.92872 7.16284
      vertex -6.96593 6.93827 6.99118
    endloop
  endfacet
  facet normal -0.824908 -0.537389 -0.175326
    outer loop
      vertex -6.90089 6.89527 6.81698
      vertex -6.99619 6.92872 7.16284
      vertex -6.93969 6.92514 6.90798
    endloop
  endfacet
  facet normal -0.823945 -0.53919 -0.174324
    outer loop
      vertex -6.90089 6.89527 6.81698
      vertex -6.93969 6.92514 6.90798
      vertex -6.90631 6.90019 6.82738
    endloop
  endfacet
  facet normal -0.825013 -0.537214 -0.175371
    outer loop
      vertex -6.9984 6.8917 7.28664
      vertex -6.99619 6.92872 7.16284
      vertex -6.90089 6.89527 6.81698
    endloop
  endfacet
  facet normal -0.825154 -0.537015 -0.175314
    outer loop
      vertex -6.99619 6.92872 7.16284
      vertex -6.9984 6.8917 7.28664
      vertex -7 6.90612 7.25
    endloop
  endfacet
  facet normal -0.867568 0.461869 -0.184398
    outer loop
      vertex -6.99231 5.64375 7.36664
      vertex -6.82517 5.68591 6.68587
      vertex -6.85885 5.64375 6.73873
    endloop
  endfacet
  facet normal -0.867667 0.461667 -0.184435
    outer loop
      vertex -6.82517 5.68591 6.68587
      vertex -6.99231 5.64375 7.36664
      vertex -6.98493 5.68002 7.42271
    endloop
  endfacet
  facet normal -0.954954 0.216475 -0.20298
    outer loop
      vertex -6.661 6.03945 6.50064
      vertex -6.91453 6.00134 7.65277
      vertex -6.90882 6.03945 7.66655
    endloop
  endfacet
  facet normal -0.954956 0.216468 -0.202981
    outer loop
      vertex -6.91453 6.00134 7.65277
      vertex -6.661 6.03945 6.50064
      vertex -6.67455 5.99132 6.51306
    endloop
  endfacet
  facet normal -0.977217 0.0436044 -0.207716
    outer loop
      vertex -6.89776 6.18304 7.68904
      vertex -6.63781 6.25 6.48014
      vertex -6.6408 6.1939 6.48243
    endloop
  endfacet
  facet normal -0.977217 0.0435959 -0.207716
    outer loop
      vertex -6.63781 6.25 6.48014
      vertex -6.89776 6.18304 7.68904
      vertex -6.89564 6.25 7.69312
    endloop
  endfacet
  facet normal -0.954962 0.216442 -0.202981
    outer loop
      vertex -6.92429 5.93618 7.62921
      vertex -6.67455 5.99132 6.51306
      vertex -6.69007 5.93618 6.52728
    endloop
  endfacet
  facet normal -0.954964 0.216432 -0.202982
    outer loop
      vertex -6.67455 5.99132 6.51306
      vertex -6.92429 5.93618 7.62921
      vertex -6.91453 6.00134 7.65277
    endloop
  endfacet
  facet normal -0.867409 0.462508 -0.183544
    outer loop
      vertex -6.82517 5.68591 6.68587
      vertex -6.78667 5.73757 6.6341
      vertex -6.81915 5.69345 6.67642
    endloop
  endfacet
  facet normal -0.867611 0.461779 -0.184422
    outer loop
      vertex -6.78667 5.73757 6.6341
      vertex -6.82517 5.68591 6.68587
      vertex -6.98493 5.68002 7.42271
    endloop
  endfacet
  facet normal -0.867578 0.461847 -0.184409
    outer loop
      vertex -6.78667 5.73757 6.6341
      vertex -6.98493 5.68002 7.42271
      vertex -6.96933 5.73757 7.49345
    endloop
  endfacet
  facet normal -0.86869 0.460339 -0.182937
    outer loop
      vertex -6.96933 5.73757 7.49345
      vertex -6.98493 5.68002 7.42271
      vertex -6.98481 5.68062 7.42365
    endloop
  endfacet
  facet normal 0.999046 -0 0.043671
    outer loop
      vertex -5.00381 -9 7.33716
      vertex -5 9 7.25
      vertex -5.00381 9 7.33716
    endloop
  endfacet
  facet normal 0.999046 0 0.043671
    outer loop
      vertex -5 9 7.25
      vertex -5.00381 -9 7.33716
      vertex -5 -9 7.25
    endloop
  endfacet
  facet normal 0.991455 -0 0.130452
    outer loop
      vertex -5.01519 -9 7.42365
      vertex -5.00381 9 7.33716
      vertex -5.01519 9 7.42365
    endloop
  endfacet
  facet normal 0.991455 0 0.130452
    outer loop
      vertex -5.00381 9 7.33716
      vertex -5.01519 -9 7.42365
      vertex -5.00381 -9 7.33716
    endloop
  endfacet
  facet normal -0.999048 -1.82445e-06 0.0436273
    outer loop
      vertex -6.99619 -9 7.33716
      vertex -6.9984 -6.8917 7.28664
      vertex -7 -6.90612 7.25
    endloop
  endfacet
  facet normal -0.999046 0 0.043671
    outer loop
      vertex -6.99619 -9 7.33716
      vertex -7 -6.90612 7.25
      vertex -7 -9 7.25
    endloop
  endfacet
  facet normal -0.999045 0 0.0437033
    outer loop
      vertex -6.9984 -6.8917 7.28664
      vertex -6.99619 -9 7.33716
      vertex -6.99619 -6.87183 7.33716
    endloop
  endfacet
  facet normal -0.999046 0 0.043671
    outer loop
      vertex -7 6.90612 7.25
      vertex -6.99619 9 7.33716
      vertex -7 9 7.25
    endloop
  endfacet
  facet normal -0.999048 1.82445e-06 0.0436273
    outer loop
      vertex -6.9984 6.8917 7.28664
      vertex -6.99619 9 7.33716
      vertex -7 6.90612 7.25
    endloop
  endfacet
  facet normal -0.999045 0 0.0437033
    outer loop
      vertex -6.99619 9 7.33716
      vertex -6.9984 6.8917 7.28664
      vertex -6.99619 6.87183 7.33716
    endloop
  endfacet
  facet normal -0.999048 0 0.0436265
    outer loop
      vertex -6.9984 -5.6083 7.28664
      vertex -6.9984 -3.7667 7.28664
      vertex -7 -3.78112 7.25
    endloop
  endfacet
  facet normal -0.999048 0 0.0436265
    outer loop
      vertex -6.9984 -5.6083 7.28664
      vertex -7 -3.78112 7.25
      vertex -7 -5.59388 7.25
    endloop
  endfacet
  facet normal -0.999045 0 0.0437033
    outer loop
      vertex -6.9984 -3.7667 7.28664
      vertex -6.9984 -5.6083 7.28664
      vertex -6.99619 -3.74683 7.33716
    endloop
  endfacet
  facet normal -0.999045 0 0.0437033
    outer loop
      vertex -6.99619 -3.74683 7.33716
      vertex -6.9984 -5.6083 7.28664
      vertex -6.99619 -5.62817 7.33716
    endloop
  endfacet
  facet normal -0.999048 0 0.0436265
    outer loop
      vertex -6.9984 -2.4833 7.28664
      vertex -6.9984 -0.641704 7.28664
      vertex -7 -0.656119 7.25
    endloop
  endfacet
  facet normal -0.999048 0 0.0436265
    outer loop
      vertex -6.9984 -2.4833 7.28664
      vertex -7 -0.656119 7.25
      vertex -7 -2.46888 7.25
    endloop
  endfacet
  facet normal -0.999045 0 0.0437033
    outer loop
      vertex -6.9984 -0.641704 7.28664
      vertex -6.9984 -2.4833 7.28664
      vertex -6.99619 -0.621831 7.33716
    endloop
  endfacet
  facet normal -0.999045 0 0.0437033
    outer loop
      vertex -6.99619 -0.621831 7.33716
      vertex -6.9984 -2.4833 7.28664
      vertex -6.99619 -2.50317 7.33716
    endloop
  endfacet
  facet normal -0.999048 0 0.0436265
    outer loop
      vertex -6.9984 0.641704 7.28664
      vertex -6.9984 2.4833 7.28664
      vertex -7 2.46888 7.25
    endloop
  endfacet
  facet normal -0.999048 0 0.0436265
    outer loop
      vertex -6.9984 0.641704 7.28664
      vertex -7 2.46888 7.25
      vertex -7 0.656119 7.25
    endloop
  endfacet
  facet normal -0.999045 0 0.0437033
    outer loop
      vertex -6.9984 2.4833 7.28664
      vertex -6.9984 0.641704 7.28664
      vertex -6.99619 2.50317 7.33716
    endloop
  endfacet
  facet normal -0.999045 0 0.0437033
    outer loop
      vertex -6.99619 2.50317 7.33716
      vertex -6.9984 0.641704 7.28664
      vertex -6.99619 0.621831 7.33716
    endloop
  endfacet
  facet normal -0.999048 0 0.0436265
    outer loop
      vertex -6.9984 3.7667 7.28664
      vertex -6.9984 5.6083 7.28664
      vertex -7 5.59388 7.25
    endloop
  endfacet
  facet normal -0.999048 0 0.0436265
    outer loop
      vertex -6.9984 3.7667 7.28664
      vertex -7 5.59388 7.25
      vertex -7 3.78112 7.25
    endloop
  endfacet
  facet normal -0.999045 0 0.0437033
    outer loop
      vertex -6.9984 5.6083 7.28664
      vertex -6.9984 3.7667 7.28664
      vertex -6.99619 5.62817 7.33716
    endloop
  endfacet
  facet normal -0.999045 0 0.0437033
    outer loop
      vertex -6.99619 5.62817 7.33716
      vertex -6.9984 3.7667 7.28664
      vertex -6.99619 3.74683 7.33716
    endloop
  endfacet
  facet normal 0.043671 0 0.999046
    outer loop
      vertex -6 9 8.25
      vertex -5.91284 -9 8.24619
      vertex -5.91284 9 8.24619
    endloop
  endfacet
  facet normal 0.043671 0 0.999046
    outer loop
      vertex -5.91284 -9 8.24619
      vertex -6 9 8.25
      vertex -6 -9 8.25
    endloop
  endfacet
  facet normal 0.737325 -0 0.675538
    outer loop
      vertex -5.29289 -9 7.95711
      vertex -5.23396 9 7.89279
      vertex -5.29289 9 7.95711
    endloop
  endfacet
  facet normal 0.737325 0 0.675538
    outer loop
      vertex -5.23396 9 7.89279
      vertex -5.29289 -9 7.95711
      vertex -5.23396 -9 7.89279
    endloop
  endfacet
  facet normal -0.675538 0 0.737325
    outer loop
      vertex -6.70711 9 7.95711
      vertex -6.64279 -9 8.01604
      vertex -6.64279 9 8.01604
    endloop
  endfacet
  facet normal -0.675538 0 0.737325
    outer loop
      vertex -6.64279 -9 8.01604
      vertex -6.70711 9 7.95711
      vertex -6.70711 -9 7.95711
    endloop
  endfacet
  facet normal 0.043671 0 -0.999046
    outer loop
      vertex -6 -9 6.25
      vertex -5.91284 9 6.25381
      vertex -5.91284 -9 6.25381
    endloop
  endfacet
  facet normal 0.043671 0 -0.999046
    outer loop
      vertex -5.91284 9 6.25381
      vertex -6 -9 6.25
      vertex -6 9 6.25
    endloop
  endfacet
  facet normal 0.923902 -0 0.382629
    outer loop
      vertex -5.09369 -9 7.67262
      vertex -5.06031 9 7.59202
      vertex -5.09369 9 7.67262
    endloop
  endfacet
  facet normal 0.923902 0 0.382629
    outer loop
      vertex -5.06031 9 7.59202
      vertex -5.09369 -9 7.67262
      vertex -5.06031 -9 7.59202
    endloop
  endfacet
  facet normal 0.537254 0 0.843421
    outer loop
      vertex -5.5 9 8.11602
      vertex -5.42642 -9 8.06915
      vertex -5.42642 9 8.06915
    endloop
  endfacet
  facet normal 0.537254 0 0.843421
    outer loop
      vertex -5.42642 -9 8.06915
      vertex -5.5 9 8.11602
      vertex -5.5 -9 8.11602
    endloop
  endfacet
  facet normal -0.923902 0 0.382629
    outer loop
      vertex -6.93969 6.63613 7.59202
      vertex -6.90631 9 7.67262
      vertex -6.93969 9 7.59202
    endloop
  endfacet
  facet normal -0.923919 1.59866e-06 0.382588
    outer loop
      vertex -6.92429 6.56382 7.62921
      vertex -6.90631 9 7.67262
      vertex -6.93969 6.63613 7.59202
    endloop
  endfacet
  facet normal -0.923865 -1.11677e-06 0.382719
    outer loop
      vertex -6.91453 6.49866 7.65277
      vertex -6.90631 9 7.67262
      vertex -6.92429 6.56382 7.62921
    endloop
  endfacet
  facet normal -0.923831 -1.88569e-06 0.382801
    outer loop
      vertex -6.90882 6.46055 7.66655
      vertex -6.90631 9 7.67262
      vertex -6.91453 6.49866 7.65277
    endloop
  endfacet
  facet normal -0.92411 0 0.382128
    outer loop
      vertex -6.90631 9 7.67262
      vertex -6.90882 6.46055 7.66655
      vertex -6.90631 6.4323 7.67262
    endloop
  endfacet
  facet normal -0.923902 0 0.382629
    outer loop
      vertex -6.90631 -9 7.67262
      vertex -6.93969 -6.63613 7.59202
      vertex -6.93969 -9 7.59202
    endloop
  endfacet
  facet normal -0.923919 -1.59866e-06 0.382588
    outer loop
      vertex -6.93969 -6.63613 7.59202
      vertex -6.90631 -9 7.67262
      vertex -6.92429 -6.56382 7.62921
    endloop
  endfacet
  facet normal -0.923865 1.11677e-06 0.382719
    outer loop
      vertex -6.92429 -6.56382 7.62921
      vertex -6.90631 -9 7.67262
      vertex -6.91453 -6.49866 7.65277
    endloop
  endfacet
  facet normal -0.923831 1.88569e-06 0.382801
    outer loop
      vertex -6.91453 -6.49866 7.65277
      vertex -6.90631 -9 7.67262
      vertex -6.90882 -6.46055 7.66655
    endloop
  endfacet
  facet normal -0.92411 0 0.382128
    outer loop
      vertex -6.90882 -6.46055 7.66655
      vertex -6.90631 -9 7.67262
      vertex -6.90631 -6.4323 7.67262
    endloop
  endfacet
  facet normal -0.92392 0 0.382586
    outer loop
      vertex -6.93969 -5.86387 7.59202
      vertex -6.92429 -3.43882 7.62921
      vertex -6.93969 -3.51113 7.59202
    endloop
  endfacet
  facet normal -0.92392 0 0.382586
    outer loop
      vertex -6.92429 -5.93618 7.62921
      vertex -6.92429 -3.43882 7.62921
      vertex -6.93969 -5.86387 7.59202
    endloop
  endfacet
  facet normal -0.923864 0 0.382721
    outer loop
      vertex -6.92429 -3.43882 7.62921
      vertex -6.92429 -5.93618 7.62921
      vertex -6.91453 -3.37366 7.65277
    endloop
  endfacet
  facet normal -0.923864 0 0.382721
    outer loop
      vertex -6.91453 -6.00134 7.65277
      vertex -6.91453 -3.37366 7.65277
      vertex -6.92429 -5.93618 7.62921
    endloop
  endfacet
  facet normal -0.923829 0 0.382806
    outer loop
      vertex -6.91453 -3.37366 7.65277
      vertex -6.91453 -6.00134 7.65277
      vertex -6.90882 -3.33555 7.66655
    endloop
  endfacet
  facet normal -0.923829 0 0.382806
    outer loop
      vertex -6.90882 -6.03945 7.66655
      vertex -6.90882 -3.33555 7.66655
      vertex -6.91453 -6.00134 7.65277
    endloop
  endfacet
  facet normal -0.92411 0 0.382128
    outer loop
      vertex -6.90882 -3.33555 7.66655
      vertex -6.90882 -6.03945 7.66655
      vertex -6.90631 -3.3073 7.67262
    endloop
  endfacet
  facet normal -0.92411 0 0.382128
    outer loop
      vertex -6.90631 -3.3073 7.67262
      vertex -6.90882 -6.03945 7.66655
      vertex -6.90631 -6.0677 7.67262
    endloop
  endfacet
  facet normal -0.92392 0 0.382586
    outer loop
      vertex -6.93969 -2.73887 7.59202
      vertex -6.92429 -0.313818 7.62921
      vertex -6.93969 -0.386129 7.59202
    endloop
  endfacet
  facet normal -0.92392 0 0.382586
    outer loop
      vertex -6.92429 -2.81118 7.62921
      vertex -6.92429 -0.313818 7.62921
      vertex -6.93969 -2.73887 7.59202
    endloop
  endfacet
  facet normal -0.923864 0 0.382721
    outer loop
      vertex -6.92429 -0.313818 7.62921
      vertex -6.92429 -2.81118 7.62921
      vertex -6.91453 -0.248657 7.65277
    endloop
  endfacet
  facet normal -0.923864 0 0.382721
    outer loop
      vertex -6.91453 -2.87634 7.65277
      vertex -6.91453 -0.248657 7.65277
      vertex -6.92429 -2.81118 7.62921
    endloop
  endfacet
  facet normal -0.923829 0 0.382806
    outer loop
      vertex -6.91453 -0.248657 7.65277
      vertex -6.91453 -2.87634 7.65277
      vertex -6.90882 -0.210548 7.66655
    endloop
  endfacet
  facet normal -0.923829 0 0.382806
    outer loop
      vertex -6.90882 -2.91445 7.66655
      vertex -6.90882 -0.210548 7.66655
      vertex -6.91453 -2.87634 7.65277
    endloop
  endfacet
  facet normal -0.92411 0 0.382128
    outer loop
      vertex -6.90882 -0.210548 7.66655
      vertex -6.90882 -2.91445 7.66655
      vertex -6.90631 -0.182298 7.67262
    endloop
  endfacet
  facet normal -0.92411 0 0.382128
    outer loop
      vertex -6.90631 -0.182298 7.67262
      vertex -6.90882 -2.91445 7.66655
      vertex -6.90631 -2.9427 7.67262
    endloop
  endfacet
  facet normal -0.92392 0 0.382586
    outer loop
      vertex -6.93969 0.386129 7.59202
      vertex -6.92429 2.81118 7.62921
      vertex -6.93969 2.73887 7.59202
    endloop
  endfacet
  facet normal -0.92392 0 0.382586
    outer loop
      vertex -6.92429 0.313818 7.62921
      vertex -6.92429 2.81118 7.62921
      vertex -6.93969 0.386129 7.59202
    endloop
  endfacet
  facet normal -0.923864 0 0.382721
    outer loop
      vertex -6.92429 2.81118 7.62921
      vertex -6.92429 0.313818 7.62921
      vertex -6.91453 2.87634 7.65277
    endloop
  endfacet
  facet normal -0.923864 0 0.382721
    outer loop
      vertex -6.91453 0.248657 7.65277
      vertex -6.91453 2.87634 7.65277
      vertex -6.92429 0.313818 7.62921
    endloop
  endfacet
  facet normal -0.923829 0 0.382806
    outer loop
      vertex -6.91453 2.87634 7.65277
      vertex -6.91453 0.248657 7.65277
      vertex -6.90882 2.91445 7.66655
    endloop
  endfacet
  facet normal -0.923829 0 0.382806
    outer loop
      vertex -6.90882 0.210548 7.66655
      vertex -6.90882 2.91445 7.66655
      vertex -6.91453 0.248657 7.65277
    endloop
  endfacet
  facet normal -0.92411 0 0.382128
    outer loop
      vertex -6.90882 2.91445 7.66655
      vertex -6.90882 0.210548 7.66655
      vertex -6.90631 2.9427 7.67262
    endloop
  endfacet
  facet normal -0.92411 0 0.382128
    outer loop
      vertex -6.90631 2.9427 7.67262
      vertex -6.90882 0.210548 7.66655
      vertex -6.90631 0.182298 7.67262
    endloop
  endfacet
  facet normal -0.92392 0 0.382586
    outer loop
      vertex -6.93969 3.51113 7.59202
      vertex -6.92429 5.93618 7.62921
      vertex -6.93969 5.86387 7.59202
    endloop
  endfacet
  facet normal -0.92392 0 0.382586
    outer loop
      vertex -6.92429 3.43882 7.62921
      vertex -6.92429 5.93618 7.62921
      vertex -6.93969 3.51113 7.59202
    endloop
  endfacet
  facet normal -0.923864 0 0.382721
    outer loop
      vertex -6.92429 5.93618 7.62921
      vertex -6.92429 3.43882 7.62921
      vertex -6.91453 6.00134 7.65277
    endloop
  endfacet
  facet normal -0.923864 0 0.382721
    outer loop
      vertex -6.91453 3.37366 7.65277
      vertex -6.91453 6.00134 7.65277
      vertex -6.92429 3.43882 7.62921
    endloop
  endfacet
  facet normal -0.923829 0 0.382806
    outer loop
      vertex -6.91453 6.00134 7.65277
      vertex -6.91453 3.37366 7.65277
      vertex -6.90882 6.03945 7.66655
    endloop
  endfacet
  facet normal -0.923829 0 0.382806
    outer loop
      vertex -6.90882 3.33555 7.66655
      vertex -6.90882 6.03945 7.66655
      vertex -6.91453 3.37366 7.65277
    endloop
  endfacet
  facet normal -0.92411 0 0.382128
    outer loop
      vertex -6.90882 6.03945 7.66655
      vertex -6.90882 3.33555 7.66655
      vertex -6.90631 6.0677 7.67262
    endloop
  endfacet
  facet normal -0.92411 0 0.382128
    outer loop
      vertex -6.90631 6.0677 7.67262
      vertex -6.90882 3.33555 7.66655
      vertex -6.90631 3.3073 7.67262
    endloop
  endfacet
  facet normal -0.793335 0 0.608785
    outer loop
      vertex -6.81915 -9 7.82358
      vertex -6.76604 9 7.89279
      vertex -6.81915 9 7.82358
    endloop
  endfacet
  facet normal -0.793335 0 0.608785
    outer loop
      vertex -6.76604 9 7.89279
      vertex -6.81915 -9 7.82358
      vertex -6.76604 -9 7.89279
    endloop
  endfacet
  facet normal -0.130452 0 0.991455
    outer loop
      vertex -6.17365 9 8.23481
      vertex -6.08716 -9 8.24619
      vertex -6.08716 9 8.24619
    endloop
  endfacet
  facet normal -0.130452 0 0.991455
    outer loop
      vertex -6.08716 -9 8.24619
      vertex -6.17365 9 8.23481
      vertex -6.17365 -9 8.23481
    endloop
  endfacet
  facet normal -0.953693 0 -0.30078
    outer loop
      vertex -6.93969 9 6.90798
      vertex -6.96593 6.93827 6.99118
      vertex -6.96593 9 6.99118
    endloop
  endfacet
  facet normal -0.953693 0 -0.30078
    outer loop
      vertex -6.96593 6.93827 6.99118
      vertex -6.93969 9 6.90798
      vertex -6.93969 6.92514 6.90798
    endloop
  endfacet
  facet normal -0.953693 0 -0.30078
    outer loop
      vertex -6.93969 -9 6.90798
      vertex -6.96593 -6.93827 6.99118
      vertex -6.93969 -6.92514 6.90798
    endloop
  endfacet
  facet normal -0.953693 -0 -0.30078
    outer loop
      vertex -6.96593 -6.93827 6.99118
      vertex -6.93969 -9 6.90798
      vertex -6.96593 -9 6.99118
    endloop
  endfacet
  facet normal -0.953693 0 -0.30078
    outer loop
      vertex -6.93969 -3.80014 6.90798
      vertex -6.96593 -5.56173 6.99118
      vertex -6.96593 -3.81327 6.99118
    endloop
  endfacet
  facet normal -0.953693 0 -0.30078
    outer loop
      vertex -6.96593 -5.56173 6.99118
      vertex -6.93969 -3.80014 6.90798
      vertex -6.93969 -5.57486 6.90798
    endloop
  endfacet
  facet normal -0.953693 0 -0.30078
    outer loop
      vertex -6.93969 -0.675144 6.90798
      vertex -6.96593 -2.43673 6.99118
      vertex -6.96593 -0.688268 6.99118
    endloop
  endfacet
  facet normal -0.953693 0 -0.30078
    outer loop
      vertex -6.96593 -2.43673 6.99118
      vertex -6.93969 -0.675144 6.90798
      vertex -6.93969 -2.44986 6.90798
    endloop
  endfacet
  facet normal -0.953693 0 -0.30078
    outer loop
      vertex -6.93969 2.44986 6.90798
      vertex -6.96593 0.688268 6.99118
      vertex -6.96593 2.43673 6.99118
    endloop
  endfacet
  facet normal -0.953693 0 -0.30078
    outer loop
      vertex -6.96593 0.688268 6.99118
      vertex -6.93969 2.44986 6.90798
      vertex -6.93969 0.675144 6.90798
    endloop
  endfacet
  facet normal -0.953693 0 -0.30078
    outer loop
      vertex -6.93969 5.57486 6.90798
      vertex -6.96593 3.81327 6.99118
      vertex -6.96593 5.56173 6.99118
    endloop
  endfacet
  facet normal -0.953693 0 -0.30078
    outer loop
      vertex -6.96593 3.81327 6.99118
      vertex -6.93969 5.57486 6.90798
      vertex -6.93969 3.80014 6.90798
    endloop
  endfacet
  facet normal 0.9763 -0 0.216421
    outer loop
      vertex -5.03407 -9 7.50882
      vertex -5.01519 9 7.42365
      vertex -5.03407 9 7.50882
    endloop
  endfacet
  facet normal 0.9763 0 0.216421
    outer loop
      vertex -5.01519 9 7.42365
      vertex -5.03407 -9 7.50882
      vertex -5.01519 -9 7.42365
    endloop
  endfacet
  facet normal 0.843421 -0 0.537254
    outer loop
      vertex -5.18085 -9 7.82358
      vertex -5.13398 9 7.75
      vertex -5.18085 9 7.82358
    endloop
  endfacet
  facet normal 0.843421 0 0.537254
    outer loop
      vertex -5.13398 9 7.75
      vertex -5.18085 -9 7.82358
      vertex -5.13398 -9 7.75
    endloop
  endfacet
  facet normal 0.886971 -0 0.461825
    outer loop
      vertex -5.13398 -9 7.75
      vertex -5.09369 9 7.67262
      vertex -5.13398 9 7.75
    endloop
  endfacet
  facet normal 0.886971 0 0.461825
    outer loop
      vertex -5.09369 9 7.67262
      vertex -5.13398 -9 7.75
      vertex -5.09369 -9 7.67262
    endloop
  endfacet
  facet normal 0.216421 0 0.9763
    outer loop
      vertex -5.82635 9 8.23481
      vertex -5.74118 -9 8.21593
      vertex -5.74118 9 8.21593
    endloop
  endfacet
  facet normal 0.216421 0 0.9763
    outer loop
      vertex -5.74118 -9 8.21593
      vertex -5.82635 9 8.23481
      vertex -5.82635 -9 8.23481
    endloop
  endfacet
  facet normal 0.30078 0 0.953693
    outer loop
      vertex -5.74118 9 8.21593
      vertex -5.65798 -9 8.18969
      vertex -5.65798 9 8.18969
    endloop
  endfacet
  facet normal 0.30078 0 0.953693
    outer loop
      vertex -5.65798 -9 8.18969
      vertex -5.74118 9 8.21593
      vertex -5.74118 -9 8.21593
    endloop
  endfacet
  facet normal -0.9763 0 0.216421
    outer loop
      vertex -6.98481 6.81938 7.42365
      vertex -6.96593 9 7.50882
      vertex -6.98481 9 7.42365
    endloop
  endfacet
  facet normal -0.97628 -3.77686e-06 0.216513
    outer loop
      vertex -6.96933 6.76242 7.49345
      vertex -6.96593 9 7.50882
      vertex -6.98481 6.81938 7.42365
    endloop
  endfacet
  facet normal -0.976396 0 0.215989
    outer loop
      vertex -6.96593 9 7.50882
      vertex -6.96933 6.76242 7.49345
      vertex -6.96593 6.74666 7.50882
    endloop
  endfacet
  facet normal -0.9763 0 0.216421
    outer loop
      vertex -6.96593 -9 7.50882
      vertex -6.98481 -6.81938 7.42365
      vertex -6.98481 -9 7.42365
    endloop
  endfacet
  facet normal -0.97628 3.77686e-06 0.216513
    outer loop
      vertex -6.98481 -6.81938 7.42365
      vertex -6.96593 -9 7.50882
      vertex -6.96933 -6.76242 7.49345
    endloop
  endfacet
  facet normal -0.976396 0 0.215989
    outer loop
      vertex -6.96933 -6.76242 7.49345
      vertex -6.96593 -9 7.50882
      vertex -6.96593 -6.74666 7.50882
    endloop
  endfacet
  facet normal -0.976279 0 0.216516
    outer loop
      vertex -6.98481 -5.68062 7.42365
      vertex -6.96933 -3.63742 7.49345
      vertex -6.98481 -3.69438 7.42365
    endloop
  endfacet
  facet normal -0.976279 0 0.216516
    outer loop
      vertex -6.96933 -5.73757 7.49345
      vertex -6.96933 -3.63742 7.49345
      vertex -6.98481 -5.68062 7.42365
    endloop
  endfacet
  facet normal -0.976396 0 0.215989
    outer loop
      vertex -6.96933 -3.63742 7.49345
      vertex -6.96933 -5.73757 7.49345
      vertex -6.96593 -3.62166 7.50882
    endloop
  endfacet
  facet normal -0.976396 0 0.215989
    outer loop
      vertex -6.96593 -3.62166 7.50882
      vertex -6.96933 -5.73757 7.49345
      vertex -6.96593 -5.75334 7.50882
    endloop
  endfacet
  facet normal -0.976279 0 0.216516
    outer loop
      vertex -6.98481 -2.55562 7.42365
      vertex -6.96933 -0.512424 7.49345
      vertex -6.98481 -0.569377 7.42365
    endloop
  endfacet
  facet normal -0.976279 0 0.216516
    outer loop
      vertex -6.96933 -2.61257 7.49345
      vertex -6.96933 -0.512424 7.49345
      vertex -6.98481 -2.55562 7.42365
    endloop
  endfacet
  facet normal -0.976396 0 0.215989
    outer loop
      vertex -6.96933 -0.512424 7.49345
      vertex -6.96933 -2.61257 7.49345
      vertex -6.96593 -0.496661 7.50882
    endloop
  endfacet
  facet normal -0.976396 0 0.215989
    outer loop
      vertex -6.96593 -0.496661 7.50882
      vertex -6.96933 -2.61257 7.49345
      vertex -6.96593 -2.62834 7.50882
    endloop
  endfacet
  facet normal -0.976279 0 0.216516
    outer loop
      vertex -6.98481 0.569377 7.42365
      vertex -6.96933 2.61257 7.49345
      vertex -6.98481 2.55562 7.42365
    endloop
  endfacet
  facet normal -0.976279 0 0.216516
    outer loop
      vertex -6.96933 0.512424 7.49345
      vertex -6.96933 2.61257 7.49345
      vertex -6.98481 0.569377 7.42365
    endloop
  endfacet
  facet normal -0.976396 0 0.215989
    outer loop
      vertex -6.96933 2.61257 7.49345
      vertex -6.96933 0.512424 7.49345
      vertex -6.96593 2.62834 7.50882
    endloop
  endfacet
  facet normal -0.976396 0 0.215989
    outer loop
      vertex -6.96593 2.62834 7.50882
      vertex -6.96933 0.512424 7.49345
      vertex -6.96593 0.496661 7.50882
    endloop
  endfacet
  facet normal -0.976279 0 0.216516
    outer loop
      vertex -6.98481 3.69438 7.42365
      vertex -6.96933 5.73757 7.49345
      vertex -6.98481 5.68062 7.42365
    endloop
  endfacet
  facet normal -0.976279 0 0.216516
    outer loop
      vertex -6.96933 3.63742 7.49345
      vertex -6.96933 5.73757 7.49345
      vertex -6.98481 3.69438 7.42365
    endloop
  endfacet
  facet normal -0.976396 0 0.215989
    outer loop
      vertex -6.96933 5.73757 7.49345
      vertex -6.96933 3.63742 7.49345
      vertex -6.96593 5.75334 7.50882
    endloop
  endfacet
  facet normal -0.976396 0 0.215989
    outer loop
      vertex -6.96593 5.75334 7.50882
      vertex -6.96933 3.63742 7.49345
      vertex -6.96593 3.62166 7.50882
    endloop
  endfacet
  facet normal -0.843421 0 0.537254
    outer loop
      vertex -6.86602 -9 7.75
      vertex -6.81915 9 7.82358
      vertex -6.86602 9 7.75
    endloop
  endfacet
  facet normal -0.843421 0 0.537254
    outer loop
      vertex -6.81915 9 7.82358
      vertex -6.86602 -9 7.75
      vertex -6.81915 -9 7.82358
    endloop
  endfacet
  facet normal -0.953693 0 0.30078
    outer loop
      vertex -6.96593 6.74666 7.50882
      vertex -6.93969 9 7.59202
      vertex -6.96593 9 7.50882
    endloop
  endfacet
  facet normal -0.95368 -1.77227e-06 0.300824
    outer loop
      vertex -6.94519 6.6647 7.57457
      vertex -6.93969 9 7.59202
      vertex -6.96593 6.74666 7.50882
    endloop
  endfacet
  facet normal -0.953748 0 0.300608
    outer loop
      vertex -6.93969 9 7.59202
      vertex -6.94519 6.6647 7.57457
      vertex -6.93969 6.63613 7.59202
    endloop
  endfacet
  facet normal -0.953693 0 0.30078
    outer loop
      vertex -6.93969 -9 7.59202
      vertex -6.96593 -6.74666 7.50882
      vertex -6.96593 -9 7.50882
    endloop
  endfacet
  facet normal -0.95368 1.77227e-06 0.300824
    outer loop
      vertex -6.96593 -6.74666 7.50882
      vertex -6.93969 -9 7.59202
      vertex -6.94519 -6.6647 7.57457
    endloop
  endfacet
  facet normal -0.953748 0 0.300608
    outer loop
      vertex -6.94519 -6.6647 7.57457
      vertex -6.93969 -9 7.59202
      vertex -6.93969 -6.63613 7.59202
    endloop
  endfacet
  facet normal -0.953679 0 0.300826
    outer loop
      vertex -6.96593 -5.75334 7.50882
      vertex -6.94519 -3.5397 7.57457
      vertex -6.96593 -3.62166 7.50882
    endloop
  endfacet
  facet normal -0.953679 0 0.300826
    outer loop
      vertex -6.94519 -5.8353 7.57457
      vertex -6.94519 -3.5397 7.57457
      vertex -6.96593 -5.75334 7.50882
    endloop
  endfacet
  facet normal -0.953748 0 0.300608
    outer loop
      vertex -6.94519 -3.5397 7.57457
      vertex -6.94519 -5.8353 7.57457
      vertex -6.93969 -3.51113 7.59202
    endloop
  endfacet
  facet normal -0.953748 0 0.300608
    outer loop
      vertex -6.93969 -3.51113 7.59202
      vertex -6.94519 -5.8353 7.57457
      vertex -6.93969 -5.86387 7.59202
    endloop
  endfacet
  facet normal -0.953679 0 0.300826
    outer loop
      vertex -6.96593 -2.62834 7.50882
      vertex -6.94519 -0.414699 7.57457
      vertex -6.96593 -0.496661 7.50882
    endloop
  endfacet
  facet normal -0.953679 0 0.300826
    outer loop
      vertex -6.94519 -2.7103 7.57457
      vertex -6.94519 -0.414699 7.57457
      vertex -6.96593 -2.62834 7.50882
    endloop
  endfacet
  facet normal -0.953748 0 0.300608
    outer loop
      vertex -6.94519 -0.414699 7.57457
      vertex -6.94519 -2.7103 7.57457
      vertex -6.93969 -0.386129 7.59202
    endloop
  endfacet
  facet normal -0.953748 0 0.300608
    outer loop
      vertex -6.93969 -0.386129 7.59202
      vertex -6.94519 -2.7103 7.57457
      vertex -6.93969 -2.73887 7.59202
    endloop
  endfacet
  facet normal -0.953679 0 0.300826
    outer loop
      vertex -6.96593 0.496661 7.50882
      vertex -6.94519 2.7103 7.57457
      vertex -6.96593 2.62834 7.50882
    endloop
  endfacet
  facet normal -0.953679 0 0.300826
    outer loop
      vertex -6.94519 0.414699 7.57457
      vertex -6.94519 2.7103 7.57457
      vertex -6.96593 0.496661 7.50882
    endloop
  endfacet
  facet normal -0.953748 0 0.300608
    outer loop
      vertex -6.94519 2.7103 7.57457
      vertex -6.94519 0.414699 7.57457
      vertex -6.93969 2.73887 7.59202
    endloop
  endfacet
  facet normal -0.953748 0 0.300608
    outer loop
      vertex -6.93969 2.73887 7.59202
      vertex -6.94519 0.414699 7.57457
      vertex -6.93969 0.386129 7.59202
    endloop
  endfacet
  facet normal -0.953679 0 0.300826
    outer loop
      vertex -6.96593 3.62166 7.50882
      vertex -6.94519 5.8353 7.57457
      vertex -6.96593 5.75334 7.50882
    endloop
  endfacet
  facet normal -0.953679 0 0.300826
    outer loop
      vertex -6.94519 3.5397 7.57457
      vertex -6.94519 5.8353 7.57457
      vertex -6.96593 3.62166 7.50882
    endloop
  endfacet
  facet normal -0.953748 0 0.300608
    outer loop
      vertex -6.94519 5.8353 7.57457
      vertex -6.94519 3.5397 7.57457
      vertex -6.93969 5.86387 7.59202
    endloop
  endfacet
  facet normal -0.953748 0 0.300608
    outer loop
      vertex -6.93969 5.86387 7.59202
      vertex -6.94519 3.5397 7.57457
      vertex -6.93969 3.51113 7.59202
    endloop
  endfacet
  facet normal 0 -1 0
    outer loop
      vertex -6.08716 -9 8.24619
      vertex -5.91284 -9 8.24619
      vertex -6 -9 8.25
    endloop
  endfacet
  facet normal 0 -1 0
    outer loop
      vertex -6.17365 -9 8.23481
      vertex -5.91284 -9 8.24619
      vertex -6.08716 -9 8.24619
    endloop
  endfacet
  facet normal 0 -1 0
    outer loop
      vertex -6.17365 -9 8.23481
      vertex -5.82635 -9 8.23481
      vertex -5.91284 -9 8.24619
    endloop
  endfacet
  facet normal 0 -1 0
    outer loop
      vertex -6.25882 -9 8.21593
      vertex -5.82635 -9 8.23481
      vertex -6.17365 -9 8.23481
    endloop
  endfacet
  facet normal 0 -1 0
    outer loop
      vertex -6.25882 -9 8.21593
      vertex -5.74118 -9 8.21593
      vertex -5.82635 -9 8.23481
    endloop
  endfacet
  facet normal 0 -1 0
    outer loop
      vertex -6.34202 -9 8.18969
      vertex -5.74118 -9 8.21593
      vertex -6.25882 -9 8.21593
    endloop
  endfacet
  facet normal 0 -1 0
    outer loop
      vertex -6.34202 -9 8.18969
      vertex -5.65798 -9 8.18969
      vertex -5.74118 -9 8.21593
    endloop
  endfacet
  facet normal 0 -1 0
    outer loop
      vertex -6.42262 -9 8.15631
      vertex -5.65798 -9 8.18969
      vertex -6.34202 -9 8.18969
    endloop
  endfacet
  facet normal 0 -1 0
    outer loop
      vertex -6.42262 -9 8.15631
      vertex -5.57738 -9 8.15631
      vertex -5.65798 -9 8.18969
    endloop
  endfacet
  facet normal 0 -1 0
    outer loop
      vertex -6.5 -9 8.11602
      vertex -5.57738 -9 8.15631
      vertex -6.42262 -9 8.15631
    endloop
  endfacet
  facet normal 0 -1 0
    outer loop
      vertex -6.5 -9 8.11602
      vertex -5.5 -9 8.11602
      vertex -5.57738 -9 8.15631
    endloop
  endfacet
  facet normal 0 -1 0
    outer loop
      vertex -6.57358 -9 8.06915
      vertex -5.5 -9 8.11602
      vertex -6.5 -9 8.11602
    endloop
  endfacet
  facet normal 0 -1 0
    outer loop
      vertex -6.57358 -9 8.06915
      vertex -5.42642 -9 8.06915
      vertex -5.5 -9 8.11602
    endloop
  endfacet
  facet normal 0 -1 0
    outer loop
      vertex -6.64279 -9 8.01604
      vertex -5.42642 -9 8.06915
      vertex -6.57358 -9 8.06915
    endloop
  endfacet
  facet normal 0 -1 0
    outer loop
      vertex -6.64279 -9 8.01604
      vertex -5.35721 -9 8.01604
      vertex -5.42642 -9 8.06915
    endloop
  endfacet
  facet normal 0 -1 0
    outer loop
      vertex -6.70711 -9 7.95711
      vertex -5.35721 -9 8.01604
      vertex -6.64279 -9 8.01604
    endloop
  endfacet
  facet normal 0 -1 0
    outer loop
      vertex -6.70711 -9 7.95711
      vertex -5.29289 -9 7.95711
      vertex -5.35721 -9 8.01604
    endloop
  endfacet
  facet normal 0 -1 0
    outer loop
      vertex -6.76604 -9 7.89279
      vertex -5.29289 -9 7.95711
      vertex -6.70711 -9 7.95711
    endloop
  endfacet
  facet normal 0 -1 0
    outer loop
      vertex -6.76604 -9 7.89279
      vertex -5.23396 -9 7.89279
      vertex -5.29289 -9 7.95711
    endloop
  endfacet
  facet normal 0 -1 0
    outer loop
      vertex -6.81915 -9 7.82358
      vertex -5.23396 -9 7.89279
      vertex -6.76604 -9 7.89279
    endloop
  endfacet
  facet normal 0 -1 0
    outer loop
      vertex -6.81915 -9 7.82358
      vertex -5.18085 -9 7.82358
      vertex -5.23396 -9 7.89279
    endloop
  endfacet
  facet normal 0 -1 0
    outer loop
      vertex -6.86602 -9 7.75
      vertex -5.18085 -9 7.82358
      vertex -6.81915 -9 7.82358
    endloop
  endfacet
  facet normal 0 -1 0
    outer loop
      vertex -6.86602 -9 7.75
      vertex -5.13398 -9 7.75
      vertex -5.18085 -9 7.82358
    endloop
  endfacet
  facet normal 0 -1 0
    outer loop
      vertex -6.90631 -9 7.67262
      vertex -5.13398 -9 7.75
      vertex -6.86602 -9 7.75
    endloop
  endfacet
  facet normal 0 -1 0
    outer loop
      vertex -6.90631 -9 7.67262
      vertex -5.09369 -9 7.67262
      vertex -5.13398 -9 7.75
    endloop
  endfacet
  facet normal 0 -1 0
    outer loop
      vertex -6.93969 -9 7.59202
      vertex -5.09369 -9 7.67262
      vertex -6.90631 -9 7.67262
    endloop
  endfacet
  facet normal 0 -1 0
    outer loop
      vertex -6.93969 -9 7.59202
      vertex -5.06031 -9 7.59202
      vertex -5.09369 -9 7.67262
    endloop
  endfacet
  facet normal 0 -1 0
    outer loop
      vertex -6.96593 -9 7.50882
      vertex -5.06031 -9 7.59202
      vertex -6.93969 -9 7.59202
    endloop
  endfacet
  facet normal 0 -1 0
    outer loop
      vertex -6.96593 -9 7.50882
      vertex -5.03407 -9 7.50882
      vertex -5.06031 -9 7.59202
    endloop
  endfacet
  facet normal 0 -1 0
    outer loop
      vertex -6.98481 -9 7.42365
      vertex -5.03407 -9 7.50882
      vertex -6.96593 -9 7.50882
    endloop
  endfacet
  facet normal 0 -1 0
    outer loop
      vertex -6.98481 -9 7.42365
      vertex -5.01519 -9 7.42365
      vertex -5.03407 -9 7.50882
    endloop
  endfacet
  facet normal 0 -1 0
    outer loop
      vertex -6.99619 -9 7.33716
      vertex -5.01519 -9 7.42365
      vertex -6.98481 -9 7.42365
    endloop
  endfacet
  facet normal 0 -1 0
    outer loop
      vertex -6.99619 -9 7.33716
      vertex -5.00381 -9 7.33716
      vertex -5.01519 -9 7.42365
    endloop
  endfacet
  facet normal 0 -1 0
    outer loop
      vertex -7 -9 7.25
      vertex -5.00381 -9 7.33716
      vertex -6.99619 -9 7.33716
    endloop
  endfacet
  facet normal 0 -1 0
    outer loop
      vertex -7 -9 7.25
      vertex -5 -9 7.25
      vertex -5.00381 -9 7.33716
    endloop
  endfacet
  facet normal 0 -1 0
    outer loop
      vertex -6.99619 -9 7.16284
      vertex -5 -9 7.25
      vertex -7 -9 7.25
    endloop
  endfacet
  facet normal 0 -1 0
    outer loop
      vertex -6.99619 -9 7.16284
      vertex -5.00381 -9 7.16284
      vertex -5 -9 7.25
    endloop
  endfacet
  facet normal 0 -1 0
    outer loop
      vertex -6.98481 -9 7.07635
      vertex -5.00381 -9 7.16284
      vertex -6.99619 -9 7.16284
    endloop
  endfacet
  facet normal 0 -1 0
    outer loop
      vertex -6.98481 -9 7.07635
      vertex -5.01519 -9 7.07635
      vertex -5.00381 -9 7.16284
    endloop
  endfacet
  facet normal 0 -1 0
    outer loop
      vertex -6.96593 -9 6.99118
      vertex -5.01519 -9 7.07635
      vertex -6.98481 -9 7.07635
    endloop
  endfacet
  facet normal 0 -1 0
    outer loop
      vertex -6.96593 -9 6.99118
      vertex -5.03407 -9 6.99118
      vertex -5.01519 -9 7.07635
    endloop
  endfacet
  facet normal 0 -1 0
    outer loop
      vertex -6.93969 -9 6.90798
      vertex -5.03407 -9 6.99118
      vertex -6.96593 -9 6.99118
    endloop
  endfacet
  facet normal 0 -1 0
    outer loop
      vertex -6.93969 -9 6.90798
      vertex -5.06031 -9 6.90798
      vertex -5.03407 -9 6.99118
    endloop
  endfacet
  facet normal 0 -1 0
    outer loop
      vertex -6.90631 -9 6.82738
      vertex -5.06031 -9 6.90798
      vertex -6.93969 -9 6.90798
    endloop
  endfacet
  facet normal 0 -1 0
    outer loop
      vertex -6.90631 -9 6.82738
      vertex -5.09369 -9 6.82738
      vertex -5.06031 -9 6.90798
    endloop
  endfacet
  facet normal 0 -1 0
    outer loop
      vertex -6.86602 -9 6.75
      vertex -5.09369 -9 6.82738
      vertex -6.90631 -9 6.82738
    endloop
  endfacet
  facet normal 0 -1 0
    outer loop
      vertex -6.86602 -9 6.75
      vertex -5.13398 -9 6.75
      vertex -5.09369 -9 6.82738
    endloop
  endfacet
  facet normal 0 -1 0
    outer loop
      vertex -6.81915 -9 6.67642
      vertex -5.13398 -9 6.75
      vertex -6.86602 -9 6.75
    endloop
  endfacet
  facet normal 0 -1 0
    outer loop
      vertex -6.81915 -9 6.67642
      vertex -5.18085 -9 6.67642
      vertex -5.13398 -9 6.75
    endloop
  endfacet
  facet normal 0 -1 0
    outer loop
      vertex -6.76604 -9 6.60721
      vertex -5.18085 -9 6.67642
      vertex -6.81915 -9 6.67642
    endloop
  endfacet
  facet normal 0 -1 0
    outer loop
      vertex -6.76604 -9 6.60721
      vertex -5.23396 -9 6.60721
      vertex -5.18085 -9 6.67642
    endloop
  endfacet
  facet normal 0 -1 0
    outer loop
      vertex -6.70711 -9 6.54289
      vertex -5.23396 -9 6.60721
      vertex -6.76604 -9 6.60721
    endloop
  endfacet
  facet normal 0 -1 0
    outer loop
      vertex -6.70711 -9 6.54289
      vertex -5.29289 -9 6.54289
      vertex -5.23396 -9 6.60721
    endloop
  endfacet
  facet normal 0 -1 0
    outer loop
      vertex -6.64279 -9 6.48396
      vertex -5.29289 -9 6.54289
      vertex -6.70711 -9 6.54289
    endloop
  endfacet
  facet normal 0 -1 0
    outer loop
      vertex -6.64279 -9 6.48396
      vertex -5.35721 -9 6.48396
      vertex -5.29289 -9 6.54289
    endloop
  endfacet
  facet normal 0 -1 0
    outer loop
      vertex -6.57358 -9 6.43085
      vertex -5.35721 -9 6.48396
      vertex -6.64279 -9 6.48396
    endloop
  endfacet
  facet normal 0 -1 0
    outer loop
      vertex -6.57358 -9 6.43085
      vertex -5.42642 -9 6.43085
      vertex -5.35721 -9 6.48396
    endloop
  endfacet
  facet normal 0 -1 0
    outer loop
      vertex -6.5 -9 6.38398
      vertex -5.42642 -9 6.43085
      vertex -6.57358 -9 6.43085
    endloop
  endfacet
  facet normal 0 -1 0
    outer loop
      vertex -6.5 -9 6.38398
      vertex -5.5 -9 6.38398
      vertex -5.42642 -9 6.43085
    endloop
  endfacet
  facet normal 0 -1 0
    outer loop
      vertex -6.42262 -9 6.34369
      vertex -5.5 -9 6.38398
      vertex -6.5 -9 6.38398
    endloop
  endfacet
  facet normal 0 -1 0
    outer loop
      vertex -6.42262 -9 6.34369
      vertex -5.57738 -9 6.34369
      vertex -5.5 -9 6.38398
    endloop
  endfacet
  facet normal 0 -1 0
    outer loop
      vertex -6.34202 -9 6.31031
      vertex -5.57738 -9 6.34369
      vertex -6.42262 -9 6.34369
    endloop
  endfacet
  facet normal 0 -1 0
    outer loop
      vertex -6.34202 -9 6.31031
      vertex -5.65798 -9 6.31031
      vertex -5.57738 -9 6.34369
    endloop
  endfacet
  facet normal 0 -1 0
    outer loop
      vertex -6.25882 -9 6.28407
      vertex -5.65798 -9 6.31031
      vertex -6.34202 -9 6.31031
    endloop
  endfacet
  facet normal 0 -1 0
    outer loop
      vertex -6.25882 -9 6.28407
      vertex -5.74118 -9 6.28407
      vertex -5.65798 -9 6.31031
    endloop
  endfacet
  facet normal 0 -1 0
    outer loop
      vertex -6.17365 -9 6.26519
      vertex -5.74118 -9 6.28407
      vertex -6.25882 -9 6.28407
    endloop
  endfacet
  facet normal 0 -1 0
    outer loop
      vertex -6.17365 -9 6.26519
      vertex -5.82635 -9 6.26519
      vertex -5.74118 -9 6.28407
    endloop
  endfacet
  facet normal 0 -1 0
    outer loop
      vertex -6.08716 -9 6.25381
      vertex -5.82635 -9 6.26519
      vertex -6.17365 -9 6.26519
    endloop
  endfacet
  facet normal 0 -1 0
    outer loop
      vertex -6.08716 -9 6.25381
      vertex -5.91284 -9 6.25381
      vertex -5.82635 -9 6.26519
    endloop
  endfacet
  facet normal -0 -1 0
    outer loop
      vertex -5.91284 -9 6.25381
      vertex -6.08716 -9 6.25381
      vertex -6 -9 6.25
    endloop
  endfacet
  facet normal -0.461825 0 0.886971
    outer loop
      vertex -6.5 9 8.11602
      vertex -6.42262 -9 8.15631
      vertex -6.42262 9 8.15631
    endloop
  endfacet
  facet normal -0.461825 0 0.886971
    outer loop
      vertex -6.42262 -9 8.15631
      vertex -6.5 9 8.11602
      vertex -6.5 -9 8.11602
    endloop
  endfacet
  facet normal -0.382629 0 0.923902
    outer loop
      vertex -6.42262 9 8.15631
      vertex -6.34202 -9 8.18969
      vertex -6.34202 9 8.18969
    endloop
  endfacet
  facet normal -0.382629 0 0.923902
    outer loop
      vertex -6.34202 -9 8.18969
      vertex -6.42262 9 8.15631
      vertex -6.42262 -9 8.15631
    endloop
  endfacet
  facet normal -0.043671 0 0.999046
    outer loop
      vertex -6.08716 9 8.24619
      vertex -6 -9 8.25
      vertex -6 9 8.25
    endloop
  endfacet
  facet normal -0.043671 0 0.999046
    outer loop
      vertex -6 -9 8.25
      vertex -6.08716 9 8.24619
      vertex -6.08716 -9 8.24619
    endloop
  endfacet
  facet normal 0.675538 0 -0.737325
    outer loop
      vertex -5.35721 -9 6.48396
      vertex -5.29289 9 6.54289
      vertex -5.29289 -9 6.54289
    endloop
  endfacet
  facet normal 0.675538 0 -0.737325
    outer loop
      vertex -5.29289 9 6.54289
      vertex -5.35721 -9 6.48396
      vertex -5.35721 9 6.48396
    endloop
  endfacet
  facet normal 0.382629 0 -0.923902
    outer loop
      vertex -5.65798 -9 6.31031
      vertex -5.57738 9 6.34369
      vertex -5.57738 -9 6.34369
    endloop
  endfacet
  facet normal 0.382629 0 -0.923902
    outer loop
      vertex -5.57738 9 6.34369
      vertex -5.65798 -9 6.31031
      vertex -5.65798 9 6.31031
    endloop
  endfacet
  facet normal -0.30078 0 -0.953693
    outer loop
      vertex -6.34202 -9 6.31031
      vertex -6.25882 9 6.28407
      vertex -6.25882 -9 6.28407
    endloop
  endfacet
  facet normal -0.30078 0 -0.953693
    outer loop
      vertex -6.25882 9 6.28407
      vertex -6.34202 -9 6.31031
      vertex -6.34202 9 6.31031
    endloop
  endfacet
  facet normal -0.886998 0 -0.461774
    outer loop
      vertex -6.86602 -9 6.75
      vertex -6.90089 -6.89527 6.81698
      vertex -6.86602 -6.86359 6.75
    endloop
  endfacet
  facet normal -0.886801 1.53104e-05 -0.462152
    outer loop
      vertex -6.86602 -9 6.75
      vertex -6.90631 -6.90019 6.82738
      vertex -6.90089 -6.89527 6.81698
    endloop
  endfacet
  facet normal -0.886971 -0 -0.461825
    outer loop
      vertex -6.90631 -6.90019 6.82738
      vertex -6.86602 -9 6.75
      vertex -6.90631 -9 6.82738
    endloop
  endfacet
  facet normal -0.886971 0 -0.461825
    outer loop
      vertex -6.86602 9 6.75
      vertex -6.90631 6.90019 6.82738
      vertex -6.90631 9 6.82738
    endloop
  endfacet
  facet normal -0.886801 -1.53104e-05 -0.462152
    outer loop
      vertex -6.86602 9 6.75
      vertex -6.90089 6.89527 6.81698
      vertex -6.90631 6.90019 6.82738
    endloop
  endfacet
  facet normal -0.886998 0 -0.461774
    outer loop
      vertex -6.90089 6.89527 6.81698
      vertex -6.86602 9 6.75
      vertex -6.86602 6.86359 6.75
    endloop
  endfacet
  facet normal -0.886998 0 -0.461774
    outer loop
      vertex -6.90089 -5.60473 6.81698
      vertex -6.90089 -3.77027 6.81698
      vertex -6.86602 -3.73859 6.75
    endloop
  endfacet
  facet normal -0.886798 -0 -0.462158
    outer loop
      vertex -6.90089 -3.77027 6.81698
      vertex -6.90089 -5.60473 6.81698
      vertex -6.90631 -3.77519 6.82738
    endloop
  endfacet
  facet normal -0.886798 -0 -0.462158
    outer loop
      vertex -6.90631 -3.77519 6.82738
      vertex -6.90089 -5.60473 6.81698
      vertex -6.90631 -5.59981 6.82738
    endloop
  endfacet
  facet normal -0.886998 0 -0.461774
    outer loop
      vertex -6.90089 -5.60473 6.81698
      vertex -6.86602 -3.73859 6.75
      vertex -6.86602 -5.63641 6.75
    endloop
  endfacet
  facet normal -0.886798 0 -0.462158
    outer loop
      vertex -6.90089 -0.64527 6.81698
      vertex -6.90631 -2.47481 6.82738
      vertex -6.90631 -0.650188 6.82738
    endloop
  endfacet
  facet normal -0.886998 0 -0.461774
    outer loop
      vertex -6.90089 -2.47973 6.81698
      vertex -6.90089 -0.64527 6.81698
      vertex -6.86602 -0.613593 6.75
    endloop
  endfacet
  facet normal -0.886798 -0 -0.462158
    outer loop
      vertex -6.90089 -0.64527 6.81698
      vertex -6.90089 -2.47973 6.81698
      vertex -6.90631 -2.47481 6.82738
    endloop
  endfacet
  facet normal -0.886998 0 -0.461774
    outer loop
      vertex -6.90089 -2.47973 6.81698
      vertex -6.86602 -0.613593 6.75
      vertex -6.86602 -2.51141 6.75
    endloop
  endfacet
  facet normal -0.886998 0 -0.461774
    outer loop
      vertex -6.90089 0.64527 6.81698
      vertex -6.90089 2.47973 6.81698
      vertex -6.86602 2.51141 6.75
    endloop
  endfacet
  facet normal -0.886798 -0 -0.462158
    outer loop
      vertex -6.90089 2.47973 6.81698
      vertex -6.90089 0.64527 6.81698
      vertex -6.90631 2.47481 6.82738
    endloop
  endfacet
  facet normal -0.886798 -0 -0.462158
    outer loop
      vertex -6.90631 2.47481 6.82738
      vertex -6.90089 0.64527 6.81698
      vertex -6.90631 0.650188 6.82738
    endloop
  endfacet
  facet normal -0.886998 0 -0.461774
    outer loop
      vertex -6.90089 0.64527 6.81698
      vertex -6.86602 2.51141 6.75
      vertex -6.86602 0.613593 6.75
    endloop
  endfacet
  facet normal -0.886798 0 -0.462158
    outer loop
      vertex -6.90089 5.60473 6.81698
      vertex -6.90631 3.77519 6.82738
      vertex -6.90631 5.59981 6.82738
    endloop
  endfacet
  facet normal -0.886998 0 -0.461774
    outer loop
      vertex -6.90089 3.77027 6.81698
      vertex -6.90089 5.60473 6.81698
      vertex -6.86602 5.63641 6.75
    endloop
  endfacet
  facet normal -0.886798 -0 -0.462158
    outer loop
      vertex -6.90089 5.60473 6.81698
      vertex -6.90089 3.77027 6.81698
      vertex -6.90631 3.77519 6.82738
    endloop
  endfacet
  facet normal -0.886998 0 -0.461774
    outer loop
      vertex -6.90089 3.77027 6.81698
      vertex -6.86602 5.63641 6.75
      vertex -6.86602 3.73859 6.75
    endloop
  endfacet
  facet normal -0.923902 0 -0.382629
    outer loop
      vertex -6.90631 -9 6.82738
      vertex -6.93969 -6.92514 6.90798
      vertex -6.90631 -6.90019 6.82738
    endloop
  endfacet
  facet normal -0.923902 -0 -0.382629
    outer loop
      vertex -6.93969 -6.92514 6.90798
      vertex -6.90631 -9 6.82738
      vertex -6.93969 -9 6.90798
    endloop
  endfacet
  facet normal -0.923902 0 -0.382629
    outer loop
      vertex -6.90631 9 6.82738
      vertex -6.93969 6.92514 6.90798
      vertex -6.93969 9 6.90798
    endloop
  endfacet
  facet normal -0.923902 0 -0.382629
    outer loop
      vertex -6.93969 6.92514 6.90798
      vertex -6.90631 9 6.82738
      vertex -6.90631 6.90019 6.82738
    endloop
  endfacet
  facet normal -0.923902 0 -0.382629
    outer loop
      vertex -6.90631 -3.77519 6.82738
      vertex -6.93969 -5.57486 6.90798
      vertex -6.93969 -3.80014 6.90798
    endloop
  endfacet
  facet normal -0.923902 0 -0.382629
    outer loop
      vertex -6.93969 -5.57486 6.90798
      vertex -6.90631 -3.77519 6.82738
      vertex -6.90631 -5.59981 6.82738
    endloop
  endfacet
  facet normal -0.923902 0 -0.382629
    outer loop
      vertex -6.90631 -0.650188 6.82738
      vertex -6.93969 -2.44986 6.90798
      vertex -6.93969 -0.675144 6.90798
    endloop
  endfacet
  facet normal -0.923902 0 -0.382629
    outer loop
      vertex -6.93969 -2.44986 6.90798
      vertex -6.90631 -0.650188 6.82738
      vertex -6.90631 -2.47481 6.82738
    endloop
  endfacet
  facet normal -0.923902 0 -0.382629
    outer loop
      vertex -6.90631 2.47481 6.82738
      vertex -6.93969 0.675144 6.90798
      vertex -6.93969 2.44986 6.90798
    endloop
  endfacet
  facet normal -0.923902 0 -0.382629
    outer loop
      vertex -6.93969 0.675144 6.90798
      vertex -6.90631 2.47481 6.82738
      vertex -6.90631 0.650188 6.82738
    endloop
  endfacet
  facet normal -0.923902 0 -0.382629
    outer loop
      vertex -6.90631 5.59981 6.82738
      vertex -6.93969 3.80014 6.90798
      vertex -6.93969 5.57486 6.90798
    endloop
  endfacet
  facet normal -0.923902 0 -0.382629
    outer loop
      vertex -6.93969 3.80014 6.90798
      vertex -6.90631 5.59981 6.82738
      vertex -6.90631 3.77519 6.82738
    endloop
  endfacet
  facet normal -0.843421 0 -0.537254
    outer loop
      vertex -6.81915 9 6.67642
      vertex -6.86602 6.86359 6.75
      vertex -6.86602 9 6.75
    endloop
  endfacet
  facet normal -0.843717 2.24935e-05 -0.536789
    outer loop
      vertex -6.81915 9 6.67642
      vertex -6.85885 6.85625 6.73873
      vertex -6.86602 6.86359 6.75
    endloop
  endfacet
  facet normal -0.843359 -4.27696e-07 -0.53735
    outer loop
      vertex -6.81915 9 6.67642
      vertex -6.82517 6.81409 6.68587
      vertex -6.85885 6.85625 6.73873
    endloop
  endfacet
  facet normal -0.843404 0 -0.53728
    outer loop
      vertex -6.82517 6.81409 6.68587
      vertex -6.81915 9 6.67642
      vertex -6.81915 6.80655 6.67642
    endloop
  endfacet
  facet normal -0.843404 0 -0.53728
    outer loop
      vertex -6.81915 -9 6.67642
      vertex -6.82517 -6.81409 6.68587
      vertex -6.81915 -6.80655 6.67642
    endloop
  endfacet
  facet normal -0.843359 4.27696e-07 -0.53735
    outer loop
      vertex -6.82517 -6.81409 6.68587
      vertex -6.81915 -9 6.67642
      vertex -6.85885 -6.85625 6.73873
    endloop
  endfacet
  facet normal -0.843717 -2.24935e-05 -0.536789
    outer loop
      vertex -6.81915 -9 6.67642
      vertex -6.86602 -6.86359 6.75
      vertex -6.85885 -6.85625 6.73873
    endloop
  endfacet
  facet normal -0.843421 -0 -0.537254
    outer loop
      vertex -6.86602 -6.86359 6.75
      vertex -6.81915 -9 6.67642
      vertex -6.86602 -9 6.75
    endloop
  endfacet
  facet normal -0.843723 0 -0.536779
    outer loop
      vertex -6.85885 -3.73125 6.73873
      vertex -6.86602 -5.63641 6.75
      vertex -6.86602 -3.73859 6.75
    endloop
  endfacet
  facet normal -0.843359 0 -0.53735
    outer loop
      vertex -6.85885 -5.64375 6.73873
      vertex -6.85885 -3.73125 6.73873
      vertex -6.82517 -3.68909 6.68587
    endloop
  endfacet
  facet normal -0.843404 0 -0.53728
    outer loop
      vertex -6.82517 -5.68591 6.68587
      vertex -6.82517 -3.68909 6.68587
      vertex -6.81915 -3.68155 6.67642
    endloop
  endfacet
  facet normal -0.843723 -0 -0.536779
    outer loop
      vertex -6.85885 -3.73125 6.73873
      vertex -6.85885 -5.64375 6.73873
      vertex -6.86602 -5.63641 6.75
    endloop
  endfacet
  facet normal -0.843359 -0 -0.53735
    outer loop
      vertex -6.82517 -3.68909 6.68587
      vertex -6.82517 -5.68591 6.68587
      vertex -6.85885 -5.64375 6.73873
    endloop
  endfacet
  facet normal -0.843404 0 -0.53728
    outer loop
      vertex -6.82517 -5.68591 6.68587
      vertex -6.81915 -3.68155 6.67642
      vertex -6.81915 -5.69345 6.67642
    endloop
  endfacet
  facet normal -0.843404 0 -0.53728
    outer loop
      vertex -6.82517 -2.56091 6.68587
      vertex -6.82517 -0.564086 6.68587
      vertex -6.81915 -0.556548 6.67642
    endloop
  endfacet
  facet normal -0.843723 0 -0.536779
    outer loop
      vertex -6.85885 -0.60625 6.73873
      vertex -6.86602 -2.51141 6.75
      vertex -6.86602 -0.613593 6.75
    endloop
  endfacet
  facet normal -0.843359 0 -0.53735
    outer loop
      vertex -6.82517 -0.564086 6.68587
      vertex -6.85885 -2.51875 6.73873
      vertex -6.85885 -0.60625 6.73873
    endloop
  endfacet
  facet normal -0.843723 -0 -0.536779
    outer loop
      vertex -6.85885 -0.60625 6.73873
      vertex -6.85885 -2.51875 6.73873
      vertex -6.86602 -2.51141 6.75
    endloop
  endfacet
  facet normal -0.843359 -0 -0.53735
    outer loop
      vertex -6.82517 -0.564086 6.68587
      vertex -6.82517 -2.56091 6.68587
      vertex -6.85885 -2.51875 6.73873
    endloop
  endfacet
  facet normal -0.843404 0 -0.53728
    outer loop
      vertex -6.82517 -2.56091 6.68587
      vertex -6.81915 -0.556548 6.67642
      vertex -6.81915 -2.56845 6.67642
    endloop
  endfacet
  facet normal -0.843723 0 -0.536779
    outer loop
      vertex -6.85885 2.51875 6.73873
      vertex -6.86602 0.613593 6.75
      vertex -6.86602 2.51141 6.75
    endloop
  endfacet
  facet normal -0.843359 0 -0.53735
    outer loop
      vertex -6.85885 0.60625 6.73873
      vertex -6.85885 2.51875 6.73873
      vertex -6.82517 2.56091 6.68587
    endloop
  endfacet
  facet normal -0.843404 0 -0.53728
    outer loop
      vertex -6.82517 0.564086 6.68587
      vertex -6.82517 2.56091 6.68587
      vertex -6.81915 2.56845 6.67642
    endloop
  endfacet
  facet normal -0.843723 -0 -0.536779
    outer loop
      vertex -6.85885 2.51875 6.73873
      vertex -6.85885 0.60625 6.73873
      vertex -6.86602 0.613593 6.75
    endloop
  endfacet
  facet normal -0.843359 -0 -0.53735
    outer loop
      vertex -6.82517 2.56091 6.68587
      vertex -6.82517 0.564086 6.68587
      vertex -6.85885 0.60625 6.73873
    endloop
  endfacet
  facet normal -0.843404 0 -0.53728
    outer loop
      vertex -6.82517 0.564086 6.68587
      vertex -6.81915 2.56845 6.67642
      vertex -6.81915 0.556548 6.67642
    endloop
  endfacet
  facet normal -0.843404 0 -0.53728
    outer loop
      vertex -6.82517 3.68909 6.68587
      vertex -6.82517 5.68591 6.68587
      vertex -6.81915 5.69345 6.67642
    endloop
  endfacet
  facet normal -0.843723 0 -0.536779
    outer loop
      vertex -6.85885 5.64375 6.73873
      vertex -6.86602 3.73859 6.75
      vertex -6.86602 5.63641 6.75
    endloop
  endfacet
  facet normal -0.843359 0 -0.53735
    outer loop
      vertex -6.82517 5.68591 6.68587
      vertex -6.85885 3.73125 6.73873
      vertex -6.85885 5.64375 6.73873
    endloop
  endfacet
  facet normal -0.843723 -0 -0.536779
    outer loop
      vertex -6.85885 5.64375 6.73873
      vertex -6.85885 3.73125 6.73873
      vertex -6.86602 3.73859 6.75
    endloop
  endfacet
  facet normal -0.843359 -0 -0.53735
    outer loop
      vertex -6.82517 5.68591 6.68587
      vertex -6.82517 3.68909 6.68587
      vertex -6.85885 3.73125 6.73873
    endloop
  endfacet
  facet normal -0.843404 0 -0.53728
    outer loop
      vertex -6.82517 3.68909 6.68587
      vertex -6.81915 5.69345 6.67642
      vertex -6.81915 3.68155 6.67642
    endloop
  endfacet
  facet normal 0 1 0
    outer loop
      vertex -5.91284 9 8.24619
      vertex -6.08716 9 8.24619
      vertex -6 9 8.25
    endloop
  endfacet
  facet normal 0 1 0
    outer loop
      vertex -5.82635 9 8.23481
      vertex -6.08716 9 8.24619
      vertex -5.91284 9 8.24619
    endloop
  endfacet
  facet normal 0 1 0
    outer loop
      vertex -5.82635 9 8.23481
      vertex -6.17365 9 8.23481
      vertex -6.08716 9 8.24619
    endloop
  endfacet
  facet normal 0 1 0
    outer loop
      vertex -5.74118 9 8.21593
      vertex -6.17365 9 8.23481
      vertex -5.82635 9 8.23481
    endloop
  endfacet
  facet normal 0 1 0
    outer loop
      vertex -5.74118 9 8.21593
      vertex -6.25882 9 8.21593
      vertex -6.17365 9 8.23481
    endloop
  endfacet
  facet normal 0 1 0
    outer loop
      vertex -5.65798 9 8.18969
      vertex -6.25882 9 8.21593
      vertex -5.74118 9 8.21593
    endloop
  endfacet
  facet normal 0 1 0
    outer loop
      vertex -5.65798 9 8.18969
      vertex -6.34202 9 8.18969
      vertex -6.25882 9 8.21593
    endloop
  endfacet
  facet normal 0 1 0
    outer loop
      vertex -5.57738 9 8.15631
      vertex -6.34202 9 8.18969
      vertex -5.65798 9 8.18969
    endloop
  endfacet
  facet normal 0 1 0
    outer loop
      vertex -5.57738 9 8.15631
      vertex -6.42262 9 8.15631
      vertex -6.34202 9 8.18969
    endloop
  endfacet
  facet normal 0 1 0
    outer loop
      vertex -5.5 9 8.11602
      vertex -6.42262 9 8.15631
      vertex -5.57738 9 8.15631
    endloop
  endfacet
  facet normal 0 1 0
    outer loop
      vertex -5.5 9 8.11602
      vertex -6.5 9 8.11602
      vertex -6.42262 9 8.15631
    endloop
  endfacet
  facet normal 0 1 0
    outer loop
      vertex -5.42642 9 8.06915
      vertex -6.5 9 8.11602
      vertex -5.5 9 8.11602
    endloop
  endfacet
  facet normal 0 1 0
    outer loop
      vertex -5.42642 9 8.06915
      vertex -6.57358 9 8.06915
      vertex -6.5 9 8.11602
    endloop
  endfacet
  facet normal 0 1 0
    outer loop
      vertex -5.35721 9 8.01604
      vertex -6.57358 9 8.06915
      vertex -5.42642 9 8.06915
    endloop
  endfacet
  facet normal 0 1 0
    outer loop
      vertex -5.35721 9 8.01604
      vertex -6.64279 9 8.01604
      vertex -6.57358 9 8.06915
    endloop
  endfacet
  facet normal 0 1 0
    outer loop
      vertex -5.29289 9 7.95711
      vertex -6.64279 9 8.01604
      vertex -5.35721 9 8.01604
    endloop
  endfacet
  facet normal 0 1 0
    outer loop
      vertex -5.29289 9 7.95711
      vertex -6.70711 9 7.95711
      vertex -6.64279 9 8.01604
    endloop
  endfacet
  facet normal 0 1 0
    outer loop
      vertex -5.23396 9 7.89279
      vertex -6.70711 9 7.95711
      vertex -5.29289 9 7.95711
    endloop
  endfacet
  facet normal 0 1 0
    outer loop
      vertex -5.23396 9 7.89279
      vertex -6.76604 9 7.89279
      vertex -6.70711 9 7.95711
    endloop
  endfacet
  facet normal 0 1 0
    outer loop
      vertex -5.18085 9 7.82358
      vertex -6.76604 9 7.89279
      vertex -5.23396 9 7.89279
    endloop
  endfacet
  facet normal 0 1 0
    outer loop
      vertex -5.18085 9 7.82358
      vertex -6.81915 9 7.82358
      vertex -6.76604 9 7.89279
    endloop
  endfacet
  facet normal 0 1 0
    outer loop
      vertex -5.13398 9 7.75
      vertex -6.81915 9 7.82358
      vertex -5.18085 9 7.82358
    endloop
  endfacet
  facet normal 0 1 0
    outer loop
      vertex -5.13398 9 7.75
      vertex -6.86602 9 7.75
      vertex -6.81915 9 7.82358
    endloop
  endfacet
  facet normal 0 1 0
    outer loop
      vertex -5.09369 9 7.67262
      vertex -6.86602 9 7.75
      vertex -5.13398 9 7.75
    endloop
  endfacet
  facet normal 0 1 0
    outer loop
      vertex -5.09369 9 7.67262
      vertex -6.90631 9 7.67262
      vertex -6.86602 9 7.75
    endloop
  endfacet
  facet normal 0 1 0
    outer loop
      vertex -5.06031 9 7.59202
      vertex -6.90631 9 7.67262
      vertex -5.09369 9 7.67262
    endloop
  endfacet
  facet normal 0 1 0
    outer loop
      vertex -5.06031 9 7.59202
      vertex -6.93969 9 7.59202
      vertex -6.90631 9 7.67262
    endloop
  endfacet
  facet normal 0 1 0
    outer loop
      vertex -5.03407 9 7.50882
      vertex -6.93969 9 7.59202
      vertex -5.06031 9 7.59202
    endloop
  endfacet
  facet normal 0 1 0
    outer loop
      vertex -5.03407 9 7.50882
      vertex -6.96593 9 7.50882
      vertex -6.93969 9 7.59202
    endloop
  endfacet
  facet normal 0 1 0
    outer loop
      vertex -5.01519 9 7.42365
      vertex -6.96593 9 7.50882
      vertex -5.03407 9 7.50882
    endloop
  endfacet
  facet normal 0 1 0
    outer loop
      vertex -5.01519 9 7.42365
      vertex -6.98481 9 7.42365
      vertex -6.96593 9 7.50882
    endloop
  endfacet
  facet normal 0 1 0
    outer loop
      vertex -5.00381 9 7.33716
      vertex -6.98481 9 7.42365
      vertex -5.01519 9 7.42365
    endloop
  endfacet
  facet normal 0 1 0
    outer loop
      vertex -5.00381 9 7.33716
      vertex -6.99619 9 7.33716
      vertex -6.98481 9 7.42365
    endloop
  endfacet
  facet normal 0 1 0
    outer loop
      vertex -5 9 7.25
      vertex -6.99619 9 7.33716
      vertex -5.00381 9 7.33716
    endloop
  endfacet
  facet normal 0 1 0
    outer loop
      vertex -5 9 7.25
      vertex -7 9 7.25
      vertex -6.99619 9 7.33716
    endloop
  endfacet
  facet normal 0 1 -0
    outer loop
      vertex -5.00381 9 7.16284
      vertex -7 9 7.25
      vertex -5 9 7.25
    endloop
  endfacet
  facet normal 0 1 0
    outer loop
      vertex -5.00381 9 7.16284
      vertex -6.99619 9 7.16284
      vertex -7 9 7.25
    endloop
  endfacet
  facet normal 0 1 -0
    outer loop
      vertex -5.01519 9 7.07635
      vertex -6.99619 9 7.16284
      vertex -5.00381 9 7.16284
    endloop
  endfacet
  facet normal 0 1 0
    outer loop
      vertex -5.01519 9 7.07635
      vertex -6.98481 9 7.07635
      vertex -6.99619 9 7.16284
    endloop
  endfacet
  facet normal 0 1 -0
    outer loop
      vertex -5.03407 9 6.99118
      vertex -6.98481 9 7.07635
      vertex -5.01519 9 7.07635
    endloop
  endfacet
  facet normal 0 1 0
    outer loop
      vertex -5.03407 9 6.99118
      vertex -6.96593 9 6.99118
      vertex -6.98481 9 7.07635
    endloop
  endfacet
  facet normal 0 1 -0
    outer loop
      vertex -5.06031 9 6.90798
      vertex -6.96593 9 6.99118
      vertex -5.03407 9 6.99118
    endloop
  endfacet
  facet normal 0 1 0
    outer loop
      vertex -5.06031 9 6.90798
      vertex -6.93969 9 6.90798
      vertex -6.96593 9 6.99118
    endloop
  endfacet
  facet normal 0 1 -0
    outer loop
      vertex -5.09369 9 6.82738
      vertex -6.93969 9 6.90798
      vertex -5.06031 9 6.90798
    endloop
  endfacet
  facet normal 0 1 0
    outer loop
      vertex -5.09369 9 6.82738
      vertex -6.90631 9 6.82738
      vertex -6.93969 9 6.90798
    endloop
  endfacet
  facet normal 0 1 -0
    outer loop
      vertex -5.13398 9 6.75
      vertex -6.90631 9 6.82738
      vertex -5.09369 9 6.82738
    endloop
  endfacet
  facet normal 0 1 0
    outer loop
      vertex -5.13398 9 6.75
      vertex -6.86602 9 6.75
      vertex -6.90631 9 6.82738
    endloop
  endfacet
  facet normal 0 1 -0
    outer loop
      vertex -5.18085 9 6.67642
      vertex -6.86602 9 6.75
      vertex -5.13398 9 6.75
    endloop
  endfacet
  facet normal 0 1 0
    outer loop
      vertex -5.18085 9 6.67642
      vertex -6.81915 9 6.67642
      vertex -6.86602 9 6.75
    endloop
  endfacet
  facet normal 0 1 -0
    outer loop
      vertex -5.23396 9 6.60721
      vertex -6.81915 9 6.67642
      vertex -5.18085 9 6.67642
    endloop
  endfacet
  facet normal 0 1 0
    outer loop
      vertex -5.23396 9 6.60721
      vertex -6.76604 9 6.60721
      vertex -6.81915 9 6.67642
    endloop
  endfacet
  facet normal 0 1 -0
    outer loop
      vertex -5.29289 9 6.54289
      vertex -6.76604 9 6.60721
      vertex -5.23396 9 6.60721
    endloop
  endfacet
  facet normal 0 1 0
    outer loop
      vertex -5.29289 9 6.54289
      vertex -6.70711 9 6.54289
      vertex -6.76604 9 6.60721
    endloop
  endfacet
  facet normal 0 1 -0
    outer loop
      vertex -5.35721 9 6.48396
      vertex -6.70711 9 6.54289
      vertex -5.29289 9 6.54289
    endloop
  endfacet
  facet normal 0 1 0
    outer loop
      vertex -5.35721 9 6.48396
      vertex -6.64279 9 6.48396
      vertex -6.70711 9 6.54289
    endloop
  endfacet
  facet normal 0 1 -0
    outer loop
      vertex -5.42642 9 6.43085
      vertex -6.64279 9 6.48396
      vertex -5.35721 9 6.48396
    endloop
  endfacet
  facet normal 0 1 0
    outer loop
      vertex -5.42642 9 6.43085
      vertex -6.57358 9 6.43085
      vertex -6.64279 9 6.48396
    endloop
  endfacet
  facet normal 0 1 -0
    outer loop
      vertex -5.5 9 6.38398
      vertex -6.57358 9 6.43085
      vertex -5.42642 9 6.43085
    endloop
  endfacet
  facet normal 0 1 0
    outer loop
      vertex -5.5 9 6.38398
      vertex -6.5 9 6.38398
      vertex -6.57358 9 6.43085
    endloop
  endfacet
  facet normal 0 1 -0
    outer loop
      vertex -5.57738 9 6.34369
      vertex -6.5 9 6.38398
      vertex -5.5 9 6.38398
    endloop
  endfacet
  facet normal 0 1 0
    outer loop
      vertex -5.57738 9 6.34369
      vertex -6.42262 9 6.34369
      vertex -6.5 9 6.38398
    endloop
  endfacet
  facet normal 0 1 -0
    outer loop
      vertex -5.65798 9 6.31031
      vertex -6.42262 9 6.34369
      vertex -5.57738 9 6.34369
    endloop
  endfacet
  facet normal 0 1 0
    outer loop
      vertex -5.65798 9 6.31031
      vertex -6.34202 9 6.31031
      vertex -6.42262 9 6.34369
    endloop
  endfacet
  facet normal 0 1 -0
    outer loop
      vertex -5.74118 9 6.28407
      vertex -6.34202 9 6.31031
      vertex -5.65798 9 6.31031
    endloop
  endfacet
  facet normal 0 1 0
    outer loop
      vertex -5.74118 9 6.28407
      vertex -6.25882 9 6.28407
      vertex -6.34202 9 6.31031
    endloop
  endfacet
  facet normal 0 1 -0
    outer loop
      vertex -5.82635 9 6.26519
      vertex -6.25882 9 6.28407
      vertex -5.74118 9 6.28407
    endloop
  endfacet
  facet normal 0 1 0
    outer loop
      vertex -5.82635 9 6.26519
      vertex -6.17365 9 6.26519
      vertex -6.25882 9 6.28407
    endloop
  endfacet
  facet normal 0 1 -0
    outer loop
      vertex -5.91284 9 6.25381
      vertex -6.17365 9 6.26519
      vertex -5.82635 9 6.26519
    endloop
  endfacet
  facet normal 0 1 0
    outer loop
      vertex -5.91284 9 6.25381
      vertex -6.08716 9 6.25381
      vertex -6.17365 9 6.26519
    endloop
  endfacet
  facet normal -0 1 0
    outer loop
      vertex -6.08716 9 6.25381
      vertex -5.91284 9 6.25381
      vertex -6 9 6.25
    endloop
  endfacet
  facet normal 0.953693 -0 0.30078
    outer loop
      vertex -5.06031 -9 7.59202
      vertex -5.03407 9 7.50882
      vertex -5.06031 9 7.59202
    endloop
  endfacet
  facet normal 0.953693 0 0.30078
    outer loop
      vertex -5.03407 9 7.50882
      vertex -5.06031 -9 7.59202
      vertex -5.03407 -9 7.50882
    endloop
  endfacet
  facet normal 0.793335 -0 0.608785
    outer loop
      vertex -5.23396 -9 7.89279
      vertex -5.18085 9 7.82358
      vertex -5.23396 9 7.89279
    endloop
  endfacet
  facet normal 0.793335 0 0.608785
    outer loop
      vertex -5.18085 9 7.82358
      vertex -5.23396 -9 7.89279
      vertex -5.18085 -9 7.82358
    endloop
  endfacet
  facet normal 0.130452 0 0.991455
    outer loop
      vertex -5.91284 9 8.24619
      vertex -5.82635 -9 8.23481
      vertex -5.82635 9 8.23481
    endloop
  endfacet
  facet normal 0.130452 0 0.991455
    outer loop
      vertex -5.82635 -9 8.23481
      vertex -5.91284 9 8.24619
      vertex -5.91284 -9 8.24619
    endloop
  endfacet
  facet normal 0.461825 0 0.886971
    outer loop
      vertex -5.57738 9 8.15631
      vertex -5.5 -9 8.11602
      vertex -5.5 9 8.11602
    endloop
  endfacet
  facet normal 0.461825 0 0.886971
    outer loop
      vertex -5.5 -9 8.11602
      vertex -5.57738 9 8.15631
      vertex -5.57738 -9 8.15631
    endloop
  endfacet
  facet normal 0.382629 0 0.923902
    outer loop
      vertex -5.65798 9 8.18969
      vertex -5.57738 -9 8.15631
      vertex -5.57738 9 8.15631
    endloop
  endfacet
  facet normal 0.382629 0 0.923902
    outer loop
      vertex -5.57738 -9 8.15631
      vertex -5.65798 9 8.18969
      vertex -5.65798 -9 8.18969
    endloop
  endfacet
  facet normal -0.886971 0 0.461825
    outer loop
      vertex -6.90631 6.4323 7.67262
      vertex -6.86602 9 7.75
      vertex -6.90631 9 7.67262
    endloop
  endfacet
  facet normal -0.88688 -6.64479e-06 0.461999
    outer loop
      vertex -6.89898 6.35568 7.68669
      vertex -6.86602 9 7.75
      vertex -6.90631 6.4323 7.67262
    endloop
  endfacet
  facet normal -0.887375 2.23034e-05 0.461048
    outer loop
      vertex -6.89776 6.31696 7.68904
      vertex -6.86602 9 7.75
      vertex -6.89898 6.35568 7.68669
    endloop
  endfacet
  facet normal -0.887255 1.55859e-05 0.46128
    outer loop
      vertex -6.89564 6.25 7.69312
      vertex -6.86602 9 7.75
      vertex -6.89776 6.31696 7.68904
    endloop
  endfacet
  facet normal -0.886866 0 0.462027
    outer loop
      vertex -6.90631 3.3073 7.67262
      vertex -6.89898 6.14432 7.68669
      vertex -6.90631 6.0677 7.67262
    endloop
  endfacet
  facet normal -0.886866 0 0.462027
    outer loop
      vertex -6.89898 3.23068 7.68669
      vertex -6.89898 6.14432 7.68669
      vertex -6.90631 3.3073 7.67262
    endloop
  endfacet
  facet normal -0.887526 0 0.460758
    outer loop
      vertex -6.89898 6.14432 7.68669
      vertex -6.89898 3.23068 7.68669
      vertex -6.89776 6.18304 7.68904
    endloop
  endfacet
  facet normal -0.887357 -3.28422e-07 0.461083
    outer loop
      vertex -6.89776 6.18304 7.68904
      vertex -6.89898 3.23068 7.68669
      vertex -6.89564 6.25 7.69312
    endloop
  endfacet
  facet normal -0.887522 5.31713e-07 0.460765
    outer loop
      vertex -6.89776 3.19196 7.68904
      vertex -6.89564 6.25 7.69312
      vertex -6.89898 3.23068 7.68669
    endloop
  endfacet
  facet normal -0.887359 0 0.461079
    outer loop
      vertex -6.89564 3.125 7.69312
      vertex -6.89564 6.25 7.69312
      vertex -6.89776 3.19196 7.68904
    endloop
  endfacet
  facet normal -0.886946 0 0.461873
    outer loop
      vertex -6.89564 6.25 7.69312
      vertex -6.89564 3.125 7.69312
      vertex -6.86602 9 7.75
    endloop
  endfacet
  facet normal -0.886866 0 0.462027
    outer loop
      vertex -6.90631 0.182298 7.67262
      vertex -6.89898 3.01932 7.68669
      vertex -6.90631 2.9427 7.67262
    endloop
  endfacet
  facet normal -0.886866 0 0.462027
    outer loop
      vertex -6.89898 0.105676 7.68669
      vertex -6.89898 3.01932 7.68669
      vertex -6.90631 0.182298 7.67262
    endloop
  endfacet
  facet normal -0.887526 0 0.460758
    outer loop
      vertex -6.89898 3.01932 7.68669
      vertex -6.89898 0.105676 7.68669
      vertex -6.89776 3.05804 7.68904
    endloop
  endfacet
  facet normal -0.887357 -3.28422e-07 0.461083
    outer loop
      vertex -6.89776 3.05804 7.68904
      vertex -6.89898 0.105676 7.68669
      vertex -6.89564 3.125 7.69312
    endloop
  endfacet
  facet normal -0.887522 5.31714e-07 0.460765
    outer loop
      vertex -6.89776 0.0669607 7.68904
      vertex -6.89564 3.125 7.69312
      vertex -6.89898 0.105676 7.68669
    endloop
  endfacet
  facet normal -0.887359 0 0.461079
    outer loop
      vertex -6.89564 0 7.69312
      vertex -6.89564 3.125 7.69312
      vertex -6.89776 0.0669607 7.68904
    endloop
  endfacet
  facet normal -0.886946 0 0.461873
    outer loop
      vertex -6.89564 3.125 7.69312
      vertex -6.89564 0 7.69312
      vertex -6.86602 9 7.75
    endloop
  endfacet
  facet normal -0.886866 0 0.462027
    outer loop
      vertex -6.90631 -2.9427 7.67262
      vertex -6.89898 -0.105676 7.68669
      vertex -6.90631 -0.182298 7.67262
    endloop
  endfacet
  facet normal -0.886866 0 0.462027
    outer loop
      vertex -6.89898 -3.01932 7.68669
      vertex -6.89898 -0.105676 7.68669
      vertex -6.90631 -2.9427 7.67262
    endloop
  endfacet
  facet normal -0.887526 0 0.460758
    outer loop
      vertex -6.89898 -0.105676 7.68669
      vertex -6.89898 -3.01932 7.68669
      vertex -6.89776 -0.0669607 7.68904
    endloop
  endfacet
  facet normal -0.887357 -3.28422e-07 0.461083
    outer loop
      vertex -6.89776 -0.0669607 7.68904
      vertex -6.89898 -3.01932 7.68669
      vertex -6.89564 0 7.69312
    endloop
  endfacet
  facet normal -0.887522 5.31713e-07 0.460765
    outer loop
      vertex -6.89776 -3.05804 7.68904
      vertex -6.89564 0 7.69312
      vertex -6.89898 -3.01932 7.68669
    endloop
  endfacet
  facet normal -0.887359 0 0.461079
    outer loop
      vertex -6.89564 -3.125 7.69312
      vertex -6.89564 0 7.69312
      vertex -6.89776 -3.05804 7.68904
    endloop
  endfacet
  facet normal -0.886946 0 0.461873
    outer loop
      vertex -6.89564 0 7.69312
      vertex -6.89564 -3.125 7.69312
      vertex -6.86602 9 7.75
    endloop
  endfacet
  facet normal -0.886866 0 0.462027
    outer loop
      vertex -6.90631 -6.0677 7.67262
      vertex -6.89898 -3.23068 7.68669
      vertex -6.90631 -3.3073 7.67262
    endloop
  endfacet
  facet normal -0.886866 0 0.462027
    outer loop
      vertex -6.89898 -6.14432 7.68669
      vertex -6.89898 -3.23068 7.68669
      vertex -6.90631 -6.0677 7.67262
    endloop
  endfacet
  facet normal -0.887526 0 0.460758
    outer loop
      vertex -6.89898 -3.23068 7.68669
      vertex -6.89898 -6.14432 7.68669
      vertex -6.89776 -3.19196 7.68904
    endloop
  endfacet
  facet normal -0.887357 -3.28422e-07 0.461083
    outer loop
      vertex -6.89776 -3.19196 7.68904
      vertex -6.89898 -6.14432 7.68669
      vertex -6.89564 -3.125 7.69312
    endloop
  endfacet
  facet normal -0.887522 5.31713e-07 0.460765
    outer loop
      vertex -6.89776 -6.18304 7.68904
      vertex -6.89564 -3.125 7.69312
      vertex -6.89898 -6.14432 7.68669
    endloop
  endfacet
  facet normal -0.887359 0 0.461079
    outer loop
      vertex -6.89564 -6.25 7.69312
      vertex -6.89564 -3.125 7.69312
      vertex -6.89776 -6.18304 7.68904
    endloop
  endfacet
  facet normal -0.886946 0 0.461873
    outer loop
      vertex -6.86602 -9 7.75
      vertex -6.89564 -3.125 7.69312
      vertex -6.89564 -6.25 7.69312
    endloop
  endfacet
  facet normal -0.886971 0 0.461825
    outer loop
      vertex -6.86602 -9 7.75
      vertex -6.90631 -6.4323 7.67262
      vertex -6.90631 -9 7.67262
    endloop
  endfacet
  facet normal -0.88688 6.64479e-06 0.461999
    outer loop
      vertex -6.90631 -6.4323 7.67262
      vertex -6.86602 -9 7.75
      vertex -6.89898 -6.35568 7.68669
    endloop
  endfacet
  facet normal -0.887375 -2.23034e-05 0.461048
    outer loop
      vertex -6.89898 -6.35568 7.68669
      vertex -6.86602 -9 7.75
      vertex -6.89776 -6.31696 7.68904
    endloop
  endfacet
  facet normal -0.886946 0 0.461873
    outer loop
      vertex -6.89564 -3.125 7.69312
      vertex -6.86602 -9 7.75
      vertex -6.86602 9 7.75
    endloop
  endfacet
  facet normal -0.887255 -1.55859e-05 0.46128
    outer loop
      vertex -6.89776 -6.31696 7.68904
      vertex -6.86602 -9 7.75
      vertex -6.89564 -6.25 7.69312
    endloop
  endfacet
  facet normal -0.991455 0 0.130452
    outer loop
      vertex -6.99619 6.87183 7.33716
      vertex -6.98481 9 7.42365
      vertex -6.99619 9 7.33716
    endloop
  endfacet
  facet normal -0.99145 -1.5285e-06 0.130489
    outer loop
      vertex -6.99231 6.85625 7.36664
      vertex -6.98481 9 7.42365
      vertex -6.99619 6.87183 7.33716
    endloop
  endfacet
  facet normal -0.991449 -1.69312e-06 0.130495
    outer loop
      vertex -6.98493 6.81998 7.42271
      vertex -6.98481 9 7.42365
      vertex -6.99231 6.85625 7.36664
    endloop
  endfacet
  facet normal -0.99195 0 0.126632
    outer loop
      vertex -6.98481 9 7.42365
      vertex -6.98493 6.81998 7.42271
      vertex -6.98481 6.81938 7.42365
    endloop
  endfacet
  facet normal -0.991455 0 0.130452
    outer loop
      vertex -6.98481 -9 7.42365
      vertex -6.99619 -6.87183 7.33716
      vertex -6.99619 -9 7.33716
    endloop
  endfacet
  facet normal -0.99145 1.5285e-06 0.130489
    outer loop
      vertex -6.99619 -6.87183 7.33716
      vertex -6.98481 -9 7.42365
      vertex -6.99231 -6.85625 7.36664
    endloop
  endfacet
  facet normal -0.991449 1.69312e-06 0.130495
    outer loop
      vertex -6.99231 -6.85625 7.36664
      vertex -6.98481 -9 7.42365
      vertex -6.98493 -6.81998 7.42271
    endloop
  endfacet
  facet normal -0.99195 0 0.126632
    outer loop
      vertex -6.98493 -6.81998 7.42271
      vertex -6.98481 -9 7.42365
      vertex -6.98481 -6.81938 7.42365
    endloop
  endfacet
  facet normal -0.99145 0 0.130489
    outer loop
      vertex -6.99619 -5.62817 7.33716
      vertex -6.99231 -3.73125 7.36664
      vertex -6.99619 -3.74683 7.33716
    endloop
  endfacet
  facet normal -0.99145 0 0.130489
    outer loop
      vertex -6.99231 -5.64375 7.36664
      vertex -6.99231 -3.73125 7.36664
      vertex -6.99619 -5.62817 7.33716
    endloop
  endfacet
  facet normal -0.991449 0 0.130496
    outer loop
      vertex -6.99231 -3.73125 7.36664
      vertex -6.99231 -5.64375 7.36664
      vertex -6.98493 -3.69498 7.42271
    endloop
  endfacet
  facet normal -0.991449 0 0.130496
    outer loop
      vertex -6.98493 -5.68002 7.42271
      vertex -6.98493 -3.69498 7.42271
      vertex -6.99231 -5.64375 7.36664
    endloop
  endfacet
  facet normal -0.99195 0 0.126632
    outer loop
      vertex -6.98493 -3.69498 7.42271
      vertex -6.98493 -5.68002 7.42271
      vertex -6.98481 -3.69438 7.42365
    endloop
  endfacet
  facet normal -0.99195 0 0.126632
    outer loop
      vertex -6.98481 -3.69438 7.42365
      vertex -6.98493 -5.68002 7.42271
      vertex -6.98481 -5.68062 7.42365
    endloop
  endfacet
  facet normal -0.99145 0 0.130489
    outer loop
      vertex -6.99619 -2.50317 7.33716
      vertex -6.99231 -0.60625 7.36664
      vertex -6.99619 -0.621831 7.33716
    endloop
  endfacet
  facet normal -0.99145 0 0.130489
    outer loop
      vertex -6.99231 -2.51875 7.36664
      vertex -6.99231 -0.60625 7.36664
      vertex -6.99619 -2.50317 7.33716
    endloop
  endfacet
  facet normal -0.991449 0 0.130496
    outer loop
      vertex -6.99231 -0.60625 7.36664
      vertex -6.99231 -2.51875 7.36664
      vertex -6.98493 -0.569981 7.42271
    endloop
  endfacet
  facet normal -0.991449 0 0.130496
    outer loop
      vertex -6.98493 -2.55502 7.42271
      vertex -6.98493 -0.569981 7.42271
      vertex -6.99231 -2.51875 7.36664
    endloop
  endfacet
  facet normal -0.99195 0 0.126632
    outer loop
      vertex -6.98493 -0.569981 7.42271
      vertex -6.98493 -2.55502 7.42271
      vertex -6.98481 -0.569377 7.42365
    endloop
  endfacet
  facet normal -0.99195 0 0.126632
    outer loop
      vertex -6.98481 -0.569377 7.42365
      vertex -6.98493 -2.55502 7.42271
      vertex -6.98481 -2.55562 7.42365
    endloop
  endfacet
  facet normal -0.99145 0 0.130489
    outer loop
      vertex -6.99619 0.621831 7.33716
      vertex -6.99231 2.51875 7.36664
      vertex -6.99619 2.50317 7.33716
    endloop
  endfacet
  facet normal -0.99145 0 0.130489
    outer loop
      vertex -6.99231 0.60625 7.36664
      vertex -6.99231 2.51875 7.36664
      vertex -6.99619 0.621831 7.33716
    endloop
  endfacet
  facet normal -0.991449 0 0.130496
    outer loop
      vertex -6.99231 2.51875 7.36664
      vertex -6.99231 0.60625 7.36664
      vertex -6.98493 2.55502 7.42271
    endloop
  endfacet
  facet normal -0.991449 0 0.130496
    outer loop
      vertex -6.98493 0.569981 7.42271
      vertex -6.98493 2.55502 7.42271
      vertex -6.99231 0.60625 7.36664
    endloop
  endfacet
  facet normal -0.99195 0 0.126632
    outer loop
      vertex -6.98493 2.55502 7.42271
      vertex -6.98493 0.569981 7.42271
      vertex -6.98481 2.55562 7.42365
    endloop
  endfacet
  facet normal -0.99195 0 0.126632
    outer loop
      vertex -6.98481 2.55562 7.42365
      vertex -6.98493 0.569981 7.42271
      vertex -6.98481 0.569377 7.42365
    endloop
  endfacet
  facet normal -0.99145 0 0.130489
    outer loop
      vertex -6.99619 3.74683 7.33716
      vertex -6.99231 5.64375 7.36664
      vertex -6.99619 5.62817 7.33716
    endloop
  endfacet
  facet normal -0.99145 0 0.130489
    outer loop
      vertex -6.99231 3.73125 7.36664
      vertex -6.99231 5.64375 7.36664
      vertex -6.99619 3.74683 7.33716
    endloop
  endfacet
  facet normal -0.991449 0 0.130496
    outer loop
      vertex -6.99231 5.64375 7.36664
      vertex -6.99231 3.73125 7.36664
      vertex -6.98493 5.68002 7.42271
    endloop
  endfacet
  facet normal -0.991449 0 0.130496
    outer loop
      vertex -6.98493 3.69498 7.42271
      vertex -6.98493 5.68002 7.42271
      vertex -6.99231 3.73125 7.36664
    endloop
  endfacet
  facet normal -0.99195 0 0.126632
    outer loop
      vertex -6.98493 5.68002 7.42271
      vertex -6.98493 3.69498 7.42271
      vertex -6.98481 5.68062 7.42365
    endloop
  endfacet
  facet normal -0.99195 0 0.126632
    outer loop
      vertex -6.98481 5.68062 7.42365
      vertex -6.98493 3.69498 7.42271
      vertex -6.98481 3.69438 7.42365
    endloop
  endfacet
  facet normal -0.537254 0 0.843421
    outer loop
      vertex -6.57358 9 8.06915
      vertex -6.5 -9 8.11602
      vertex -6.5 9 8.11602
    endloop
  endfacet
  facet normal -0.537254 0 0.843421
    outer loop
      vertex -6.5 -9 8.11602
      vertex -6.57358 9 8.06915
      vertex -6.57358 -9 8.06915
    endloop
  endfacet
  facet normal -0.216421 0 0.9763
    outer loop
      vertex -6.25882 9 8.21593
      vertex -6.17365 -9 8.23481
      vertex -6.17365 9 8.23481
    endloop
  endfacet
  facet normal -0.216421 0 0.9763
    outer loop
      vertex -6.17365 -9 8.23481
      vertex -6.25882 9 8.21593
      vertex -6.25882 -9 8.21593
    endloop
  endfacet
  facet normal -0.30078 0 0.953693
    outer loop
      vertex -6.34202 9 8.18969
      vertex -6.25882 -9 8.21593
      vertex -6.25882 9 8.21593
    endloop
  endfacet
  facet normal -0.30078 0 0.953693
    outer loop
      vertex -6.25882 -9 8.21593
      vertex -6.34202 9 8.18969
      vertex -6.34202 -9 8.18969
    endloop
  endfacet
  facet normal 0.130452 0 -0.991455
    outer loop
      vertex -5.91284 -9 6.25381
      vertex -5.82635 9 6.26519
      vertex -5.82635 -9 6.26519
    endloop
  endfacet
  facet normal 0.130452 0 -0.991455
    outer loop
      vertex -5.82635 9 6.26519
      vertex -5.91284 -9 6.25381
      vertex -5.91284 9 6.25381
    endloop
  endfacet
  facet normal 0.216421 0 -0.9763
    outer loop
      vertex -5.82635 -9 6.26519
      vertex -5.74118 9 6.28407
      vertex -5.74118 -9 6.28407
    endloop
  endfacet
  facet normal 0.216421 0 -0.9763
    outer loop
      vertex -5.74118 9 6.28407
      vertex -5.82635 -9 6.26519
      vertex -5.82635 9 6.26519
    endloop
  endfacet
  facet normal 0.30078 0 -0.953693
    outer loop
      vertex -5.74118 -9 6.28407
      vertex -5.65798 9 6.31031
      vertex -5.65798 -9 6.31031
    endloop
  endfacet
  facet normal 0.30078 0 -0.953693
    outer loop
      vertex -5.65798 9 6.31031
      vertex -5.74118 -9 6.28407
      vertex -5.74118 9 6.28407
    endloop
  endfacet
  facet normal 0.537254 0 -0.843421
    outer loop
      vertex -5.5 -9 6.38398
      vertex -5.42642 9 6.43085
      vertex -5.42642 -9 6.43085
    endloop
  endfacet
  facet normal 0.537254 0 -0.843421
    outer loop
      vertex -5.42642 9 6.43085
      vertex -5.5 -9 6.38398
      vertex -5.5 9 6.38398
    endloop
  endfacet
  facet normal 0.608785 0 -0.793335
    outer loop
      vertex -5.42642 -9 6.43085
      vertex -5.35721 9 6.48396
      vertex -5.35721 -9 6.48396
    endloop
  endfacet
  facet normal 0.608785 0 -0.793335
    outer loop
      vertex -5.35721 9 6.48396
      vertex -5.42642 -9 6.43085
      vertex -5.42642 9 6.43085
    endloop
  endfacet
  facet normal 0.461825 0 -0.886971
    outer loop
      vertex -5.57738 -9 6.34369
      vertex -5.5 9 6.38398
      vertex -5.5 -9 6.38398
    endloop
  endfacet
  facet normal 0.461825 0 -0.886971
    outer loop
      vertex -5.5 9 6.38398
      vertex -5.57738 -9 6.34369
      vertex -5.57738 9 6.34369
    endloop
  endfacet
  facet normal 0.843421 0 -0.537254
    outer loop
      vertex -5.13398 -9 6.75
      vertex -5.18085 9 6.67642
      vertex -5.13398 9 6.75
    endloop
  endfacet
  facet normal 0.843421 0 -0.537254
    outer loop
      vertex -5.18085 9 6.67642
      vertex -5.13398 -9 6.75
      vertex -5.18085 -9 6.67642
    endloop
  endfacet
  facet normal 0.793335 0 -0.608785
    outer loop
      vertex -5.18085 -9 6.67642
      vertex -5.23396 9 6.60721
      vertex -5.18085 9 6.67642
    endloop
  endfacet
  facet normal 0.793335 0 -0.608785
    outer loop
      vertex -5.23396 9 6.60721
      vertex -5.18085 -9 6.67642
      vertex -5.23396 -9 6.60721
    endloop
  endfacet
  facet normal 0.886971 0 -0.461825
    outer loop
      vertex -5.09369 -9 6.82738
      vertex -5.13398 9 6.75
      vertex -5.09369 9 6.82738
    endloop
  endfacet
  facet normal 0.886971 0 -0.461825
    outer loop
      vertex -5.13398 9 6.75
      vertex -5.09369 -9 6.82738
      vertex -5.13398 -9 6.75
    endloop
  endfacet
  facet normal 0.923902 0 -0.382629
    outer loop
      vertex -5.06031 -9 6.90798
      vertex -5.09369 9 6.82738
      vertex -5.06031 9 6.90798
    endloop
  endfacet
  facet normal 0.923902 0 -0.382629
    outer loop
      vertex -5.09369 9 6.82738
      vertex -5.06031 -9 6.90798
      vertex -5.09369 -9 6.82738
    endloop
  endfacet
  facet normal 0.991455 0 -0.130452
    outer loop
      vertex -5.00381 -9 7.16284
      vertex -5.01519 9 7.07635
      vertex -5.00381 9 7.16284
    endloop
  endfacet
  facet normal 0.991455 0 -0.130452
    outer loop
      vertex -5.01519 9 7.07635
      vertex -5.00381 -9 7.16284
      vertex -5.01519 -9 7.07635
    endloop
  endfacet
  facet normal -0.537254 0 -0.843421
    outer loop
      vertex -6.57358 -9 6.43085
      vertex -6.5 9 6.38398
      vertex -6.5 -9 6.38398
    endloop
  endfacet
  facet normal -0.537254 0 -0.843421
    outer loop
      vertex -6.5 9 6.38398
      vertex -6.57358 -9 6.43085
      vertex -6.57358 9 6.43085
    endloop
  endfacet
  facet normal -0.608041 0 -0.793905
    outer loop
      vertex -6.6408 3.1811 6.48243
      vertex -6.63781 6.25 6.48014
      vertex -6.63781 3.125 6.48014
    endloop
  endfacet
  facet normal -0.608041 0 -0.793905
    outer loop
      vertex -6.6408 3.1811 6.48243
      vertex -6.6408 6.1939 6.48243
      vertex -6.63781 6.25 6.48014
    endloop
  endfacet
  facet normal -0.609518 0 -0.792772
    outer loop
      vertex -6.64279 3.21836 6.48396
      vertex -6.6408 6.1939 6.48243
      vertex -6.6408 3.1811 6.48243
    endloop
  endfacet
  facet normal -0.609518 0 -0.792772
    outer loop
      vertex -6.6408 6.1939 6.48243
      vertex -6.64279 3.21836 6.48396
      vertex -6.64279 6.15664 6.48396
    endloop
  endfacet
  facet normal -0.608041 0 -0.793905
    outer loop
      vertex -6.6408 0.0560966 6.48243
      vertex -6.63781 3.125 6.48014
      vertex -6.63781 0 6.48014
    endloop
  endfacet
  facet normal -0.608041 0 -0.793905
    outer loop
      vertex -6.6408 0.0560966 6.48243
      vertex -6.6408 3.0689 6.48243
      vertex -6.63781 3.125 6.48014
    endloop
  endfacet
  facet normal -0.609518 0 -0.792772
    outer loop
      vertex -6.64279 0.0933615 6.48396
      vertex -6.6408 3.0689 6.48243
      vertex -6.6408 0.0560966 6.48243
    endloop
  endfacet
  facet normal -0.609518 0 -0.792772
    outer loop
      vertex -6.6408 3.0689 6.48243
      vertex -6.64279 0.0933615 6.48396
      vertex -6.64279 3.03164 6.48396
    endloop
  endfacet
  facet normal -0.608041 0 -0.793905
    outer loop
      vertex -6.6408 -3.0689 6.48243
      vertex -6.63781 0 6.48014
      vertex -6.63781 -3.125 6.48014
    endloop
  endfacet
  facet normal -0.608041 0 -0.793905
    outer loop
      vertex -6.6408 -3.0689 6.48243
      vertex -6.6408 -0.0560966 6.48243
      vertex -6.63781 0 6.48014
    endloop
  endfacet
  facet normal -0.609518 0 -0.792772
    outer loop
      vertex -6.64279 -3.03164 6.48396
      vertex -6.6408 -0.0560966 6.48243
      vertex -6.6408 -3.0689 6.48243
    endloop
  endfacet
  facet normal -0.609518 0 -0.792772
    outer loop
      vertex -6.6408 -0.0560966 6.48243
      vertex -6.64279 -3.03164 6.48396
      vertex -6.64279 -0.0933615 6.48396
    endloop
  endfacet
  facet normal -0.608041 0 -0.793905
    outer loop
      vertex -6.6408 -6.1939 6.48243
      vertex -6.63781 -3.125 6.48014
      vertex -6.63781 -6.25 6.48014
    endloop
  endfacet
  facet normal -0.608041 0 -0.793905
    outer loop
      vertex -6.6408 -6.1939 6.48243
      vertex -6.6408 -3.1811 6.48243
      vertex -6.63781 -3.125 6.48014
    endloop
  endfacet
  facet normal -0.609518 0 -0.792772
    outer loop
      vertex -6.64279 -6.15664 6.48396
      vertex -6.6408 -3.1811 6.48243
      vertex -6.6408 -6.1939 6.48243
    endloop
  endfacet
  facet normal -0.609518 0 -0.792772
    outer loop
      vertex -6.6408 -3.1811 6.48243
      vertex -6.64279 -6.15664 6.48396
      vertex -6.64279 -3.21836 6.48396
    endloop
  endfacet
  facet normal -0.608797 -0 -0.793326
    outer loop
      vertex -6.63781 -3.125 6.48014
      vertex -6.57358 -9 6.43085
      vertex -6.63781 -6.25 6.48014
    endloop
  endfacet
  facet normal -0.608272 1.94912e-05 -0.793729
    outer loop
      vertex -6.57358 -9 6.43085
      vertex -6.6408 -6.3061 6.48243
      vertex -6.63781 -6.25 6.48014
    endloop
  endfacet
  facet normal -0.608785 -0 -0.793335
    outer loop
      vertex -6.64279 -6.34336 6.48396
      vertex -6.57358 -9 6.43085
      vertex -6.64279 -9 6.48396
    endloop
  endfacet
  facet normal -0.609278 -2.04049e-05 -0.792957
    outer loop
      vertex -6.57358 -9 6.43085
      vertex -6.64279 -6.34336 6.48396
      vertex -6.6408 -6.3061 6.48243
    endloop
  endfacet
  facet normal -0.608797 0 -0.793326
    outer loop
      vertex -6.57358 -9 6.43085
      vertex -6.63781 -3.125 6.48014
      vertex -6.57358 9 6.43085
    endloop
  endfacet
  facet normal -0.608797 -0 -0.793326
    outer loop
      vertex -6.63781 0 6.48014
      vertex -6.57358 9 6.43085
      vertex -6.63781 -3.125 6.48014
    endloop
  endfacet
  facet normal -0.608797 -0 -0.793326
    outer loop
      vertex -6.63781 3.125 6.48014
      vertex -6.57358 9 6.43085
      vertex -6.63781 0 6.48014
    endloop
  endfacet
  facet normal -0.608797 -0 -0.793326
    outer loop
      vertex -6.63781 6.25 6.48014
      vertex -6.57358 9 6.43085
      vertex -6.63781 3.125 6.48014
    endloop
  endfacet
  facet normal -0.608272 -1.94912e-05 -0.793729
    outer loop
      vertex -6.6408 6.3061 6.48243
      vertex -6.57358 9 6.43085
      vertex -6.63781 6.25 6.48014
    endloop
  endfacet
  facet normal -0.609278 2.04049e-05 -0.792957
    outer loop
      vertex -6.64279 6.34336 6.48396
      vertex -6.57358 9 6.43085
      vertex -6.6408 6.3061 6.48243
    endloop
  endfacet
  facet normal -0.608785 0 -0.793335
    outer loop
      vertex -6.57358 9 6.43085
      vertex -6.64279 6.34336 6.48396
      vertex -6.64279 9 6.48396
    endloop
  endfacet
  facet normal -0.461825 0 -0.886971
    outer loop
      vertex -6.5 -9 6.38398
      vertex -6.42262 9 6.34369
      vertex -6.42262 -9 6.34369
    endloop
  endfacet
  facet normal -0.461825 0 -0.886971
    outer loop
      vertex -6.42262 9 6.34369
      vertex -6.5 -9 6.38398
      vertex -6.5 9 6.38398
    endloop
  endfacet
  facet normal -0.382629 0 -0.923902
    outer loop
      vertex -6.42262 -9 6.34369
      vertex -6.34202 9 6.31031
      vertex -6.34202 -9 6.31031
    endloop
  endfacet
  facet normal -0.382629 0 -0.923902
    outer loop
      vertex -6.34202 9 6.31031
      vertex -6.42262 -9 6.34369
      vertex -6.42262 9 6.34369
    endloop
  endfacet
  facet normal -0.216421 0 -0.9763
    outer loop
      vertex -6.25882 -9 6.28407
      vertex -6.17365 9 6.26519
      vertex -6.17365 -9 6.26519
    endloop
  endfacet
  facet normal -0.216421 0 -0.9763
    outer loop
      vertex -6.17365 9 6.26519
      vertex -6.25882 -9 6.28407
      vertex -6.25882 9 6.28407
    endloop
  endfacet
  facet normal -0.130452 0 -0.991455
    outer loop
      vertex -6.17365 -9 6.26519
      vertex -6.08716 9 6.25381
      vertex -6.08716 -9 6.25381
    endloop
  endfacet
  facet normal -0.130452 0 -0.991455
    outer loop
      vertex -6.08716 9 6.25381
      vertex -6.17365 -9 6.26519
      vertex -6.17365 9 6.26519
    endloop
  endfacet
  facet normal -0.043671 0 -0.999046
    outer loop
      vertex -6.08716 -9 6.25381
      vertex -6 9 6.25
      vertex -6 -9 6.25
    endloop
  endfacet
  facet normal -0.043671 0 -0.999046
    outer loop
      vertex -6 9 6.25
      vertex -6.08716 -9 6.25381
      vertex -6.08716 9 6.25381
    endloop
  endfacet
  facet normal -0.737325 0 -0.675538
    outer loop
      vertex -6.70711 9 6.54289
      vertex -6.76604 6.7272 6.60721
      vertex -6.76604 9 6.60721
    endloop
  endfacet
  facet normal -0.737309 -9.05367e-07 -0.675555
    outer loop
      vertex -6.70711 9 6.54289
      vertex -6.73158 6.6647 6.5696
      vertex -6.76604 6.7272 6.60721
    endloop
  endfacet
  facet normal -0.737349 0 -0.675512
    outer loop
      vertex -6.73158 6.6647 6.5696
      vertex -6.70711 9 6.54289
      vertex -6.70711 6.60639 6.54289
    endloop
  endfacet
  facet normal -0.737349 0 -0.675512
    outer loop
      vertex -6.70711 -9 6.54289
      vertex -6.73158 -6.6647 6.5696
      vertex -6.70711 -6.60639 6.54289
    endloop
  endfacet
  facet normal -0.737309 9.05367e-07 -0.675555
    outer loop
      vertex -6.70711 -9 6.54289
      vertex -6.76604 -6.7272 6.60721
      vertex -6.73158 -6.6647 6.5696
    endloop
  endfacet
  facet normal -0.737325 -0 -0.675538
    outer loop
      vertex -6.76604 -6.7272 6.60721
      vertex -6.70711 -9 6.54289
      vertex -6.76604 -9 6.60721
    endloop
  endfacet
  facet normal -0.737309 0 -0.675556
    outer loop
      vertex -6.73158 -3.5397 6.5696
      vertex -6.76604 -5.77279 6.60721
      vertex -6.76604 -3.6022 6.60721
    endloop
  endfacet
  facet normal -0.737349 0 -0.675512
    outer loop
      vertex -6.73158 -5.8353 6.5696
      vertex -6.73158 -3.5397 6.5696
      vertex -6.70711 -3.48139 6.54289
    endloop
  endfacet
  facet normal -0.737309 -0 -0.675556
    outer loop
      vertex -6.73158 -3.5397 6.5696
      vertex -6.73158 -5.8353 6.5696
      vertex -6.76604 -5.77279 6.60721
    endloop
  endfacet
  facet normal -0.737349 0 -0.675512
    outer loop
      vertex -6.73158 -5.8353 6.5696
      vertex -6.70711 -3.48139 6.54289
      vertex -6.70711 -5.89361 6.54289
    endloop
  endfacet
  facet normal -0.737309 0 -0.675556
    outer loop
      vertex -6.73158 -0.414699 6.5696
      vertex -6.76604 -2.64779 6.60721
      vertex -6.76604 -0.477204 6.60721
    endloop
  endfacet
  facet normal -0.737349 0 -0.675512
    outer loop
      vertex -6.73158 -2.7103 6.5696
      vertex -6.73158 -0.414699 6.5696
      vertex -6.70711 -0.356387 6.54289
    endloop
  endfacet
  facet normal -0.737309 -0 -0.675556
    outer loop
      vertex -6.73158 -0.414699 6.5696
      vertex -6.73158 -2.7103 6.5696
      vertex -6.76604 -2.64779 6.60721
    endloop
  endfacet
  facet normal -0.737349 0 -0.675512
    outer loop
      vertex -6.73158 -2.7103 6.5696
      vertex -6.70711 -0.356387 6.54289
      vertex -6.70711 -2.76861 6.54289
    endloop
  endfacet
  facet normal -0.737309 0 -0.675556
    outer loop
      vertex -6.73158 2.7103 6.5696
      vertex -6.76604 0.477204 6.60721
      vertex -6.76604 2.64779 6.60721
    endloop
  endfacet
  facet normal -0.737349 0 -0.675512
    outer loop
      vertex -6.73158 0.414699 6.5696
      vertex -6.73158 2.7103 6.5696
      vertex -6.70711 2.76861 6.54289
    endloop
  endfacet
  facet normal -0.737309 -0 -0.675556
    outer loop
      vertex -6.73158 2.7103 6.5696
      vertex -6.73158 0.414699 6.5696
      vertex -6.76604 0.477204 6.60721
    endloop
  endfacet
  facet normal -0.737349 0 -0.675512
    outer loop
      vertex -6.73158 0.414699 6.5696
      vertex -6.70711 2.76861 6.54289
      vertex -6.70711 0.356387 6.54289
    endloop
  endfacet
  facet normal -0.737309 0 -0.675556
    outer loop
      vertex -6.73158 5.8353 6.5696
      vertex -6.76604 3.6022 6.60721
      vertex -6.76604 5.77279 6.60721
    endloop
  endfacet
  facet normal -0.737349 0 -0.675512
    outer loop
      vertex -6.73158 3.5397 6.5696
      vertex -6.73158 5.8353 6.5696
      vertex -6.70711 5.89361 6.54289
    endloop
  endfacet
  facet normal -0.737309 -0 -0.675556
    outer loop
      vertex -6.73158 5.8353 6.5696
      vertex -6.73158 3.5397 6.5696
      vertex -6.76604 3.6022 6.60721
    endloop
  endfacet
  facet normal -0.737349 0 -0.675512
    outer loop
      vertex -6.73158 3.5397 6.5696
      vertex -6.70711 5.89361 6.54289
      vertex -6.70711 3.48139 6.54289
    endloop
  endfacet
  facet normal -0.9763 0 -0.216421
    outer loop
      vertex -6.96593 9 6.99118
      vertex -6.98481 6.93946 7.07635
      vertex -6.98481 9 7.07635
    endloop
  endfacet
  facet normal -0.9763 0 -0.216421
    outer loop
      vertex -6.98481 6.93946 7.07635
      vertex -6.96593 9 6.99118
      vertex -6.96593 6.93827 6.99118
    endloop
  endfacet
  facet normal -0.9763 0 -0.216421
    outer loop
      vertex -6.96593 -9 6.99118
      vertex -6.98481 -6.93946 7.07635
      vertex -6.96593 -6.93827 6.99118
    endloop
  endfacet
  facet normal -0.9763 -0 -0.216421
    outer loop
      vertex -6.98481 -6.93946 7.07635
      vertex -6.96593 -9 6.99118
      vertex -6.98481 -9 7.07635
    endloop
  endfacet
  facet normal -0.9763 0 -0.216421
    outer loop
      vertex -6.96593 -3.81327 6.99118
      vertex -6.98481 -5.56054 7.07635
      vertex -6.98481 -3.81446 7.07635
    endloop
  endfacet
  facet normal -0.9763 0 -0.216421
    outer loop
      vertex -6.98481 -5.56054 7.07635
      vertex -6.96593 -3.81327 6.99118
      vertex -6.96593 -5.56173 6.99118
    endloop
  endfacet
  facet normal -0.9763 0 -0.216421
    outer loop
      vertex -6.96593 -0.688268 6.99118
      vertex -6.98481 -2.43554 7.07635
      vertex -6.98481 -0.689463 7.07635
    endloop
  endfacet
  facet normal -0.9763 0 -0.216421
    outer loop
      vertex -6.98481 -2.43554 7.07635
      vertex -6.96593 -0.688268 6.99118
      vertex -6.96593 -2.43673 6.99118
    endloop
  endfacet
  facet normal -0.9763 0 -0.216421
    outer loop
      vertex -6.96593 2.43673 6.99118
      vertex -6.98481 0.689463 7.07635
      vertex -6.98481 2.43554 7.07635
    endloop
  endfacet
  facet normal -0.9763 0 -0.216421
    outer loop
      vertex -6.98481 0.689463 7.07635
      vertex -6.96593 2.43673 6.99118
      vertex -6.96593 0.688268 6.99118
    endloop
  endfacet
  facet normal -0.9763 0 -0.216421
    outer loop
      vertex -6.96593 5.56173 6.99118
      vertex -6.98481 3.81446 7.07635
      vertex -6.98481 5.56054 7.07635
    endloop
  endfacet
  facet normal -0.9763 0 -0.216421
    outer loop
      vertex -6.98481 3.81446 7.07635
      vertex -6.96593 5.56173 6.99118
      vertex -6.96593 3.81327 6.99118
    endloop
  endfacet
  facet normal -0.999046 0 -0.043671
    outer loop
      vertex -7 -9 7.25
      vertex -6.99619 -6.92872 7.16284
      vertex -6.99619 -9 7.16284
    endloop
  endfacet
  facet normal -0.999046 0 -0.043671
    outer loop
      vertex -6.99619 -6.92872 7.16284
      vertex -7 -9 7.25
      vertex -7 -6.90612 7.25
    endloop
  endfacet
  facet normal -0.999046 0 -0.043671
    outer loop
      vertex -6.99619 6.92872 7.16284
      vertex -7 9 7.25
      vertex -6.99619 9 7.16284
    endloop
  endfacet
  facet normal -0.999046 -0 -0.043671
    outer loop
      vertex -7 9 7.25
      vertex -6.99619 6.92872 7.16284
      vertex -7 6.90612 7.25
    endloop
  endfacet
  facet normal -0.999046 0 -0.043671
    outer loop
      vertex -6.99619 -5.57128 7.16284
      vertex -7 -3.78112 7.25
      vertex -6.99619 -3.80372 7.16284
    endloop
  endfacet
  facet normal -0.999046 -0 -0.043671
    outer loop
      vertex -7 -3.78112 7.25
      vertex -6.99619 -5.57128 7.16284
      vertex -7 -5.59388 7.25
    endloop
  endfacet
  facet normal -0.999046 0 -0.043671
    outer loop
      vertex -6.99619 -2.44628 7.16284
      vertex -7 -0.656119 7.25
      vertex -6.99619 -0.678719 7.16284
    endloop
  endfacet
  facet normal -0.999046 -0 -0.043671
    outer loop
      vertex -7 -0.656119 7.25
      vertex -6.99619 -2.44628 7.16284
      vertex -7 -2.46888 7.25
    endloop
  endfacet
  facet normal -0.999046 0 -0.043671
    outer loop
      vertex -6.99619 0.678719 7.16284
      vertex -7 2.46888 7.25
      vertex -6.99619 2.44628 7.16284
    endloop
  endfacet
  facet normal -0.999046 -0 -0.043671
    outer loop
      vertex -7 2.46888 7.25
      vertex -6.99619 0.678719 7.16284
      vertex -7 0.656119 7.25
    endloop
  endfacet
  facet normal -0.999046 0 -0.043671
    outer loop
      vertex -6.99619 3.80372 7.16284
      vertex -7 5.59388 7.25
      vertex -6.99619 5.57128 7.16284
    endloop
  endfacet
  facet normal -0.999046 -0 -0.043671
    outer loop
      vertex -7 5.59388 7.25
      vertex -6.99619 3.80372 7.16284
      vertex -7 3.78112 7.25
    endloop
  endfacet
  facet normal -0.991455 0 -0.130452
    outer loop
      vertex -6.99619 -9 7.16284
      vertex -6.98481 -6.93946 7.07635
      vertex -6.98481 -9 7.07635
    endloop
  endfacet
  facet normal -0.991455 0 -0.130452
    outer loop
      vertex -6.98481 -6.93946 7.07635
      vertex -6.99619 -9 7.16284
      vertex -6.99619 -6.92872 7.16284
    endloop
  endfacet
  facet normal -0.991455 0 -0.130452
    outer loop
      vertex -6.98481 6.93946 7.07635
      vertex -6.99619 9 7.16284
      vertex -6.98481 9 7.07635
    endloop
  endfacet
  facet normal -0.991455 -0 -0.130452
    outer loop
      vertex -6.99619 9 7.16284
      vertex -6.98481 6.93946 7.07635
      vertex -6.99619 6.92872 7.16284
    endloop
  endfacet
  facet normal -0.991455 0 -0.130452
    outer loop
      vertex -6.98481 -5.56054 7.07635
      vertex -6.99619 -3.80372 7.16284
      vertex -6.98481 -3.81446 7.07635
    endloop
  endfacet
  facet normal -0.991455 -0 -0.130452
    outer loop
      vertex -6.99619 -3.80372 7.16284
      vertex -6.98481 -5.56054 7.07635
      vertex -6.99619 -5.57128 7.16284
    endloop
  endfacet
  facet normal -0.991455 0 -0.130452
    outer loop
      vertex -6.98481 -2.43554 7.07635
      vertex -6.99619 -0.678719 7.16284
      vertex -6.98481 -0.689463 7.07635
    endloop
  endfacet
  facet normal -0.991455 -0 -0.130452
    outer loop
      vertex -6.99619 -0.678719 7.16284
      vertex -6.98481 -2.43554 7.07635
      vertex -6.99619 -2.44628 7.16284
    endloop
  endfacet
  facet normal -0.991455 0 -0.130452
    outer loop
      vertex -6.98481 0.689463 7.07635
      vertex -6.99619 2.44628 7.16284
      vertex -6.98481 2.43554 7.07635
    endloop
  endfacet
  facet normal -0.991455 -0 -0.130452
    outer loop
      vertex -6.99619 2.44628 7.16284
      vertex -6.98481 0.689463 7.07635
      vertex -6.99619 0.678719 7.16284
    endloop
  endfacet
  facet normal -0.991455 0 -0.130452
    outer loop
      vertex -6.98481 3.81446 7.07635
      vertex -6.99619 5.57128 7.16284
      vertex -6.98481 5.56054 7.07635
    endloop
  endfacet
  facet normal -0.991455 -0 -0.130452
    outer loop
      vertex -6.99619 5.57128 7.16284
      vertex -6.98481 3.81446 7.07635
      vertex -6.99619 3.80372 7.16284
    endloop
  endfacet
  facet normal 0.675538 0 0.737325
    outer loop
      vertex -5.35721 9 8.01604
      vertex -5.29289 -9 7.95711
      vertex -5.29289 9 7.95711
    endloop
  endfacet
  facet normal 0.675538 0 0.737325
    outer loop
      vertex -5.29289 -9 7.95711
      vertex -5.35721 9 8.01604
      vertex -5.35721 -9 8.01604
    endloop
  endfacet
  facet normal 0.608785 0 0.793335
    outer loop
      vertex -5.42642 9 8.06915
      vertex -5.35721 -9 8.01604
      vertex -5.35721 9 8.01604
    endloop
  endfacet
  facet normal 0.608785 0 0.793335
    outer loop
      vertex -5.35721 -9 8.01604
      vertex -5.42642 9 8.06915
      vertex -5.42642 -9 8.06915
    endloop
  endfacet
  facet normal -0.737325 0 0.675538
    outer loop
      vertex -6.76604 -9 7.89279
      vertex -6.70711 9 7.95711
      vertex -6.76604 9 7.89279
    endloop
  endfacet
  facet normal -0.737325 0 0.675538
    outer loop
      vertex -6.70711 9 7.95711
      vertex -6.76604 -9 7.89279
      vertex -6.70711 -9 7.95711
    endloop
  endfacet
  facet normal -0.608785 0 0.793335
    outer loop
      vertex -6.64279 9 8.01604
      vertex -6.57358 -9 8.06915
      vertex -6.57358 9 8.06915
    endloop
  endfacet
  facet normal -0.608785 0 0.793335
    outer loop
      vertex -6.57358 -9 8.06915
      vertex -6.64279 9 8.01604
      vertex -6.64279 -9 8.01604
    endloop
  endfacet
  facet normal 0.737325 0 -0.675538
    outer loop
      vertex -5.23396 -9 6.60721
      vertex -5.29289 9 6.54289
      vertex -5.23396 9 6.60721
    endloop
  endfacet
  facet normal 0.737325 0 -0.675538
    outer loop
      vertex -5.29289 9 6.54289
      vertex -5.23396 -9 6.60721
      vertex -5.29289 -9 6.54289
    endloop
  endfacet
  facet normal 0.999046 0 -0.043671
    outer loop
      vertex -5 -9 7.25
      vertex -5.00381 9 7.16284
      vertex -5 9 7.25
    endloop
  endfacet
  facet normal 0.999046 0 -0.043671
    outer loop
      vertex -5.00381 9 7.16284
      vertex -5 -9 7.25
      vertex -5.00381 -9 7.16284
    endloop
  endfacet
  facet normal 0.953693 0 -0.30078
    outer loop
      vertex -5.03407 -9 6.99118
      vertex -5.06031 9 6.90798
      vertex -5.03407 9 6.99118
    endloop
  endfacet
  facet normal 0.953693 0 -0.30078
    outer loop
      vertex -5.06031 9 6.90798
      vertex -5.03407 -9 6.99118
      vertex -5.06031 -9 6.90798
    endloop
  endfacet
  facet normal 0.9763 0 -0.216421
    outer loop
      vertex -5.01519 -9 7.07635
      vertex -5.03407 9 6.99118
      vertex -5.01519 9 7.07635
    endloop
  endfacet
  facet normal 0.9763 0 -0.216421
    outer loop
      vertex -5.03407 9 6.99118
      vertex -5.01519 -9 7.07635
      vertex -5.03407 -9 6.99118
    endloop
  endfacet
  facet normal -0.673754 0 -0.738956
    outer loop
      vertex -6.64347 6.35568 6.48458
      vertex -6.64279 9 6.48396
      vertex -6.64279 6.34336 6.48396
    endloop
  endfacet
  facet normal -0.675512 8.29048e-07 -0.737349
    outer loop
      vertex -6.661 6.46055 6.50064
      vertex -6.64279 9 6.48396
      vertex -6.64347 6.35568 6.48458
    endloop
  endfacet
  facet normal -0.675694 3.22149e-06 -0.737182
    outer loop
      vertex -6.67455 6.50868 6.51306
      vertex -6.64279 9 6.48396
      vertex -6.661 6.46055 6.50064
    endloop
  endfacet
  facet normal -0.675553 -8.75656e-08 -0.737312
    outer loop
      vertex -6.69007 6.56382 6.52728
      vertex -6.64279 9 6.48396
      vertex -6.67455 6.50868 6.51306
    endloop
  endfacet
  facet normal -0.675492 -2.23623e-06 -0.737367
    outer loop
      vertex -6.70711 6.60639 6.54289
      vertex -6.64279 9 6.48396
      vertex -6.69007 6.56382 6.52728
    endloop
  endfacet
  facet normal -0.675538 0 -0.737325
    outer loop
      vertex -6.64279 9 6.48396
      vertex -6.70711 6.60639 6.54289
      vertex -6.70711 9 6.54289
    endloop
  endfacet
  facet normal -0.673754 0 -0.738956
    outer loop
      vertex -6.64279 -9 6.48396
      vertex -6.64347 -6.35568 6.48458
      vertex -6.64279 -6.34336 6.48396
    endloop
  endfacet
  facet normal -0.675512 -8.29048e-07 -0.737349
    outer loop
      vertex -6.64279 -9 6.48396
      vertex -6.661 -6.46055 6.50064
      vertex -6.64347 -6.35568 6.48458
    endloop
  endfacet
  facet normal -0.675694 -3.22149e-06 -0.737182
    outer loop
      vertex -6.64279 -9 6.48396
      vertex -6.67455 -6.50868 6.51306
      vertex -6.661 -6.46055 6.50064
    endloop
  endfacet
  facet normal -0.675553 8.75656e-08 -0.737312
    outer loop
      vertex -6.64279 -9 6.48396
      vertex -6.69007 -6.56382 6.52728
      vertex -6.67455 -6.50868 6.51306
    endloop
  endfacet
  facet normal -0.675538 -0 -0.737325
    outer loop
      vertex -6.70711 -6.60639 6.54289
      vertex -6.64279 -9 6.48396
      vertex -6.70711 -9 6.54289
    endloop
  endfacet
  facet normal -0.675492 2.23623e-06 -0.737367
    outer loop
      vertex -6.64279 -9 6.48396
      vertex -6.70711 -6.60639 6.54289
      vertex -6.69007 -6.56382 6.52728
    endloop
  endfacet
  facet normal -0.673754 0 -0.738956
    outer loop
      vertex -6.64347 -6.14432 6.48458
      vertex -6.64279 -3.21836 6.48396
      vertex -6.64279 -6.15664 6.48396
    endloop
  endfacet
  facet normal -0.673754 0 -0.738956
    outer loop
      vertex -6.64347 -6.14432 6.48458
      vertex -6.64347 -3.23068 6.48458
      vertex -6.64279 -3.21836 6.48396
    endloop
  endfacet
  facet normal -0.675515 0 -0.737346
    outer loop
      vertex -6.661 -6.03945 6.50064
      vertex -6.64347 -3.23068 6.48458
      vertex -6.64347 -6.14432 6.48458
    endloop
  endfacet
  facet normal -0.675515 0 -0.737346
    outer loop
      vertex -6.661 -6.03945 6.50064
      vertex -6.661 -3.33555 6.50064
      vertex -6.64347 -3.23068 6.48458
    endloop
  endfacet
  facet normal -0.6757 0 -0.737177
    outer loop
      vertex -6.67455 -5.99132 6.51306
      vertex -6.661 -3.33555 6.50064
      vertex -6.661 -6.03945 6.50064
    endloop
  endfacet
  facet normal -0.6757 0 -0.737177
    outer loop
      vertex -6.67455 -5.99132 6.51306
      vertex -6.67455 -3.38368 6.51306
      vertex -6.661 -3.33555 6.50064
    endloop
  endfacet
  facet normal -0.675553 0 -0.737312
    outer loop
      vertex -6.69007 -5.93618 6.52728
      vertex -6.67455 -3.38368 6.51306
      vertex -6.67455 -5.99132 6.51306
    endloop
  endfacet
  facet normal -0.675553 0 -0.737312
    outer loop
      vertex -6.69007 -5.93618 6.52728
      vertex -6.69007 -3.43882 6.52728
      vertex -6.67455 -3.38368 6.51306
    endloop
  endfacet
  facet normal -0.675489 0 -0.73737
    outer loop
      vertex -6.70711 -5.89361 6.54289
      vertex -6.69007 -3.43882 6.52728
      vertex -6.69007 -5.93618 6.52728
    endloop
  endfacet
  facet normal -0.675489 0 -0.73737
    outer loop
      vertex -6.69007 -3.43882 6.52728
      vertex -6.70711 -5.89361 6.54289
      vertex -6.70711 -3.48139 6.54289
    endloop
  endfacet
  facet normal -0.673754 0 -0.738956
    outer loop
      vertex -6.64347 -3.01932 6.48458
      vertex -6.64279 -0.0933615 6.48396
      vertex -6.64279 -3.03164 6.48396
    endloop
  endfacet
  facet normal -0.673754 0 -0.738956
    outer loop
      vertex -6.64347 -3.01932 6.48458
      vertex -6.64347 -0.105676 6.48458
      vertex -6.64279 -0.0933615 6.48396
    endloop
  endfacet
  facet normal -0.675515 0 -0.737346
    outer loop
      vertex -6.661 -2.91445 6.50064
      vertex -6.64347 -0.105676 6.48458
      vertex -6.64347 -3.01932 6.48458
    endloop
  endfacet
  facet normal -0.675515 0 -0.737346
    outer loop
      vertex -6.661 -2.91445 6.50064
      vertex -6.661 -0.210548 6.50064
      vertex -6.64347 -0.105676 6.48458
    endloop
  endfacet
  facet normal -0.6757 0 -0.737177
    outer loop
      vertex -6.67455 -2.86632 6.51306
      vertex -6.661 -0.210548 6.50064
      vertex -6.661 -2.91445 6.50064
    endloop
  endfacet
  facet normal -0.6757 0 -0.737177
    outer loop
      vertex -6.67455 -2.86632 6.51306
      vertex -6.67455 -0.25868 6.51306
      vertex -6.661 -0.210548 6.50064
    endloop
  endfacet
  facet normal -0.675553 0 -0.737312
    outer loop
      vertex -6.69007 -2.81118 6.52728
      vertex -6.67455 -0.25868 6.51306
      vertex -6.67455 -2.86632 6.51306
    endloop
  endfacet
  facet normal -0.675553 0 -0.737312
    outer loop
      vertex -6.69007 -2.81118 6.52728
      vertex -6.69007 -0.313818 6.52728
      vertex -6.67455 -0.25868 6.51306
    endloop
  endfacet
  facet normal -0.675489 0 -0.73737
    outer loop
      vertex -6.70711 -2.76861 6.54289
      vertex -6.69007 -0.313818 6.52728
      vertex -6.69007 -2.81118 6.52728
    endloop
  endfacet
  facet normal -0.675489 0 -0.73737
    outer loop
      vertex -6.69007 -0.313818 6.52728
      vertex -6.70711 -2.76861 6.54289
      vertex -6.70711 -0.356387 6.54289
    endloop
  endfacet
  facet normal -0.673754 0 -0.738956
    outer loop
      vertex -6.64347 0.105676 6.48458
      vertex -6.64279 3.03164 6.48396
      vertex -6.64279 0.0933615 6.48396
    endloop
  endfacet
  facet normal -0.673754 0 -0.738956
    outer loop
      vertex -6.64347 0.105676 6.48458
      vertex -6.64347 3.01932 6.48458
      vertex -6.64279 3.03164 6.48396
    endloop
  endfacet
  facet normal -0.675515 0 -0.737346
    outer loop
      vertex -6.661 0.210548 6.50064
      vertex -6.64347 3.01932 6.48458
      vertex -6.64347 0.105676 6.48458
    endloop
  endfacet
  facet normal -0.675515 0 -0.737346
    outer loop
      vertex -6.661 0.210548 6.50064
      vertex -6.661 2.91445 6.50064
      vertex -6.64347 3.01932 6.48458
    endloop
  endfacet
  facet normal -0.6757 0 -0.737177
    outer loop
      vertex -6.67455 0.25868 6.51306
      vertex -6.661 2.91445 6.50064
      vertex -6.661 0.210548 6.50064
    endloop
  endfacet
  facet normal -0.6757 0 -0.737177
    outer loop
      vertex -6.67455 0.25868 6.51306
      vertex -6.67455 2.86632 6.51306
      vertex -6.661 2.91445 6.50064
    endloop
  endfacet
  facet normal -0.675553 0 -0.737312
    outer loop
      vertex -6.69007 0.313818 6.52728
      vertex -6.67455 2.86632 6.51306
      vertex -6.67455 0.25868 6.51306
    endloop
  endfacet
  facet normal -0.675553 0 -0.737312
    outer loop
      vertex -6.69007 0.313818 6.52728
      vertex -6.69007 2.81118 6.52728
      vertex -6.67455 2.86632 6.51306
    endloop
  endfacet
  facet normal -0.675489 0 -0.73737
    outer loop
      vertex -6.70711 0.356387 6.54289
      vertex -6.69007 2.81118 6.52728
      vertex -6.69007 0.313818 6.52728
    endloop
  endfacet
  facet normal -0.675489 0 -0.73737
    outer loop
      vertex -6.69007 2.81118 6.52728
      vertex -6.70711 0.356387 6.54289
      vertex -6.70711 2.76861 6.54289
    endloop
  endfacet
  facet normal -0.673754 0 -0.738956
    outer loop
      vertex -6.64347 3.23068 6.48458
      vertex -6.64279 6.15664 6.48396
      vertex -6.64279 3.21836 6.48396
    endloop
  endfacet
  facet normal -0.673754 0 -0.738956
    outer loop
      vertex -6.64347 3.23068 6.48458
      vertex -6.64347 6.14432 6.48458
      vertex -6.64279 6.15664 6.48396
    endloop
  endfacet
  facet normal -0.675515 0 -0.737346
    outer loop
      vertex -6.661 3.33555 6.50064
      vertex -6.64347 6.14432 6.48458
      vertex -6.64347 3.23068 6.48458
    endloop
  endfacet
  facet normal -0.675515 0 -0.737346
    outer loop
      vertex -6.661 3.33555 6.50064
      vertex -6.661 6.03945 6.50064
      vertex -6.64347 6.14432 6.48458
    endloop
  endfacet
  facet normal -0.6757 0 -0.737177
    outer loop
      vertex -6.67455 3.38368 6.51306
      vertex -6.661 6.03945 6.50064
      vertex -6.661 3.33555 6.50064
    endloop
  endfacet
  facet normal -0.6757 0 -0.737177
    outer loop
      vertex -6.67455 3.38368 6.51306
      vertex -6.67455 5.99132 6.51306
      vertex -6.661 6.03945 6.50064
    endloop
  endfacet
  facet normal -0.675553 0 -0.737312
    outer loop
      vertex -6.69007 3.43882 6.52728
      vertex -6.67455 5.99132 6.51306
      vertex -6.67455 3.38368 6.51306
    endloop
  endfacet
  facet normal -0.675553 0 -0.737312
    outer loop
      vertex -6.69007 3.43882 6.52728
      vertex -6.69007 5.93618 6.52728
      vertex -6.67455 5.99132 6.51306
    endloop
  endfacet
  facet normal -0.675489 0 -0.73737
    outer loop
      vertex -6.70711 3.48139 6.54289
      vertex -6.69007 5.93618 6.52728
      vertex -6.69007 3.43882 6.52728
    endloop
  endfacet
  facet normal -0.675489 0 -0.73737
    outer loop
      vertex -6.69007 5.93618 6.52728
      vertex -6.70711 3.48139 6.54289
      vertex -6.70711 5.89361 6.54289
    endloop
  endfacet
  facet normal -0.793335 0 -0.608785
    outer loop
      vertex -6.76604 9 6.60721
      vertex -6.81915 6.80655 6.67642
      vertex -6.81915 9 6.67642
    endloop
  endfacet
  facet normal -0.793294 -2.69393e-06 -0.608839
    outer loop
      vertex -6.76604 9 6.60721
      vertex -6.78667 6.76242 6.6341
      vertex -6.81915 6.80655 6.67642
    endloop
  endfacet
  facet normal -0.793402 0 -0.608698
    outer loop
      vertex -6.78667 6.76242 6.6341
      vertex -6.76604 9 6.60721
      vertex -6.76604 6.7272 6.60721
    endloop
  endfacet
  facet normal -0.793402 0 -0.608698
    outer loop
      vertex -6.76604 -9 6.60721
      vertex -6.78667 -6.76242 6.6341
      vertex -6.76604 -6.7272 6.60721
    endloop
  endfacet
  facet normal -0.793294 2.69393e-06 -0.608839
    outer loop
      vertex -6.76604 -9 6.60721
      vertex -6.81915 -6.80655 6.67642
      vertex -6.78667 -6.76242 6.6341
    endloop
  endfacet
  facet normal -0.793335 -0 -0.608785
    outer loop
      vertex -6.81915 -6.80655 6.67642
      vertex -6.76604 -9 6.60721
      vertex -6.81915 -9 6.67642
    endloop
  endfacet
  facet normal -0.793292 0 -0.608841
    outer loop
      vertex -6.78667 -3.63742 6.6341
      vertex -6.81915 -5.69345 6.67642
      vertex -6.81915 -3.68155 6.67642
    endloop
  endfacet
  facet normal -0.793402 0 -0.608698
    outer loop
      vertex -6.78667 -5.73757 6.6341
      vertex -6.78667 -3.63742 6.6341
      vertex -6.76604 -3.6022 6.60721
    endloop
  endfacet
  facet normal -0.793292 -0 -0.608841
    outer loop
      vertex -6.78667 -3.63742 6.6341
      vertex -6.78667 -5.73757 6.6341
      vertex -6.81915 -5.69345 6.67642
    endloop
  endfacet
  facet normal -0.793402 0 -0.608698
    outer loop
      vertex -6.78667 -5.73757 6.6341
      vertex -6.76604 -3.6022 6.60721
      vertex -6.76604 -5.77279 6.60721
    endloop
  endfacet
  facet normal -0.793292 0 -0.608841
    outer loop
      vertex -6.78667 -0.512424 6.6341
      vertex -6.81915 -2.56845 6.67642
      vertex -6.81915 -0.556548 6.67642
    endloop
  endfacet
  facet normal -0.793402 0 -0.608698
    outer loop
      vertex -6.78667 -2.61257 6.6341
      vertex -6.78667 -0.512424 6.6341
      vertex -6.76604 -0.477204 6.60721
    endloop
  endfacet
  facet normal -0.793292 -0 -0.608841
    outer loop
      vertex -6.78667 -0.512424 6.6341
      vertex -6.78667 -2.61257 6.6341
      vertex -6.81915 -2.56845 6.67642
    endloop
  endfacet
  facet normal -0.793402 0 -0.608698
    outer loop
      vertex -6.78667 -2.61257 6.6341
      vertex -6.76604 -0.477204 6.60721
      vertex -6.76604 -2.64779 6.60721
    endloop
  endfacet
  facet normal -0.793292 0 -0.608841
    outer loop
      vertex -6.78667 2.61257 6.6341
      vertex -6.81915 0.556548 6.67642
      vertex -6.81915 2.56845 6.67642
    endloop
  endfacet
  facet normal -0.793402 0 -0.608698
    outer loop
      vertex -6.78667 0.512424 6.6341
      vertex -6.78667 2.61257 6.6341
      vertex -6.76604 2.64779 6.60721
    endloop
  endfacet
  facet normal -0.793292 -0 -0.608841
    outer loop
      vertex -6.78667 2.61257 6.6341
      vertex -6.78667 0.512424 6.6341
      vertex -6.81915 0.556548 6.67642
    endloop
  endfacet
  facet normal -0.793402 0 -0.608698
    outer loop
      vertex -6.78667 0.512424 6.6341
      vertex -6.76604 2.64779 6.60721
      vertex -6.76604 0.477204 6.60721
    endloop
  endfacet
  facet normal -0.793292 0 -0.608841
    outer loop
      vertex -6.78667 5.73757 6.6341
      vertex -6.81915 3.68155 6.67642
      vertex -6.81915 5.69345 6.67642
    endloop
  endfacet
  facet normal -0.793402 0 -0.608698
    outer loop
      vertex -6.78667 3.63742 6.6341
      vertex -6.78667 5.73757 6.6341
      vertex -6.76604 5.77279 6.60721
    endloop
  endfacet
  facet normal -0.793292 -0 -0.608841
    outer loop
      vertex -6.78667 5.73757 6.6341
      vertex -6.78667 3.63742 6.6341
      vertex -6.81915 3.68155 6.67642
    endloop
  endfacet
  facet normal -0.793402 0 -0.608698
    outer loop
      vertex -6.78667 3.63742 6.6341
      vertex -6.76604 5.77279 6.60721
      vertex -6.76604 3.6022 6.60721
    endloop
  endfacet
  facet normal 0.824911 0.537384 -0.175332
    outer loop
      vertex 6.9984 -6.8917 7.28664
      vertex 6.85885 -6.85625 6.73873
      vertex 6.99231 -6.85625 7.36664
    endloop
  endfacet
  facet normal 0.825516 0.536584 -0.174931
    outer loop
      vertex 6.9984 -6.8917 7.28664
      vertex 6.99231 -6.85625 7.36664
      vertex 6.99619 -6.87183 7.33716
    endloop
  endfacet
  facet normal 0.825028 0.53719 -0.175374
    outer loop
      vertex 6.90089 -6.89527 6.81698
      vertex 6.85885 -6.85625 6.73873
      vertex 6.9984 -6.8917 7.28664
    endloop
  endfacet
  facet normal 0.825887 0.535427 -0.176715
    outer loop
      vertex 6.85885 -6.85625 6.73873
      vertex 6.90089 -6.89527 6.81698
      vertex 6.86602 -6.86359 6.75
    endloop
  endfacet
  facet normal 0.867667 -0.461667 -0.184435
    outer loop
      vertex 6.82517 -5.68591 6.68587
      vertex 6.99231 -5.64375 7.36664
      vertex 6.98493 -5.68002 7.42271
    endloop
  endfacet
  facet normal 0.867568 -0.461869 -0.184398
    outer loop
      vertex 6.99231 -5.64375 7.36664
      vertex 6.82517 -5.68591 6.68587
      vertex 6.85885 -5.64375 6.73873
    endloop
  endfacet
  facet normal 0.977223 -0.0434847 -0.20771
    outer loop
      vertex 6.89898 -6.14432 7.68669
      vertex 6.64279 -6.15664 6.48396
      vertex 6.64347 -6.14432 6.48458
    endloop
  endfacet
  facet normal 0.977227 -0.0433972 -0.207712
    outer loop
      vertex 6.89776 -6.18304 7.68904
      vertex 6.64279 -6.15664 6.48396
      vertex 6.89898 -6.14432 7.68669
    endloop
  endfacet
  facet normal 0.977214 -0.0436622 -0.207715
    outer loop
      vertex 6.64279 -6.15664 6.48396
      vertex 6.89776 -6.18304 7.68904
      vertex 6.6408 -6.1939 6.48243
    endloop
  endfacet
  facet normal 0.977214 0.0436622 -0.207715
    outer loop
      vertex 6.89776 -6.31696 7.68904
      vertex 6.64279 -6.34336 6.48396
      vertex 6.6408 -6.3061 6.48243
    endloop
  endfacet
  facet normal 0.977227 0.0433972 -0.207712
    outer loop
      vertex 6.89898 -6.35568 7.68669
      vertex 6.64279 -6.34336 6.48396
      vertex 6.89776 -6.31696 7.68904
    endloop
  endfacet
  facet normal 0.977223 0.0434847 -0.20771
    outer loop
      vertex 6.64279 -6.34336 6.48396
      vertex 6.89898 -6.35568 7.68669
      vertex 6.64347 -6.35568 6.48458
    endloop
  endfacet
  facet normal 0.969768 0.130626 -0.206125
    outer loop
      vertex 6.90631 -6.4323 7.67262
      vertex 6.64347 -6.35568 6.48458
      vertex 6.89898 -6.35568 7.68669
    endloop
  endfacet
  facet normal 0.969787 0.130458 -0.20614
    outer loop
      vertex 6.90882 -6.46055 7.66655
      vertex 6.64347 -6.35568 6.48458
      vertex 6.90631 -6.4323 7.67262
    endloop
  endfacet
  facet normal 0.969778 0.13054 -0.206131
    outer loop
      vertex 6.64347 -6.35568 6.48458
      vertex 6.90882 -6.46055 7.66655
      vertex 6.661 -6.46055 6.50064
    endloop
  endfacet
  facet normal 0.825516 -0.536584 -0.174931
    outer loop
      vertex 6.99231 -5.64375 7.36664
      vertex 6.9984 -5.6083 7.28664
      vertex 6.99619 -5.62817 7.33716
    endloop
  endfacet
  facet normal 0.825028 -0.53719 -0.175374
    outer loop
      vertex 6.9984 -5.6083 7.28664
      vertex 6.85885 -5.64375 6.73873
      vertex 6.90089 -5.60473 6.81698
    endloop
  endfacet
  facet normal 0.824911 -0.537384 -0.175332
    outer loop
      vertex 6.9984 -5.6083 7.28664
      vertex 6.99231 -5.64375 7.36664
      vertex 6.85885 -5.64375 6.73873
    endloop
  endfacet
  facet normal 0.825887 -0.535427 -0.176715
    outer loop
      vertex 6.90089 -5.60473 6.81698
      vertex 6.85885 -5.64375 6.73873
      vertex 6.86602 -5.63641 6.75
    endloop
  endfacet
  facet normal 0.825013 0.537214 -0.175371
    outer loop
      vertex 6.99619 -6.92872 7.16284
      vertex 6.90089 -6.89527 6.81698
      vertex 6.9984 -6.8917 7.28664
    endloop
  endfacet
  facet normal 0.825154 0.537015 -0.175314
    outer loop
      vertex 6.99619 -6.92872 7.16284
      vertex 6.9984 -6.8917 7.28664
      vertex 7 -6.90612 7.25
    endloop
  endfacet
  facet normal 0.824908 0.537389 -0.175326
    outer loop
      vertex 6.93969 -6.92514 6.90798
      vertex 6.90089 -6.89527 6.81698
      vertex 6.99619 -6.92872 7.16284
    endloop
  endfacet
  facet normal 0.823945 0.53919 -0.174324
    outer loop
      vertex 6.90089 -6.89527 6.81698
      vertex 6.93969 -6.92514 6.90798
      vertex 6.90631 -6.90019 6.82738
    endloop
  endfacet
  facet normal 0.824813 0.537543 -0.175302
    outer loop
      vertex 6.99619 -6.92872 7.16284
      vertex 6.96593 -6.93827 6.99118
      vertex 6.93969 -6.92514 6.90798
    endloop
  endfacet
  facet normal 0.824638 0.537817 -0.175287
    outer loop
      vertex 6.96593 -6.93827 6.99118
      vertex 6.99619 -6.92872 7.16284
      vertex 6.98481 -6.93946 7.07635
    endloop
  endfacet
  facet normal 0.977217 0.0435959 -0.207716
    outer loop
      vertex 6.89776 -6.31696 7.68904
      vertex 6.63781 -6.25 6.48014
      vertex 6.89564 -6.25 7.69312
    endloop
  endfacet
  facet normal 0.977217 0.0436044 -0.207716
    outer loop
      vertex 6.63781 -6.25 6.48014
      vertex 6.89776 -6.31696 7.68904
      vertex 6.6408 -6.3061 6.48243
    endloop
  endfacet
  facet normal 0.824638 -0.537817 -0.175287
    outer loop
      vertex 6.99619 -5.57128 7.16284
      vertex 6.96593 -5.56173 6.99118
      vertex 6.98481 -5.56054 7.07635
    endloop
  endfacet
  facet normal 0.824813 -0.537543 -0.175302
    outer loop
      vertex 6.99619 -5.57128 7.16284
      vertex 6.93969 -5.57486 6.90798
      vertex 6.96593 -5.56173 6.99118
    endloop
  endfacet
  facet normal 0.825154 -0.537015 -0.175314
    outer loop
      vertex 6.9984 -5.6083 7.28664
      vertex 6.99619 -5.57128 7.16284
      vertex 7 -5.59388 7.25
    endloop
  endfacet
  facet normal 0.824908 -0.537389 -0.175326
    outer loop
      vertex 6.99619 -5.57128 7.16284
      vertex 6.90089 -5.60473 6.81698
      vertex 6.93969 -5.57486 6.90798
    endloop
  endfacet
  facet normal 0.823945 -0.53919 -0.174324
    outer loop
      vertex 6.93969 -5.57486 6.90798
      vertex 6.90089 -5.60473 6.81698
      vertex 6.90631 -5.59981 6.82738
    endloop
  endfacet
  facet normal 0.825013 -0.537214 -0.175371
    outer loop
      vertex 6.99619 -5.57128 7.16284
      vertex 6.9984 -5.6083 7.28664
      vertex 6.90089 -5.60473 6.81698
    endloop
  endfacet
  facet normal 0.86761 0.461784 -0.184416
    outer loop
      vertex 6.98493 -6.81998 7.42271
      vertex 6.78667 -6.76242 6.6341
      vertex 6.96933 -6.76242 7.49345
    endloop
  endfacet
  facet normal 0.867647 0.461708 -0.184431
    outer loop
      vertex 6.82517 -6.81409 6.68587
      vertex 6.78667 -6.76242 6.6341
      vertex 6.98493 -6.81998 7.42271
    endloop
  endfacet
  facet normal 0.868876 0.460067 -0.182739
    outer loop
      vertex 6.98493 -6.81998 7.42271
      vertex 6.96933 -6.76242 7.49345
      vertex 6.98481 -6.81938 7.42365
    endloop
  endfacet
  facet normal 0.867531 0.462127 -0.183926
    outer loop
      vertex 6.78667 -6.76242 6.6341
      vertex 6.82517 -6.81409 6.68587
      vertex 6.81915 -6.80655 6.67642
    endloop
  endfacet
  facet normal 0.954964 0.216432 -0.202982
    outer loop
      vertex 6.92429 -6.56382 7.62921
      vertex 6.67455 -6.50868 6.51306
      vertex 6.91453 -6.49866 7.65277
    endloop
  endfacet
  facet normal 0.954962 0.216442 -0.202981
    outer loop
      vertex 6.67455 -6.50868 6.51306
      vertex 6.92429 -6.56382 7.62921
      vertex 6.69007 -6.56382 6.52728
    endloop
  endfacet
  facet normal 0.954962 -0.216442 -0.202981
    outer loop
      vertex 6.92429 -5.93618 7.62921
      vertex 6.67455 -5.99132 6.51306
      vertex 6.69007 -5.93618 6.52728
    endloop
  endfacet
  facet normal 0.954964 -0.216432 -0.202982
    outer loop
      vertex 6.67455 -5.99132 6.51306
      vertex 6.92429 -5.93618 7.62921
      vertex 6.91453 -6.00134 7.65277
    endloop
  endfacet
  facet normal 0.977217 -0.0435959 -0.207716
    outer loop
      vertex 6.63781 -6.25 6.48014
      vertex 6.89776 -6.18304 7.68904
      vertex 6.89564 -6.25 7.69312
    endloop
  endfacet
  facet normal 0.977217 -0.0436044 -0.207716
    outer loop
      vertex 6.89776 -6.18304 7.68904
      vertex 6.63781 -6.25 6.48014
      vertex 6.6408 -6.1939 6.48243
    endloop
  endfacet
  facet normal 0.954954 0.216475 -0.20298
    outer loop
      vertex 6.91453 -6.49866 7.65277
      vertex 6.661 -6.46055 6.50064
      vertex 6.90882 -6.46055 7.66655
    endloop
  endfacet
  facet normal 0.954956 0.216468 -0.202981
    outer loop
      vertex 6.661 -6.46055 6.50064
      vertex 6.91453 -6.49866 7.65277
      vertex 6.67455 -6.50868 6.51306
    endloop
  endfacet
  facet normal 0.867667 0.461667 -0.184435
    outer loop
      vertex 6.99231 -6.85625 7.36664
      vertex 6.82517 -6.81409 6.68587
      vertex 6.98493 -6.81998 7.42271
    endloop
  endfacet
  facet normal 0.867568 0.461869 -0.184398
    outer loop
      vertex 6.82517 -6.81409 6.68587
      vertex 6.99231 -6.85625 7.36664
      vertex 6.85885 -6.85625 6.73873
    endloop
  endfacet
  facet normal 0.93288 -0.300697 -0.198285
    outer loop
      vertex 6.69007 -5.93618 6.52728
      vertex 6.94519 -5.8353 7.57457
      vertex 6.93969 -5.86387 7.59202
    endloop
  endfacet
  facet normal 0.93289 -0.300661 -0.198289
    outer loop
      vertex 6.94519 -5.8353 7.57457
      vertex 6.70711 -5.89361 6.54289
      vertex 6.73158 -5.8353 6.5696
    endloop
  endfacet
  facet normal 0.93289 -0.300662 -0.19829
    outer loop
      vertex 6.69007 -5.93618 6.52728
      vertex 6.93969 -5.86387 7.59202
      vertex 6.92429 -5.93618 7.62921
    endloop
  endfacet
  facet normal 0.932877 -0.300705 -0.198284
    outer loop
      vertex 6.94519 -5.8353 7.57457
      vertex 6.69007 -5.93618 6.52728
      vertex 6.70711 -5.89361 6.54289
    endloop
  endfacet
  facet normal 0.903882 -0.382183 -0.192182
    outer loop
      vertex 6.73158 -5.8353 6.5696
      vertex 6.96933 -5.73757 7.49345
      vertex 6.96593 -5.75334 7.50882
    endloop
  endfacet
  facet normal 0.903692 -0.38268 -0.192085
    outer loop
      vertex 6.96933 -5.73757 7.49345
      vertex 6.76604 -5.77279 6.60721
      vertex 6.78667 -5.73757 6.6341
    endloop
  endfacet
  facet normal 0.90366 -0.382759 -0.192076
    outer loop
      vertex 6.73158 -5.8353 6.5696
      vertex 6.96593 -5.75334 7.50882
      vertex 6.94519 -5.8353 7.57457
    endloop
  endfacet
  facet normal 0.903717 -0.382618 -0.192093
    outer loop
      vertex 6.96933 -5.73757 7.49345
      vertex 6.73158 -5.8353 6.5696
      vertex 6.76604 -5.77279 6.60721
    endloop
  endfacet
  facet normal 0.90366 0.382759 -0.192076
    outer loop
      vertex 6.96593 -6.74666 7.50882
      vertex 6.73158 -6.6647 6.5696
      vertex 6.94519 -6.6647 7.57457
    endloop
  endfacet
  facet normal 0.903808 0.382376 -0.192147
    outer loop
      vertex 6.96933 -6.76242 7.49345
      vertex 6.73158 -6.6647 6.5696
      vertex 6.96593 -6.74666 7.50882
    endloop
  endfacet
  facet normal 0.903695 0.382672 -0.192086
    outer loop
      vertex 6.73158 -6.6647 6.5696
      vertex 6.96933 -6.76242 7.49345
      vertex 6.76604 -6.7272 6.60721
    endloop
  endfacet
  facet normal 0.903692 0.38268 -0.192085
    outer loop
      vertex 6.76604 -6.7272 6.60721
      vertex 6.96933 -6.76242 7.49345
      vertex 6.78667 -6.76242 6.6341
    endloop
  endfacet
  facet normal 0.93289 0.300662 -0.19829
    outer loop
      vertex 6.93969 -6.63613 7.59202
      vertex 6.69007 -6.56382 6.52728
      vertex 6.92429 -6.56382 7.62921
    endloop
  endfacet
  facet normal 0.93288 0.300697 -0.198285
    outer loop
      vertex 6.94519 -6.6647 7.57457
      vertex 6.69007 -6.56382 6.52728
      vertex 6.93969 -6.63613 7.59202
    endloop
  endfacet
  facet normal 0.932877 0.300705 -0.198284
    outer loop
      vertex 6.69007 -6.56382 6.52728
      vertex 6.94519 -6.6647 7.57457
      vertex 6.70711 -6.60639 6.54289
    endloop
  endfacet
  facet normal 0.93289 0.300661 -0.198289
    outer loop
      vertex 6.70711 -6.60639 6.54289
      vertex 6.94519 -6.6647 7.57457
      vertex 6.73158 -6.6647 6.5696
    endloop
  endfacet
  facet normal 0.86869 -0.460339 -0.182937
    outer loop
      vertex 6.96933 -5.73757 7.49345
      vertex 6.98493 -5.68002 7.42271
      vertex 6.98481 -5.68062 7.42365
    endloop
  endfacet
  facet normal 0.867611 -0.461779 -0.184422
    outer loop
      vertex 6.98493 -5.68002 7.42271
      vertex 6.78667 -5.73757 6.6341
      vertex 6.82517 -5.68591 6.68587
    endloop
  endfacet
  facet normal 0.867578 -0.461847 -0.184409
    outer loop
      vertex 6.98493 -5.68002 7.42271
      vertex 6.96933 -5.73757 7.49345
      vertex 6.78667 -5.73757 6.6341
    endloop
  endfacet
  facet normal 0.867409 -0.462508 -0.183544
    outer loop
      vertex 6.82517 -5.68591 6.68587
      vertex 6.78667 -5.73757 6.6341
      vertex 6.81915 -5.69345 6.67642
    endloop
  endfacet
  facet normal 0.969789 -0.130457 -0.206133
    outer loop
      vertex 6.90631 -6.0677 7.67262
      vertex 6.661 -6.03945 6.50064
      vertex 6.90882 -6.03945 7.66655
    endloop
  endfacet
  facet normal 0.969768 -0.130626 -0.206125
    outer loop
      vertex 6.64347 -6.14432 6.48458
      vertex 6.90631 -6.0677 7.67262
      vertex 6.89898 -6.14432 7.68669
    endloop
  endfacet
  facet normal 0.969778 -0.13054 -0.206133
    outer loop
      vertex 6.90631 -6.0677 7.67262
      vertex 6.64347 -6.14432 6.48458
      vertex 6.661 -6.03945 6.50064
    endloop
  endfacet
  facet normal 0.954954 -0.216475 -0.20298
    outer loop
      vertex 6.661 -6.03945 6.50064
      vertex 6.91453 -6.00134 7.65277
      vertex 6.90882 -6.03945 7.66655
    endloop
  endfacet
  facet normal 0.954956 -0.216468 -0.202981
    outer loop
      vertex 6.91453 -6.00134 7.65277
      vertex 6.661 -6.03945 6.50064
      vertex 6.67455 -5.99132 6.51306
    endloop
  endfacet
  facet normal 0.824911 0.537384 -0.175332
    outer loop
      vertex 6.9984 -3.7667 7.28664
      vertex 6.85885 -3.73125 6.73873
      vertex 6.99231 -3.73125 7.36664
    endloop
  endfacet
  facet normal 0.825516 0.536584 -0.174931
    outer loop
      vertex 6.9984 -3.7667 7.28664
      vertex 6.99231 -3.73125 7.36664
      vertex 6.99619 -3.74683 7.33716
    endloop
  endfacet
  facet normal 0.825028 0.53719 -0.175374
    outer loop
      vertex 6.90089 -3.77027 6.81698
      vertex 6.85885 -3.73125 6.73873
      vertex 6.9984 -3.7667 7.28664
    endloop
  endfacet
  facet normal 0.825887 0.535427 -0.176715
    outer loop
      vertex 6.85885 -3.73125 6.73873
      vertex 6.90089 -3.77027 6.81698
      vertex 6.86602 -3.73859 6.75
    endloop
  endfacet
  facet normal 0.954954 -0.216475 -0.20298
    outer loop
      vertex 6.661 -2.91445 6.50064
      vertex 6.91453 -2.87634 7.65277
      vertex 6.90882 -2.91445 7.66655
    endloop
  endfacet
  facet normal 0.954956 -0.216468 -0.202981
    outer loop
      vertex 6.91453 -2.87634 7.65277
      vertex 6.661 -2.91445 6.50064
      vertex 6.67455 -2.86632 6.51306
    endloop
  endfacet
  facet normal 0.825516 -0.536584 -0.174931
    outer loop
      vertex 6.99231 -2.51875 7.36664
      vertex 6.9984 -2.4833 7.28664
      vertex 6.99619 -2.50317 7.33716
    endloop
  endfacet
  facet normal 0.825028 -0.53719 -0.175374
    outer loop
      vertex 6.9984 -2.4833 7.28664
      vertex 6.85885 -2.51875 6.73873
      vertex 6.90089 -2.47973 6.81698
    endloop
  endfacet
  facet normal 0.824911 -0.537384 -0.175332
    outer loop
      vertex 6.9984 -2.4833 7.28664
      vertex 6.99231 -2.51875 7.36664
      vertex 6.85885 -2.51875 6.73873
    endloop
  endfacet
  facet normal 0.825887 -0.535427 -0.176715
    outer loop
      vertex 6.90089 -2.47973 6.81698
      vertex 6.85885 -2.51875 6.73873
      vertex 6.86602 -2.51141 6.75
    endloop
  endfacet
  facet normal 0.867667 -0.461667 -0.184435
    outer loop
      vertex 6.82517 -2.56091 6.68587
      vertex 6.99231 -2.51875 7.36664
      vertex 6.98493 -2.55502 7.42271
    endloop
  endfacet
  facet normal 0.867568 -0.461869 -0.184398
    outer loop
      vertex 6.99231 -2.51875 7.36664
      vertex 6.82517 -2.56091 6.68587
      vertex 6.85885 -2.51875 6.73873
    endloop
  endfacet
  facet normal 0.977217 -0.0435959 -0.207716
    outer loop
      vertex 6.63781 -3.125 6.48014
      vertex 6.89776 -3.05804 7.68904
      vertex 6.89564 -3.125 7.69312
    endloop
  endfacet
  facet normal 0.977217 -0.0436044 -0.207716
    outer loop
      vertex 6.89776 -3.05804 7.68904
      vertex 6.63781 -3.125 6.48014
      vertex 6.6408 -3.0689 6.48243
    endloop
  endfacet
  facet normal 0.86761 0.461784 -0.184416
    outer loop
      vertex 6.98493 -3.69498 7.42271
      vertex 6.78667 -3.63742 6.6341
      vertex 6.96933 -3.63742 7.49345
    endloop
  endfacet
  facet normal 0.867647 0.461708 -0.184431
    outer loop
      vertex 6.82517 -3.68909 6.68587
      vertex 6.78667 -3.63742 6.6341
      vertex 6.98493 -3.69498 7.42271
    endloop
  endfacet
  facet normal 0.868876 0.460067 -0.182739
    outer loop
      vertex 6.98493 -3.69498 7.42271
      vertex 6.96933 -3.63742 7.49345
      vertex 6.98481 -3.69438 7.42365
    endloop
  endfacet
  facet normal 0.867531 0.462127 -0.183926
    outer loop
      vertex 6.78667 -3.63742 6.6341
      vertex 6.82517 -3.68909 6.68587
      vertex 6.81915 -3.68155 6.67642
    endloop
  endfacet
  facet normal 0.825013 0.537214 -0.175371
    outer loop
      vertex 6.99619 -3.80372 7.16284
      vertex 6.90089 -3.77027 6.81698
      vertex 6.9984 -3.7667 7.28664
    endloop
  endfacet
  facet normal 0.825154 0.537015 -0.175314
    outer loop
      vertex 6.99619 -3.80372 7.16284
      vertex 6.9984 -3.7667 7.28664
      vertex 7 -3.78112 7.25
    endloop
  endfacet
  facet normal 0.824908 0.537389 -0.175326
    outer loop
      vertex 6.93969 -3.80014 6.90798
      vertex 6.90089 -3.77027 6.81698
      vertex 6.99619 -3.80372 7.16284
    endloop
  endfacet
  facet normal 0.823945 0.53919 -0.174324
    outer loop
      vertex 6.90089 -3.77027 6.81698
      vertex 6.93969 -3.80014 6.90798
      vertex 6.90631 -3.77519 6.82738
    endloop
  endfacet
  facet normal 0.824813 0.537543 -0.175302
    outer loop
      vertex 6.99619 -3.80372 7.16284
      vertex 6.96593 -3.81327 6.99118
      vertex 6.93969 -3.80014 6.90798
    endloop
  endfacet
  facet normal 0.824638 0.537817 -0.175287
    outer loop
      vertex 6.96593 -3.81327 6.99118
      vertex 6.99619 -3.80372 7.16284
      vertex 6.98481 -3.81446 7.07635
    endloop
  endfacet
  facet normal 0.954962 -0.216442 -0.202981
    outer loop
      vertex 6.92429 -2.81118 7.62921
      vertex 6.67455 -2.86632 6.51306
      vertex 6.69007 -2.81118 6.52728
    endloop
  endfacet
  facet normal 0.954964 -0.216432 -0.202982
    outer loop
      vertex 6.67455 -2.86632 6.51306
      vertex 6.92429 -2.81118 7.62921
      vertex 6.91453 -2.87634 7.65277
    endloop
  endfacet
  facet normal 0.969789 -0.130457 -0.206133
    outer loop
      vertex 6.90631 -2.9427 7.67262
      vertex 6.661 -2.91445 6.50064
      vertex 6.90882 -2.91445 7.66655
    endloop
  endfacet
  facet normal 0.969768 -0.130626 -0.206125
    outer loop
      vertex 6.64347 -3.01932 6.48458
      vertex 6.90631 -2.9427 7.67262
      vertex 6.89898 -3.01932 7.68669
    endloop
  endfacet
  facet normal 0.969778 -0.13054 -0.206133
    outer loop
      vertex 6.90631 -2.9427 7.67262
      vertex 6.64347 -3.01932 6.48458
      vertex 6.661 -2.91445 6.50064
    endloop
  endfacet
  facet normal 0.824638 -0.537817 -0.175287
    outer loop
      vertex 6.99619 -2.44628 7.16284
      vertex 6.96593 -2.43673 6.99118
      vertex 6.98481 -2.43554 7.07635
    endloop
  endfacet
  facet normal 0.824813 -0.537543 -0.175302
    outer loop
      vertex 6.99619 -2.44628 7.16284
      vertex 6.93969 -2.44986 6.90798
      vertex 6.96593 -2.43673 6.99118
    endloop
  endfacet
  facet normal 0.825154 -0.537015 -0.175314
    outer loop
      vertex 6.9984 -2.4833 7.28664
      vertex 6.99619 -2.44628 7.16284
      vertex 7 -2.46888 7.25
    endloop
  endfacet
  facet normal 0.824908 -0.537389 -0.175326
    outer loop
      vertex 6.99619 -2.44628 7.16284
      vertex 6.90089 -2.47973 6.81698
      vertex 6.93969 -2.44986 6.90798
    endloop
  endfacet
  facet normal 0.823945 -0.53919 -0.174324
    outer loop
      vertex 6.93969 -2.44986 6.90798
      vertex 6.90089 -2.47973 6.81698
      vertex 6.90631 -2.47481 6.82738
    endloop
  endfacet
  facet normal 0.825013 -0.537214 -0.175371
    outer loop
      vertex 6.99619 -2.44628 7.16284
      vertex 6.9984 -2.4833 7.28664
      vertex 6.90089 -2.47973 6.81698
    endloop
  endfacet
  facet normal 0.969768 0.130626 -0.206125
    outer loop
      vertex 6.90631 -3.3073 7.67262
      vertex 6.64347 -3.23068 6.48458
      vertex 6.89898 -3.23068 7.68669
    endloop
  endfacet
  facet normal 0.969787 0.130458 -0.20614
    outer loop
      vertex 6.90882 -3.33555 7.66655
      vertex 6.64347 -3.23068 6.48458
      vertex 6.90631 -3.3073 7.67262
    endloop
  endfacet
  facet normal 0.969778 0.13054 -0.206131
    outer loop
      vertex 6.64347 -3.23068 6.48458
      vertex 6.90882 -3.33555 7.66655
      vertex 6.661 -3.33555 6.50064
    endloop
  endfacet
  facet normal 0.90366 0.382759 -0.192076
    outer loop
      vertex 6.96593 -3.62166 7.50882
      vertex 6.73158 -3.5397 6.5696
      vertex 6.94519 -3.5397 7.57457
    endloop
  endfacet
  facet normal 0.903808 0.382376 -0.192147
    outer loop
      vertex 6.96933 -3.63742 7.49345
      vertex 6.73158 -3.5397 6.5696
      vertex 6.96593 -3.62166 7.50882
    endloop
  endfacet
  facet normal 0.903695 0.382672 -0.192086
    outer loop
      vertex 6.73158 -3.5397 6.5696
      vertex 6.96933 -3.63742 7.49345
      vertex 6.76604 -3.6022 6.60721
    endloop
  endfacet
  facet normal 0.903692 0.38268 -0.192085
    outer loop
      vertex 6.76604 -3.6022 6.60721
      vertex 6.96933 -3.63742 7.49345
      vertex 6.78667 -3.63742 6.6341
    endloop
  endfacet
  facet normal 0.93288 -0.300697 -0.198285
    outer loop
      vertex 6.69007 -2.81118 6.52728
      vertex 6.94519 -2.7103 7.57457
      vertex 6.93969 -2.73887 7.59202
    endloop
  endfacet
  facet normal 0.93289 -0.300661 -0.198289
    outer loop
      vertex 6.94519 -2.7103 7.57457
      vertex 6.70711 -2.76861 6.54289
      vertex 6.73158 -2.7103 6.5696
    endloop
  endfacet
  facet normal 0.93289 -0.300662 -0.19829
    outer loop
      vertex 6.69007 -2.81118 6.52728
      vertex 6.93969 -2.73887 7.59202
      vertex 6.92429 -2.81118 7.62921
    endloop
  endfacet
  facet normal 0.932877 -0.300705 -0.198284
    outer loop
      vertex 6.94519 -2.7103 7.57457
      vertex 6.69007 -2.81118 6.52728
      vertex 6.70711 -2.76861 6.54289
    endloop
  endfacet
  facet normal 0.954964 0.216432 -0.202982
    outer loop
      vertex 6.92429 -3.43882 7.62921
      vertex 6.67455 -3.38368 6.51306
      vertex 6.91453 -3.37366 7.65277
    endloop
  endfacet
  facet normal 0.954962 0.216442 -0.202981
    outer loop
      vertex 6.67455 -3.38368 6.51306
      vertex 6.92429 -3.43882 7.62921
      vertex 6.69007 -3.43882 6.52728
    endloop
  endfacet
  facet normal 0.954954 0.216475 -0.20298
    outer loop
      vertex 6.91453 -3.37366 7.65277
      vertex 6.661 -3.33555 6.50064
      vertex 6.90882 -3.33555 7.66655
    endloop
  endfacet
  facet normal 0.954956 0.216468 -0.202981
    outer loop
      vertex 6.661 -3.33555 6.50064
      vertex 6.91453 -3.37366 7.65277
      vertex 6.67455 -3.38368 6.51306
    endloop
  endfacet
  facet normal 0.93289 0.300662 -0.19829
    outer loop
      vertex 6.93969 -3.51113 7.59202
      vertex 6.69007 -3.43882 6.52728
      vertex 6.92429 -3.43882 7.62921
    endloop
  endfacet
  facet normal 0.93288 0.300697 -0.198285
    outer loop
      vertex 6.94519 -3.5397 7.57457
      vertex 6.69007 -3.43882 6.52728
      vertex 6.93969 -3.51113 7.59202
    endloop
  endfacet
  facet normal 0.932877 0.300705 -0.198284
    outer loop
      vertex 6.69007 -3.43882 6.52728
      vertex 6.94519 -3.5397 7.57457
      vertex 6.70711 -3.48139 6.54289
    endloop
  endfacet
  facet normal 0.93289 0.300661 -0.198289
    outer loop
      vertex 6.70711 -3.48139 6.54289
      vertex 6.94519 -3.5397 7.57457
      vertex 6.73158 -3.5397 6.5696
    endloop
  endfacet
  facet normal 0.867667 0.461667 -0.184435
    outer loop
      vertex 6.99231 -3.73125 7.36664
      vertex 6.82517 -3.68909 6.68587
      vertex 6.98493 -3.69498 7.42271
    endloop
  endfacet
  facet normal 0.867568 0.461869 -0.184398
    outer loop
      vertex 6.82517 -3.68909 6.68587
      vertex 6.99231 -3.73125 7.36664
      vertex 6.85885 -3.73125 6.73873
    endloop
  endfacet
  facet normal 0.977214 0.0436622 -0.207715
    outer loop
      vertex 6.89776 -3.19196 7.68904
      vertex 6.64279 -3.21836 6.48396
      vertex 6.6408 -3.1811 6.48243
    endloop
  endfacet
  facet normal 0.977227 0.0433972 -0.207712
    outer loop
      vertex 6.89898 -3.23068 7.68669
      vertex 6.64279 -3.21836 6.48396
      vertex 6.89776 -3.19196 7.68904
    endloop
  endfacet
  facet normal 0.977223 0.0434847 -0.20771
    outer loop
      vertex 6.64279 -3.21836 6.48396
      vertex 6.89898 -3.23068 7.68669
      vertex 6.64347 -3.23068 6.48458
    endloop
  endfacet
  facet normal 0.977217 0.0435959 -0.207716
    outer loop
      vertex 6.89776 -3.19196 7.68904
      vertex 6.63781 -3.125 6.48014
      vertex 6.89564 -3.125 7.69312
    endloop
  endfacet
  facet normal 0.977217 0.0436044 -0.207716
    outer loop
      vertex 6.63781 -3.125 6.48014
      vertex 6.89776 -3.19196 7.68904
      vertex 6.6408 -3.1811 6.48243
    endloop
  endfacet
  facet normal 0.903882 -0.382183 -0.192182
    outer loop
      vertex 6.73158 -2.7103 6.5696
      vertex 6.96933 -2.61257 7.49345
      vertex 6.96593 -2.62834 7.50882
    endloop
  endfacet
  facet normal 0.903692 -0.38268 -0.192085
    outer loop
      vertex 6.96933 -2.61257 7.49345
      vertex 6.76604 -2.64779 6.60721
      vertex 6.78667 -2.61257 6.6341
    endloop
  endfacet
  facet normal 0.90366 -0.382759 -0.192076
    outer loop
      vertex 6.73158 -2.7103 6.5696
      vertex 6.96593 -2.62834 7.50882
      vertex 6.94519 -2.7103 7.57457
    endloop
  endfacet
  facet normal 0.903717 -0.382618 -0.192093
    outer loop
      vertex 6.96933 -2.61257 7.49345
      vertex 6.73158 -2.7103 6.5696
      vertex 6.76604 -2.64779 6.60721
    endloop
  endfacet
  facet normal 0.86869 -0.460339 -0.182937
    outer loop
      vertex 6.96933 -2.61257 7.49345
      vertex 6.98493 -2.55502 7.42271
      vertex 6.98481 -2.55562 7.42365
    endloop
  endfacet
  facet normal 0.867611 -0.461779 -0.184422
    outer loop
      vertex 6.98493 -2.55502 7.42271
      vertex 6.78667 -2.61257 6.6341
      vertex 6.82517 -2.56091 6.68587
    endloop
  endfacet
  facet normal 0.867578 -0.461847 -0.184409
    outer loop
      vertex 6.98493 -2.55502 7.42271
      vertex 6.96933 -2.61257 7.49345
      vertex 6.78667 -2.61257 6.6341
    endloop
  endfacet
  facet normal 0.867409 -0.462508 -0.183544
    outer loop
      vertex 6.82517 -2.56091 6.68587
      vertex 6.78667 -2.61257 6.6341
      vertex 6.81915 -2.56845 6.67642
    endloop
  endfacet
  facet normal 0.977223 -0.0434847 -0.20771
    outer loop
      vertex 6.89898 -3.01932 7.68669
      vertex 6.64279 -3.03164 6.48396
      vertex 6.64347 -3.01932 6.48458
    endloop
  endfacet
  facet normal 0.977227 -0.0433972 -0.207712
    outer loop
      vertex 6.89776 -3.05804 7.68904
      vertex 6.64279 -3.03164 6.48396
      vertex 6.89898 -3.01932 7.68669
    endloop
  endfacet
  facet normal 0.977214 -0.0436622 -0.207715
    outer loop
      vertex 6.64279 -3.03164 6.48396
      vertex 6.89776 -3.05804 7.68904
      vertex 6.6408 -3.0689 6.48243
    endloop
  endfacet
  facet normal 0.824938 0.53734 -0.175337
    outer loop
      vertex 6.9984 -0.641704 7.28664
      vertex 6.85885 -0.60625 6.73873
      vertex 6.99231 -0.60625 7.36664
    endloop
  endfacet
  facet normal 0.825461 0.536649 -0.174991
    outer loop
      vertex 6.9984 -0.641704 7.28664
      vertex 6.99231 -0.60625 7.36664
      vertex 6.99619 -0.621831 7.33716
    endloop
  endfacet
  facet normal 0.825025 0.537197 -0.175369
    outer loop
      vertex 6.90089 -0.64527 6.81698
      vertex 6.85885 -0.60625 6.73873
      vertex 6.9984 -0.641704 7.28664
    endloop
  endfacet
  facet normal 0.826231 0.534718 -0.177253
    outer loop
      vertex 6.85885 -0.60625 6.73873
      vertex 6.90089 -0.64527 6.81698
      vertex 6.86602 -0.613593 6.75
    endloop
  endfacet
  facet normal 0.867665 0.461674 -0.184432
    outer loop
      vertex 6.99231 -0.60625 7.36664
      vertex 6.82517 -0.564086 6.68587
      vertex 6.98493 -0.569981 7.42271
    endloop
  endfacet
  facet normal 0.867586 0.461834 -0.184402
    outer loop
      vertex 6.82517 -0.564086 6.68587
      vertex 6.99231 -0.60625 7.36664
      vertex 6.85885 -0.60625 6.73873
    endloop
  endfacet
  facet normal 0.954964 0.216429 -0.202983
    outer loop
      vertex 6.92429 -0.313818 7.62921
      vertex 6.67455 -0.25868 6.51306
      vertex 6.91453 -0.248657 7.65277
    endloop
  endfacet
  facet normal 0.95496 0.216449 -0.202981
    outer loop
      vertex 6.67455 -0.25868 6.51306
      vertex 6.92429 -0.313818 7.62921
      vertex 6.69007 -0.313818 6.52728
    endloop
  endfacet
  facet normal 0.8676 0.461803 -0.184414
    outer loop
      vertex 6.98493 -0.569981 7.42271
      vertex 6.78667 -0.512424 6.6341
      vertex 6.96933 -0.512424 7.49345
    endloop
  endfacet
  facet normal 0.867617 0.461767 -0.184421
    outer loop
      vertex 6.82517 -0.564086 6.68587
      vertex 6.78667 -0.512424 6.6341
      vertex 6.98493 -0.569981 7.42271
    endloop
  endfacet
  facet normal 0.862736 0.468291 -0.190765
    outer loop
      vertex 6.98493 -0.569981 7.42271
      vertex 6.96933 -0.512424 7.49345
      vertex 6.98481 -0.569377 7.42365
    endloop
  endfacet
  facet normal 0.867551 0.462006 -0.184133
    outer loop
      vertex 6.78667 -0.512424 6.6341
      vertex 6.82517 -0.564086 6.68587
      vertex 6.81915 -0.556548 6.67642
    endloop
  endfacet
  facet normal 0.932891 0.300659 -0.19829
    outer loop
      vertex 6.93969 -0.386129 7.59202
      vertex 6.69007 -0.313818 6.52728
      vertex 6.92429 -0.313818 7.62921
    endloop
  endfacet
  facet normal 0.93288 0.300697 -0.198285
    outer loop
      vertex 6.94519 -0.414699 7.57457
      vertex 6.69007 -0.313818 6.52728
      vertex 6.93969 -0.386129 7.59202
    endloop
  endfacet
  facet normal 0.932875 0.300712 -0.198282
    outer loop
      vertex 6.69007 -0.313818 6.52728
      vertex 6.94519 -0.414699 7.57457
      vertex 6.70711 -0.356387 6.54289
    endloop
  endfacet
  facet normal 0.932893 0.300651 -0.19829
    outer loop
      vertex 6.70711 -0.356387 6.54289
      vertex 6.94519 -0.414699 7.57457
      vertex 6.73158 -0.414699 6.5696
    endloop
  endfacet
  facet normal 0.867665 -0.461674 -0.184432
    outer loop
      vertex 6.82517 0.564086 6.68587
      vertex 6.99231 0.60625 7.36664
      vertex 6.98493 0.569981 7.42271
    endloop
  endfacet
  facet normal 0.867586 -0.461834 -0.184402
    outer loop
      vertex 6.99231 0.60625 7.36664
      vertex 6.82517 0.564086 6.68587
      vertex 6.85885 0.60625 6.73873
    endloop
  endfacet
  facet normal 0.824987 0.537257 -0.175362
    outer loop
      vertex 6.99619 -0.678719 7.16284
      vertex 6.90089 -0.64527 6.81698
      vertex 6.9984 -0.641704 7.28664
    endloop
  endfacet
  facet normal 0.824892 0.53739 -0.1754
    outer loop
      vertex 6.99619 -0.678719 7.16284
      vertex 6.9984 -0.641704 7.28664
      vertex 7 -0.656119 7.25
    endloop
  endfacet
  facet normal 0.824955 0.537311 -0.175347
    outer loop
      vertex 6.93969 -0.675144 6.90798
      vertex 6.90089 -0.64527 6.81698
      vertex 6.99619 -0.678719 7.16284
    endloop
  endfacet
  facet normal 0.823598 0.539844 -0.173938
    outer loop
      vertex 6.90089 -0.64527 6.81698
      vertex 6.93969 -0.675144 6.90798
      vertex 6.90631 -0.650188 6.82738
    endloop
  endfacet
  facet normal 0.824725 0.537682 -0.175291
    outer loop
      vertex 6.99619 -0.678719 7.16284
      vertex 6.96593 -0.688268 6.99118
      vertex 6.93969 -0.675144 6.90798
    endloop
  endfacet
  facet normal 0.824822 0.537529 -0.1753
    outer loop
      vertex 6.96593 -0.688268 6.99118
      vertex 6.99619 -0.678719 7.16284
      vertex 6.98481 -0.689463 7.07635
    endloop
  endfacet
  facet normal 0.977223 -0.0435041 -0.20771
    outer loop
      vertex 6.89898 0.105676 7.68669
      vertex 6.64279 0.0933615 6.48396
      vertex 6.64347 0.105676 6.48458
    endloop
  endfacet
  facet normal 0.977227 -0.0434025 -0.207712
    outer loop
      vertex 6.89776 0.0669607 7.68904
      vertex 6.64279 0.0933615 6.48396
      vertex 6.89898 0.105676 7.68669
    endloop
  endfacet
  facet normal 0.977215 -0.0436565 -0.207715
    outer loop
      vertex 6.64279 0.0933615 6.48396
      vertex 6.89776 0.0669607 7.68904
      vertex 6.6408 0.0560966 6.48243
    endloop
  endfacet
  facet normal 0.825461 -0.536649 -0.174991
    outer loop
      vertex 6.99231 0.60625 7.36664
      vertex 6.9984 0.641704 7.28664
      vertex 6.99619 0.621831 7.33716
    endloop
  endfacet
  facet normal 0.825025 -0.537197 -0.175369
    outer loop
      vertex 6.9984 0.641704 7.28664
      vertex 6.85885 0.60625 6.73873
      vertex 6.90089 0.64527 6.81698
    endloop
  endfacet
  facet normal 0.824938 -0.53734 -0.175337
    outer loop
      vertex 6.9984 0.641704 7.28664
      vertex 6.99231 0.60625 7.36664
      vertex 6.85885 0.60625 6.73873
    endloop
  endfacet
  facet normal 0.826231 -0.534718 -0.177253
    outer loop
      vertex 6.90089 0.64527 6.81698
      vertex 6.85885 0.60625 6.73873
      vertex 6.86602 0.613593 6.75
    endloop
  endfacet
  facet normal 0.93288 -0.300697 -0.198285
    outer loop
      vertex 6.69007 0.313818 6.52728
      vertex 6.94519 0.414699 7.57457
      vertex 6.93969 0.386129 7.59202
    endloop
  endfacet
  facet normal 0.932893 -0.300651 -0.19829
    outer loop
      vertex 6.94519 0.414699 7.57457
      vertex 6.70711 0.356387 6.54289
      vertex 6.73158 0.414699 6.5696
    endloop
  endfacet
  facet normal 0.932891 -0.300659 -0.19829
    outer loop
      vertex 6.69007 0.313818 6.52728
      vertex 6.93969 0.386129 7.59202
      vertex 6.92429 0.313818 7.62921
    endloop
  endfacet
  facet normal 0.932875 -0.300712 -0.198282
    outer loop
      vertex 6.94519 0.414699 7.57457
      vertex 6.69007 0.313818 6.52728
      vertex 6.70711 0.356387 6.54289
    endloop
  endfacet
  facet normal 0.824822 -0.537529 -0.1753
    outer loop
      vertex 6.99619 0.678719 7.16284
      vertex 6.96593 0.688268 6.99118
      vertex 6.98481 0.689463 7.07635
    endloop
  endfacet
  facet normal 0.824725 -0.537682 -0.175291
    outer loop
      vertex 6.99619 0.678719 7.16284
      vertex 6.93969 0.675144 6.90798
      vertex 6.96593 0.688268 6.99118
    endloop
  endfacet
  facet normal 0.824892 -0.53739 -0.1754
    outer loop
      vertex 6.9984 0.641704 7.28664
      vertex 6.99619 0.678719 7.16284
      vertex 7 0.656119 7.25
    endloop
  endfacet
  facet normal 0.824955 -0.537311 -0.175347
    outer loop
      vertex 6.99619 0.678719 7.16284
      vertex 6.90089 0.64527 6.81698
      vertex 6.93969 0.675144 6.90798
    endloop
  endfacet
  facet normal 0.823598 -0.539844 -0.173938
    outer loop
      vertex 6.93969 0.675144 6.90798
      vertex 6.90089 0.64527 6.81698
      vertex 6.90631 0.650188 6.82738
    endloop
  endfacet
  facet normal 0.824987 -0.537257 -0.175362
    outer loop
      vertex 6.99619 0.678719 7.16284
      vertex 6.9984 0.641704 7.28664
      vertex 6.90089 0.64527 6.81698
    endloop
  endfacet
  facet normal 0.954953 0.21648 -0.20298
    outer loop
      vertex 6.91453 -0.248657 7.65277
      vertex 6.661 -0.210548 6.50064
      vertex 6.90882 -0.210548 7.66655
    endloop
  endfacet
  facet normal 0.954957 0.21646 -0.202982
    outer loop
      vertex 6.661 -0.210548 6.50064
      vertex 6.91453 -0.248657 7.65277
      vertex 6.67455 -0.25868 6.51306
    endloop
  endfacet
  facet normal 0.969768 0.130623 -0.206125
    outer loop
      vertex 6.90631 -0.182298 7.67262
      vertex 6.64347 -0.105676 6.48458
      vertex 6.89898 -0.105676 7.68669
    endloop
  endfacet
  facet normal 0.969787 0.130458 -0.20614
    outer loop
      vertex 6.90882 -0.210548 7.66655
      vertex 6.64347 -0.105676 6.48458
      vertex 6.90631 -0.182298 7.67262
    endloop
  endfacet
  facet normal 0.969778 0.130538 -0.206131
    outer loop
      vertex 6.64347 -0.105676 6.48458
      vertex 6.90882 -0.210548 7.66655
      vertex 6.661 -0.210548 6.50064
    endloop
  endfacet
  facet normal 0.903664 0.382751 -0.192077
    outer loop
      vertex 6.96593 -0.496661 7.50882
      vertex 6.73158 -0.414699 6.5696
      vertex 6.94519 -0.414699 7.57457
    endloop
  endfacet
  facet normal 0.90383 0.382317 -0.192156
    outer loop
      vertex 6.96933 -0.512424 7.49345
      vertex 6.73158 -0.414699 6.5696
      vertex 6.96593 -0.496661 7.50882
    endloop
  endfacet
  facet normal 0.903706 0.382645 -0.19209
    outer loop
      vertex 6.73158 -0.414699 6.5696
      vertex 6.96933 -0.512424 7.49345
      vertex 6.76604 -0.477204 6.60721
    endloop
  endfacet
  facet normal 0.903692 0.38268 -0.192085
    outer loop
      vertex 6.76604 -0.477204 6.60721
      vertex 6.96933 -0.512424 7.49345
      vertex 6.78667 -0.512424 6.6341
    endloop
  endfacet
  facet normal 0.977217 -0.0435955 -0.207716
    outer loop
      vertex 6.63781 0 6.48014
      vertex 6.89776 0.0669607 7.68904
      vertex 6.89564 0 7.69312
    endloop
  endfacet
  facet normal 0.977217 -0.0436071 -0.207716
    outer loop
      vertex 6.89776 0.0669607 7.68904
      vertex 6.63781 0 6.48014
      vertex 6.6408 0.0560966 6.48243
    endloop
  endfacet
  facet normal 0.95496 -0.216449 -0.202981
    outer loop
      vertex 6.92429 0.313818 7.62921
      vertex 6.67455 0.25868 6.51306
      vertex 6.69007 0.313818 6.52728
    endloop
  endfacet
  facet normal 0.954964 -0.216429 -0.202983
    outer loop
      vertex 6.67455 0.25868 6.51306
      vertex 6.92429 0.313818 7.62921
      vertex 6.91453 0.248657 7.65277
    endloop
  endfacet
  facet normal 0.90383 -0.382317 -0.192156
    outer loop
      vertex 6.73158 0.414699 6.5696
      vertex 6.96933 0.512424 7.49345
      vertex 6.96593 0.496661 7.50882
    endloop
  endfacet
  facet normal 0.903692 -0.38268 -0.192085
    outer loop
      vertex 6.96933 0.512424 7.49345
      vertex 6.76604 0.477204 6.60721
      vertex 6.78667 0.512424 6.6341
    endloop
  endfacet
  facet normal 0.903664 -0.382751 -0.192077
    outer loop
      vertex 6.73158 0.414699 6.5696
      vertex 6.96593 0.496661 7.50882
      vertex 6.94519 0.414699 7.57457
    endloop
  endfacet
  facet normal 0.903706 -0.382645 -0.19209
    outer loop
      vertex 6.96933 0.512424 7.49345
      vertex 6.73158 0.414699 6.5696
      vertex 6.76604 0.477204 6.60721
    endloop
  endfacet
  facet normal 0.862736 -0.468291 -0.190765
    outer loop
      vertex 6.96933 0.512424 7.49345
      vertex 6.98493 0.569981 7.42271
      vertex 6.98481 0.569377 7.42365
    endloop
  endfacet
  facet normal 0.867617 -0.461767 -0.184421
    outer loop
      vertex 6.98493 0.569981 7.42271
      vertex 6.78667 0.512424 6.6341
      vertex 6.82517 0.564086 6.68587
    endloop
  endfacet
  facet normal 0.8676 -0.461803 -0.184414
    outer loop
      vertex 6.98493 0.569981 7.42271
      vertex 6.96933 0.512424 7.49345
      vertex 6.78667 0.512424 6.6341
    endloop
  endfacet
  facet normal 0.867551 -0.462006 -0.184133
    outer loop
      vertex 6.82517 0.564086 6.68587
      vertex 6.78667 0.512424 6.6341
      vertex 6.81915 0.556548 6.67642
    endloop
  endfacet
  facet normal 0.977215 0.0436565 -0.207715
    outer loop
      vertex 6.89776 -0.0669607 7.68904
      vertex 6.64279 -0.0933615 6.48396
      vertex 6.6408 -0.0560966 6.48243
    endloop
  endfacet
  facet normal 0.977227 0.0434025 -0.207712
    outer loop
      vertex 6.89898 -0.105676 7.68669
      vertex 6.64279 -0.0933615 6.48396
      vertex 6.89776 -0.0669607 7.68904
    endloop
  endfacet
  facet normal 0.977223 0.0435041 -0.20771
    outer loop
      vertex 6.64279 -0.0933615 6.48396
      vertex 6.89898 -0.105676 7.68669
      vertex 6.64347 -0.105676 6.48458
    endloop
  endfacet
  facet normal 0.977217 0.0435955 -0.207716
    outer loop
      vertex 6.89776 -0.0669607 7.68904
      vertex 6.63781 0 6.48014
      vertex 6.89564 0 7.69312
    endloop
  endfacet
  facet normal 0.977217 0.0436071 -0.207716
    outer loop
      vertex 6.63781 0 6.48014
      vertex 6.89776 -0.0669607 7.68904
      vertex 6.6408 -0.0560966 6.48243
    endloop
  endfacet
  facet normal 0.969789 -0.130457 -0.206133
    outer loop
      vertex 6.90631 0.182298 7.67262
      vertex 6.661 0.210548 6.50064
      vertex 6.90882 0.210548 7.66655
    endloop
  endfacet
  facet normal 0.969768 -0.130623 -0.206125
    outer loop
      vertex 6.64347 0.105676 6.48458
      vertex 6.90631 0.182298 7.67262
      vertex 6.89898 0.105676 7.68669
    endloop
  endfacet
  facet normal 0.969778 -0.130537 -0.206133
    outer loop
      vertex 6.90631 0.182298 7.67262
      vertex 6.64347 0.105676 6.48458
      vertex 6.661 0.210548 6.50064
    endloop
  endfacet
  facet normal 0.954953 -0.21648 -0.20298
    outer loop
      vertex 6.661 0.210548 6.50064
      vertex 6.91453 0.248657 7.65277
      vertex 6.90882 0.210548 7.66655
    endloop
  endfacet
  facet normal 0.954957 -0.21646 -0.202982
    outer loop
      vertex 6.91453 0.248657 7.65277
      vertex 6.661 0.210548 6.50064
      vertex 6.67455 0.25868 6.51306
    endloop
  endfacet
  facet normal 0.825013 0.537214 -0.175371
    outer loop
      vertex 6.99619 2.44628 7.16284
      vertex 6.90089 2.47973 6.81698
      vertex 6.9984 2.4833 7.28664
    endloop
  endfacet
  facet normal 0.825154 0.537015 -0.175314
    outer loop
      vertex 6.99619 2.44628 7.16284
      vertex 6.9984 2.4833 7.28664
      vertex 7 2.46888 7.25
    endloop
  endfacet
  facet normal 0.824908 0.537389 -0.175326
    outer loop
      vertex 6.93969 2.44986 6.90798
      vertex 6.90089 2.47973 6.81698
      vertex 6.99619 2.44628 7.16284
    endloop
  endfacet
  facet normal 0.823945 0.53919 -0.174324
    outer loop
      vertex 6.90089 2.47973 6.81698
      vertex 6.93969 2.44986 6.90798
      vertex 6.90631 2.47481 6.82738
    endloop
  endfacet
  facet normal 0.824813 0.537543 -0.175302
    outer loop
      vertex 6.99619 2.44628 7.16284
      vertex 6.96593 2.43673 6.99118
      vertex 6.93969 2.44986 6.90798
    endloop
  endfacet
  facet normal 0.824638 0.537817 -0.175287
    outer loop
      vertex 6.96593 2.43673 6.99118
      vertex 6.99619 2.44628 7.16284
      vertex 6.98481 2.43554 7.07635
    endloop
  endfacet
  facet normal 0.93289 0.300662 -0.19829
    outer loop
      vertex 6.93969 2.73887 7.59202
      vertex 6.69007 2.81118 6.52728
      vertex 6.92429 2.81118 7.62921
    endloop
  endfacet
  facet normal 0.93288 0.300697 -0.198285
    outer loop
      vertex 6.94519 2.7103 7.57457
      vertex 6.69007 2.81118 6.52728
      vertex 6.93969 2.73887 7.59202
    endloop
  endfacet
  facet normal 0.932877 0.300705 -0.198284
    outer loop
      vertex 6.69007 2.81118 6.52728
      vertex 6.94519 2.7103 7.57457
      vertex 6.70711 2.76861 6.54289
    endloop
  endfacet
  facet normal 0.93289 0.300661 -0.198289
    outer loop
      vertex 6.70711 2.76861 6.54289
      vertex 6.94519 2.7103 7.57457
      vertex 6.73158 2.7103 6.5696
    endloop
  endfacet
  facet normal 0.867667 0.461667 -0.184435
    outer loop
      vertex 6.99231 2.51875 7.36664
      vertex 6.82517 2.56091 6.68587
      vertex 6.98493 2.55502 7.42271
    endloop
  endfacet
  facet normal 0.867568 0.461869 -0.184398
    outer loop
      vertex 6.82517 2.56091 6.68587
      vertex 6.99231 2.51875 7.36664
      vertex 6.85885 2.51875 6.73873
    endloop
  endfacet
  facet normal 0.977217 0.0435959 -0.207716
    outer loop
      vertex 6.89776 3.05804 7.68904
      vertex 6.63781 3.125 6.48014
      vertex 6.89564 3.125 7.69312
    endloop
  endfacet
  facet normal 0.977217 0.0436044 -0.207716
    outer loop
      vertex 6.63781 3.125 6.48014
      vertex 6.89776 3.05804 7.68904
      vertex 6.6408 3.0689 6.48243
    endloop
  endfacet
  facet normal 0.93288 -0.300697 -0.198285
    outer loop
      vertex 6.69007 3.43882 6.52728
      vertex 6.94519 3.5397 7.57457
      vertex 6.93969 3.51113 7.59202
    endloop
  endfacet
  facet normal 0.93289 -0.300661 -0.198289
    outer loop
      vertex 6.94519 3.5397 7.57457
      vertex 6.70711 3.48139 6.54289
      vertex 6.73158 3.5397 6.5696
    endloop
  endfacet
  facet normal 0.93289 -0.300662 -0.19829
    outer loop
      vertex 6.69007 3.43882 6.52728
      vertex 6.93969 3.51113 7.59202
      vertex 6.92429 3.43882 7.62921
    endloop
  endfacet
  facet normal 0.932877 -0.300705 -0.198284
    outer loop
      vertex 6.94519 3.5397 7.57457
      vertex 6.69007 3.43882 6.52728
      vertex 6.70711 3.48139 6.54289
    endloop
  endfacet
  facet normal 0.824911 0.537384 -0.175332
    outer loop
      vertex 6.9984 2.4833 7.28664
      vertex 6.85885 2.51875 6.73873
      vertex 6.99231 2.51875 7.36664
    endloop
  endfacet
  facet normal 0.825516 0.536584 -0.174931
    outer loop
      vertex 6.9984 2.4833 7.28664
      vertex 6.99231 2.51875 7.36664
      vertex 6.99619 2.50317 7.33716
    endloop
  endfacet
  facet normal 0.825028 0.53719 -0.175374
    outer loop
      vertex 6.90089 2.47973 6.81698
      vertex 6.85885 2.51875 6.73873
      vertex 6.9984 2.4833 7.28664
    endloop
  endfacet
  facet normal 0.825887 0.535427 -0.176715
    outer loop
      vertex 6.85885 2.51875 6.73873
      vertex 6.90089 2.47973 6.81698
      vertex 6.86602 2.51141 6.75
    endloop
  endfacet
  facet normal 0.868876 -0.460067 -0.182739
    outer loop
      vertex 6.96933 3.63742 7.49345
      vertex 6.98493 3.69498 7.42271
      vertex 6.98481 3.69438 7.42365
    endloop
  endfacet
  facet normal 0.867647 -0.461708 -0.184431
    outer loop
      vertex 6.98493 3.69498 7.42271
      vertex 6.78667 3.63742 6.6341
      vertex 6.82517 3.68909 6.68587
    endloop
  endfacet
  facet normal 0.86761 -0.461784 -0.184416
    outer loop
      vertex 6.98493 3.69498 7.42271
      vertex 6.96933 3.63742 7.49345
      vertex 6.78667 3.63742 6.6341
    endloop
  endfacet
  facet normal 0.867531 -0.462127 -0.183926
    outer loop
      vertex 6.82517 3.68909 6.68587
      vertex 6.78667 3.63742 6.6341
      vertex 6.81915 3.68155 6.67642
    endloop
  endfacet
  facet normal 0.954954 0.216475 -0.20298
    outer loop
      vertex 6.91453 2.87634 7.65277
      vertex 6.661 2.91445 6.50064
      vertex 6.90882 2.91445 7.66655
    endloop
  endfacet
  facet normal 0.954956 0.216468 -0.202981
    outer loop
      vertex 6.661 2.91445 6.50064
      vertex 6.91453 2.87634 7.65277
      vertex 6.67455 2.86632 6.51306
    endloop
  endfacet
  facet normal 0.867667 -0.461667 -0.184435
    outer loop
      vertex 6.82517 3.68909 6.68587
      vertex 6.99231 3.73125 7.36664
      vertex 6.98493 3.69498 7.42271
    endloop
  endfacet
  facet normal 0.867568 -0.461869 -0.184398
    outer loop
      vertex 6.99231 3.73125 7.36664
      vertex 6.82517 3.68909 6.68587
      vertex 6.85885 3.73125 6.73873
    endloop
  endfacet
  facet normal 0.977217 -0.0435959 -0.207716
    outer loop
      vertex 6.63781 3.125 6.48014
      vertex 6.89776 3.19196 7.68904
      vertex 6.89564 3.125 7.69312
    endloop
  endfacet
  facet normal 0.977217 -0.0436044 -0.207716
    outer loop
      vertex 6.89776 3.19196 7.68904
      vertex 6.63781 3.125 6.48014
      vertex 6.6408 3.1811 6.48243
    endloop
  endfacet
  facet normal 0.954962 -0.216442 -0.202981
    outer loop
      vertex 6.92429 3.43882 7.62921
      vertex 6.67455 3.38368 6.51306
      vertex 6.69007 3.43882 6.52728
    endloop
  endfacet
  facet normal 0.954964 -0.216432 -0.202982
    outer loop
      vertex 6.67455 3.38368 6.51306
      vertex 6.92429 3.43882 7.62921
      vertex 6.91453 3.37366 7.65277
    endloop
  endfacet
  facet normal 0.825516 -0.536584 -0.174931
    outer loop
      vertex 6.99231 3.73125 7.36664
      vertex 6.9984 3.7667 7.28664
      vertex 6.99619 3.74683 7.33716
    endloop
  endfacet
  facet normal 0.825028 -0.53719 -0.175374
    outer loop
      vertex 6.9984 3.7667 7.28664
      vertex 6.85885 3.73125 6.73873
      vertex 6.90089 3.77027 6.81698
    endloop
  endfacet
  facet normal 0.824911 -0.537384 -0.175332
    outer loop
      vertex 6.9984 3.7667 7.28664
      vertex 6.99231 3.73125 7.36664
      vertex 6.85885 3.73125 6.73873
    endloop
  endfacet
  facet normal 0.825887 -0.535427 -0.176715
    outer loop
      vertex 6.90089 3.77027 6.81698
      vertex 6.85885 3.73125 6.73873
      vertex 6.86602 3.73859 6.75
    endloop
  endfacet
  facet normal 0.824638 -0.537817 -0.175287
    outer loop
      vertex 6.99619 3.80372 7.16284
      vertex 6.96593 3.81327 6.99118
      vertex 6.98481 3.81446 7.07635
    endloop
  endfacet
  facet normal 0.824813 -0.537543 -0.175302
    outer loop
      vertex 6.99619 3.80372 7.16284
      vertex 6.93969 3.80014 6.90798
      vertex 6.96593 3.81327 6.99118
    endloop
  endfacet
  facet normal 0.825154 -0.537015 -0.175314
    outer loop
      vertex 6.9984 3.7667 7.28664
      vertex 6.99619 3.80372 7.16284
      vertex 7 3.78112 7.25
    endloop
  endfacet
  facet normal 0.824908 -0.537389 -0.175326
    outer loop
      vertex 6.99619 3.80372 7.16284
      vertex 6.90089 3.77027 6.81698
      vertex 6.93969 3.80014 6.90798
    endloop
  endfacet
  facet normal 0.823945 -0.53919 -0.174324
    outer loop
      vertex 6.93969 3.80014 6.90798
      vertex 6.90089 3.77027 6.81698
      vertex 6.90631 3.77519 6.82738
    endloop
  endfacet
  facet normal 0.825013 -0.537214 -0.175371
    outer loop
      vertex 6.99619 3.80372 7.16284
      vertex 6.9984 3.7667 7.28664
      vertex 6.90089 3.77027 6.81698
    endloop
  endfacet
  facet normal 0.977223 -0.0434847 -0.20771
    outer loop
      vertex 6.89898 3.23068 7.68669
      vertex 6.64279 3.21836 6.48396
      vertex 6.64347 3.23068 6.48458
    endloop
  endfacet
  facet normal 0.977227 -0.0433972 -0.207712
    outer loop
      vertex 6.89776 3.19196 7.68904
      vertex 6.64279 3.21836 6.48396
      vertex 6.89898 3.23068 7.68669
    endloop
  endfacet
  facet normal 0.977214 -0.0436622 -0.207715
    outer loop
      vertex 6.64279 3.21836 6.48396
      vertex 6.89776 3.19196 7.68904
      vertex 6.6408 3.1811 6.48243
    endloop
  endfacet
  facet normal 0.977214 0.0436622 -0.207715
    outer loop
      vertex 6.89776 3.05804 7.68904
      vertex 6.64279 3.03164 6.48396
      vertex 6.6408 3.0689 6.48243
    endloop
  endfacet
  facet normal 0.977227 0.0433972 -0.207712
    outer loop
      vertex 6.89898 3.01932 7.68669
      vertex 6.64279 3.03164 6.48396
      vertex 6.89776 3.05804 7.68904
    endloop
  endfacet
  facet normal 0.977223 0.0434847 -0.20771
    outer loop
      vertex 6.64279 3.03164 6.48396
      vertex 6.89898 3.01932 7.68669
      vertex 6.64347 3.01932 6.48458
    endloop
  endfacet
  facet normal 0.90366 0.382759 -0.192076
    outer loop
      vertex 6.96593 2.62834 7.50882
      vertex 6.73158 2.7103 6.5696
      vertex 6.94519 2.7103 7.57457
    endloop
  endfacet
  facet normal 0.903882 0.382183 -0.192182
    outer loop
      vertex 6.96933 2.61257 7.49345
      vertex 6.73158 2.7103 6.5696
      vertex 6.96593 2.62834 7.50882
    endloop
  endfacet
  facet normal 0.903717 0.382618 -0.192093
    outer loop
      vertex 6.73158 2.7103 6.5696
      vertex 6.96933 2.61257 7.49345
      vertex 6.76604 2.64779 6.60721
    endloop
  endfacet
  facet normal 0.903692 0.38268 -0.192085
    outer loop
      vertex 6.76604 2.64779 6.60721
      vertex 6.96933 2.61257 7.49345
      vertex 6.78667 2.61257 6.6341
    endloop
  endfacet
  facet normal 0.954964 0.216432 -0.202982
    outer loop
      vertex 6.92429 2.81118 7.62921
      vertex 6.67455 2.86632 6.51306
      vertex 6.91453 2.87634 7.65277
    endloop
  endfacet
  facet normal 0.954962 0.216442 -0.202981
    outer loop
      vertex 6.67455 2.86632 6.51306
      vertex 6.92429 2.81118 7.62921
      vertex 6.69007 2.81118 6.52728
    endloop
  endfacet
  facet normal 0.903808 -0.382376 -0.192147
    outer loop
      vertex 6.73158 3.5397 6.5696
      vertex 6.96933 3.63742 7.49345
      vertex 6.96593 3.62166 7.50882
    endloop
  endfacet
  facet normal 0.903692 -0.38268 -0.192085
    outer loop
      vertex 6.96933 3.63742 7.49345
      vertex 6.76604 3.6022 6.60721
      vertex 6.78667 3.63742 6.6341
    endloop
  endfacet
  facet normal 0.90366 -0.382759 -0.192076
    outer loop
      vertex 6.73158 3.5397 6.5696
      vertex 6.96593 3.62166 7.50882
      vertex 6.94519 3.5397 7.57457
    endloop
  endfacet
  facet normal 0.903695 -0.382672 -0.192086
    outer loop
      vertex 6.96933 3.63742 7.49345
      vertex 6.73158 3.5397 6.5696
      vertex 6.76604 3.6022 6.60721
    endloop
  endfacet
  facet normal 0.969789 -0.130457 -0.206133
    outer loop
      vertex 6.90631 3.3073 7.67262
      vertex 6.661 3.33555 6.50064
      vertex 6.90882 3.33555 7.66655
    endloop
  endfacet
  facet normal 0.969768 -0.130626 -0.206125
    outer loop
      vertex 6.64347 3.23068 6.48458
      vertex 6.90631 3.3073 7.67262
      vertex 6.89898 3.23068 7.68669
    endloop
  endfacet
  facet normal 0.969778 -0.13054 -0.206133
    outer loop
      vertex 6.90631 3.3073 7.67262
      vertex 6.64347 3.23068 6.48458
      vertex 6.661 3.33555 6.50064
    endloop
  endfacet
  facet normal 0.969768 0.130626 -0.206125
    outer loop
      vertex 6.90631 2.9427 7.67262
      vertex 6.64347 3.01932 6.48458
      vertex 6.89898 3.01932 7.68669
    endloop
  endfacet
  facet normal 0.969787 0.130458 -0.20614
    outer loop
      vertex 6.90882 2.91445 7.66655
      vertex 6.64347 3.01932 6.48458
      vertex 6.90631 2.9427 7.67262
    endloop
  endfacet
  facet normal 0.969778 0.13054 -0.206131
    outer loop
      vertex 6.64347 3.01932 6.48458
      vertex 6.90882 2.91445 7.66655
      vertex 6.661 2.91445 6.50064
    endloop
  endfacet
  facet normal 0.867578 0.461847 -0.184409
    outer loop
      vertex 6.98493 2.55502 7.42271
      vertex 6.78667 2.61257 6.6341
      vertex 6.96933 2.61257 7.49345
    endloop
  endfacet
  facet normal 0.867611 0.461779 -0.184422
    outer loop
      vertex 6.82517 2.56091 6.68587
      vertex 6.78667 2.61257 6.6341
      vertex 6.98493 2.55502 7.42271
    endloop
  endfacet
  facet normal 0.86869 0.460339 -0.182937
    outer loop
      vertex 6.98493 2.55502 7.42271
      vertex 6.96933 2.61257 7.49345
      vertex 6.98481 2.55562 7.42365
    endloop
  endfacet
  facet normal 0.867409 0.462508 -0.183544
    outer loop
      vertex 6.78667 2.61257 6.6341
      vertex 6.82517 2.56091 6.68587
      vertex 6.81915 2.56845 6.67642
    endloop
  endfacet
  facet normal 0.954954 -0.216475 -0.20298
    outer loop
      vertex 6.661 3.33555 6.50064
      vertex 6.91453 3.37366 7.65277
      vertex 6.90882 3.33555 7.66655
    endloop
  endfacet
  facet normal 0.954956 -0.216468 -0.202981
    outer loop
      vertex 6.91453 3.37366 7.65277
      vertex 6.661 3.33555 6.50064
      vertex 6.67455 3.38368 6.51306
    endloop
  endfacet
  facet normal 0.825013 0.537214 -0.175371
    outer loop
      vertex 6.99619 5.57128 7.16284
      vertex 6.90089 5.60473 6.81698
      vertex 6.9984 5.6083 7.28664
    endloop
  endfacet
  facet normal 0.825154 0.537015 -0.175314
    outer loop
      vertex 6.99619 5.57128 7.16284
      vertex 6.9984 5.6083 7.28664
      vertex 7 5.59388 7.25
    endloop
  endfacet
  facet normal 0.824908 0.537389 -0.175326
    outer loop
      vertex 6.93969 5.57486 6.90798
      vertex 6.90089 5.60473 6.81698
      vertex 6.99619 5.57128 7.16284
    endloop
  endfacet
  facet normal 0.823945 0.53919 -0.174324
    outer loop
      vertex 6.90089 5.60473 6.81698
      vertex 6.93969 5.57486 6.90798
      vertex 6.90631 5.59981 6.82738
    endloop
  endfacet
  facet normal 0.824813 0.537543 -0.175302
    outer loop
      vertex 6.99619 5.57128 7.16284
      vertex 6.96593 5.56173 6.99118
      vertex 6.93969 5.57486 6.90798
    endloop
  endfacet
  facet normal 0.824638 0.537817 -0.175287
    outer loop
      vertex 6.96593 5.56173 6.99118
      vertex 6.99619 5.57128 7.16284
      vertex 6.98481 5.56054 7.07635
    endloop
  endfacet
  facet normal 0.93289 0.300662 -0.19829
    outer loop
      vertex 6.93969 5.86387 7.59202
      vertex 6.69007 5.93618 6.52728
      vertex 6.92429 5.93618 7.62921
    endloop
  endfacet
  facet normal 0.93288 0.300697 -0.198285
    outer loop
      vertex 6.94519 5.8353 7.57457
      vertex 6.69007 5.93618 6.52728
      vertex 6.93969 5.86387 7.59202
    endloop
  endfacet
  facet normal 0.932877 0.300705 -0.198284
    outer loop
      vertex 6.69007 5.93618 6.52728
      vertex 6.94519 5.8353 7.57457
      vertex 6.70711 5.89361 6.54289
    endloop
  endfacet
  facet normal 0.93289 0.300661 -0.198289
    outer loop
      vertex 6.70711 5.89361 6.54289
      vertex 6.94519 5.8353 7.57457
      vertex 6.73158 5.8353 6.5696
    endloop
  endfacet
  facet normal 0.867667 0.461667 -0.184435
    outer loop
      vertex 6.99231 5.64375 7.36664
      vertex 6.82517 5.68591 6.68587
      vertex 6.98493 5.68002 7.42271
    endloop
  endfacet
  facet normal 0.867568 0.461869 -0.184398
    outer loop
      vertex 6.82517 5.68591 6.68587
      vertex 6.99231 5.64375 7.36664
      vertex 6.85885 5.64375 6.73873
    endloop
  endfacet
  facet normal 0.977217 0.0435959 -0.207716
    outer loop
      vertex 6.89776 6.18304 7.68904
      vertex 6.63781 6.25 6.48014
      vertex 6.89564 6.25 7.69312
    endloop
  endfacet
  facet normal 0.977217 0.0436044 -0.207716
    outer loop
      vertex 6.63781 6.25 6.48014
      vertex 6.89776 6.18304 7.68904
      vertex 6.6408 6.1939 6.48243
    endloop
  endfacet
  facet normal 0.93288 -0.300697 -0.198285
    outer loop
      vertex 6.69007 6.56382 6.52728
      vertex 6.94519 6.6647 7.57457
      vertex 6.93969 6.63613 7.59202
    endloop
  endfacet
  facet normal 0.93289 -0.300661 -0.198289
    outer loop
      vertex 6.94519 6.6647 7.57457
      vertex 6.70711 6.60639 6.54289
      vertex 6.73158 6.6647 6.5696
    endloop
  endfacet
  facet normal 0.93289 -0.300662 -0.19829
    outer loop
      vertex 6.69007 6.56382 6.52728
      vertex 6.93969 6.63613 7.59202
      vertex 6.92429 6.56382 7.62921
    endloop
  endfacet
  facet normal 0.932877 -0.300705 -0.198284
    outer loop
      vertex 6.94519 6.6647 7.57457
      vertex 6.69007 6.56382 6.52728
      vertex 6.70711 6.60639 6.54289
    endloop
  endfacet
  facet normal 0.824911 0.537384 -0.175332
    outer loop
      vertex 6.9984 5.6083 7.28664
      vertex 6.85885 5.64375 6.73873
      vertex 6.99231 5.64375 7.36664
    endloop
  endfacet
  facet normal 0.825516 0.536584 -0.174931
    outer loop
      vertex 6.9984 5.6083 7.28664
      vertex 6.99231 5.64375 7.36664
      vertex 6.99619 5.62817 7.33716
    endloop
  endfacet
  facet normal 0.825028 0.53719 -0.175374
    outer loop
      vertex 6.90089 5.60473 6.81698
      vertex 6.85885 5.64375 6.73873
      vertex 6.9984 5.6083 7.28664
    endloop
  endfacet
  facet normal 0.825887 0.535427 -0.176715
    outer loop
      vertex 6.85885 5.64375 6.73873
      vertex 6.90089 5.60473 6.81698
      vertex 6.86602 5.63641 6.75
    endloop
  endfacet
  facet normal 0.868876 -0.460067 -0.182739
    outer loop
      vertex 6.96933 6.76242 7.49345
      vertex 6.98493 6.81998 7.42271
      vertex 6.98481 6.81938 7.42365
    endloop
  endfacet
  facet normal 0.867647 -0.461708 -0.184431
    outer loop
      vertex 6.98493 6.81998 7.42271
      vertex 6.78667 6.76242 6.6341
      vertex 6.82517 6.81409 6.68587
    endloop
  endfacet
  facet normal 0.86761 -0.461784 -0.184416
    outer loop
      vertex 6.98493 6.81998 7.42271
      vertex 6.96933 6.76242 7.49345
      vertex 6.78667 6.76242 6.6341
    endloop
  endfacet
  facet normal 0.867531 -0.462127 -0.183926
    outer loop
      vertex 6.82517 6.81409 6.68587
      vertex 6.78667 6.76242 6.6341
      vertex 6.81915 6.80655 6.67642
    endloop
  endfacet
  facet normal 0.954954 0.216475 -0.20298
    outer loop
      vertex 6.91453 6.00134 7.65277
      vertex 6.661 6.03945 6.50064
      vertex 6.90882 6.03945 7.66655
    endloop
  endfacet
  facet normal 0.954956 0.216468 -0.202981
    outer loop
      vertex 6.661 6.03945 6.50064
      vertex 6.91453 6.00134 7.65277
      vertex 6.67455 5.99132 6.51306
    endloop
  endfacet
  facet normal 0.867667 -0.461667 -0.184435
    outer loop
      vertex 6.82517 6.81409 6.68587
      vertex 6.99231 6.85625 7.36664
      vertex 6.98493 6.81998 7.42271
    endloop
  endfacet
  facet normal 0.867568 -0.461869 -0.184398
    outer loop
      vertex 6.99231 6.85625 7.36664
      vertex 6.82517 6.81409 6.68587
      vertex 6.85885 6.85625 6.73873
    endloop
  endfacet
  facet normal 0.977217 -0.0435959 -0.207716
    outer loop
      vertex 6.63781 6.25 6.48014
      vertex 6.89776 6.31696 7.68904
      vertex 6.89564 6.25 7.69312
    endloop
  endfacet
  facet normal 0.977217 -0.0436044 -0.207716
    outer loop
      vertex 6.89776 6.31696 7.68904
      vertex 6.63781 6.25 6.48014
      vertex 6.6408 6.3061 6.48243
    endloop
  endfacet
  facet normal 0.954962 -0.216442 -0.202981
    outer loop
      vertex 6.92429 6.56382 7.62921
      vertex 6.67455 6.50868 6.51306
      vertex 6.69007 6.56382 6.52728
    endloop
  endfacet
  facet normal 0.954964 -0.216432 -0.202982
    outer loop
      vertex 6.67455 6.50868 6.51306
      vertex 6.92429 6.56382 7.62921
      vertex 6.91453 6.49866 7.65277
    endloop
  endfacet
  facet normal 0.825516 -0.536584 -0.174931
    outer loop
      vertex 6.99231 6.85625 7.36664
      vertex 6.9984 6.8917 7.28664
      vertex 6.99619 6.87183 7.33716
    endloop
  endfacet
  facet normal 0.825028 -0.53719 -0.175374
    outer loop
      vertex 6.9984 6.8917 7.28664
      vertex 6.85885 6.85625 6.73873
      vertex 6.90089 6.89527 6.81698
    endloop
  endfacet
  facet normal 0.824911 -0.537384 -0.175332
    outer loop
      vertex 6.9984 6.8917 7.28664
      vertex 6.99231 6.85625 7.36664
      vertex 6.85885 6.85625 6.73873
    endloop
  endfacet
  facet normal 0.825887 -0.535427 -0.176715
    outer loop
      vertex 6.90089 6.89527 6.81698
      vertex 6.85885 6.85625 6.73873
      vertex 6.86602 6.86359 6.75
    endloop
  endfacet
  facet normal 0.824638 -0.537817 -0.175287
    outer loop
      vertex 6.99619 6.92872 7.16284
      vertex 6.96593 6.93827 6.99118
      vertex 6.98481 6.93946 7.07635
    endloop
  endfacet
  facet normal 0.824813 -0.537543 -0.175302
    outer loop
      vertex 6.99619 6.92872 7.16284
      vertex 6.93969 6.92514 6.90798
      vertex 6.96593 6.93827 6.99118
    endloop
  endfacet
  facet normal 0.825154 -0.537015 -0.175314
    outer loop
      vertex 6.9984 6.8917 7.28664
      vertex 6.99619 6.92872 7.16284
      vertex 7 6.90612 7.25
    endloop
  endfacet
  facet normal 0.824908 -0.537389 -0.175326
    outer loop
      vertex 6.99619 6.92872 7.16284
      vertex 6.90089 6.89527 6.81698
      vertex 6.93969 6.92514 6.90798
    endloop
  endfacet
  facet normal 0.823945 -0.53919 -0.174324
    outer loop
      vertex 6.93969 6.92514 6.90798
      vertex 6.90089 6.89527 6.81698
      vertex 6.90631 6.90019 6.82738
    endloop
  endfacet
  facet normal 0.825013 -0.537214 -0.175371
    outer loop
      vertex 6.99619 6.92872 7.16284
      vertex 6.9984 6.8917 7.28664
      vertex 6.90089 6.89527 6.81698
    endloop
  endfacet
  facet normal 0.977223 -0.0434847 -0.20771
    outer loop
      vertex 6.89898 6.35568 7.68669
      vertex 6.64279 6.34336 6.48396
      vertex 6.64347 6.35568 6.48458
    endloop
  endfacet
  facet normal 0.977227 -0.0433972 -0.207712
    outer loop
      vertex 6.89776 6.31696 7.68904
      vertex 6.64279 6.34336 6.48396
      vertex 6.89898 6.35568 7.68669
    endloop
  endfacet
  facet normal 0.977214 -0.0436622 -0.207715
    outer loop
      vertex 6.64279 6.34336 6.48396
      vertex 6.89776 6.31696 7.68904
      vertex 6.6408 6.3061 6.48243
    endloop
  endfacet
  facet normal 0.977214 0.0436622 -0.207715
    outer loop
      vertex 6.89776 6.18304 7.68904
      vertex 6.64279 6.15664 6.48396
      vertex 6.6408 6.1939 6.48243
    endloop
  endfacet
  facet normal 0.977227 0.0433972 -0.207712
    outer loop
      vertex 6.89898 6.14432 7.68669
      vertex 6.64279 6.15664 6.48396
      vertex 6.89776 6.18304 7.68904
    endloop
  endfacet
  facet normal 0.977223 0.0434847 -0.20771
    outer loop
      vertex 6.64279 6.15664 6.48396
      vertex 6.89898 6.14432 7.68669
      vertex 6.64347 6.14432 6.48458
    endloop
  endfacet
  facet normal 0.90366 0.382759 -0.192076
    outer loop
      vertex 6.96593 5.75334 7.50882
      vertex 6.73158 5.8353 6.5696
      vertex 6.94519 5.8353 7.57457
    endloop
  endfacet
  facet normal 0.903882 0.382183 -0.192182
    outer loop
      vertex 6.96933 5.73757 7.49345
      vertex 6.73158 5.8353 6.5696
      vertex 6.96593 5.75334 7.50882
    endloop
  endfacet
  facet normal 0.903717 0.382618 -0.192093
    outer loop
      vertex 6.73158 5.8353 6.5696
      vertex 6.96933 5.73757 7.49345
      vertex 6.76604 5.77279 6.60721
    endloop
  endfacet
  facet normal 0.903692 0.38268 -0.192085
    outer loop
      vertex 6.76604 5.77279 6.60721
      vertex 6.96933 5.73757 7.49345
      vertex 6.78667 5.73757 6.6341
    endloop
  endfacet
  facet normal 0.954964 0.216432 -0.202982
    outer loop
      vertex 6.92429 5.93618 7.62921
      vertex 6.67455 5.99132 6.51306
      vertex 6.91453 6.00134 7.65277
    endloop
  endfacet
  facet normal 0.954962 0.216442 -0.202981
    outer loop
      vertex 6.67455 5.99132 6.51306
      vertex 6.92429 5.93618 7.62921
      vertex 6.69007 5.93618 6.52728
    endloop
  endfacet
  facet normal 0.903808 -0.382376 -0.192147
    outer loop
      vertex 6.73158 6.6647 6.5696
      vertex 6.96933 6.76242 7.49345
      vertex 6.96593 6.74666 7.50882
    endloop
  endfacet
  facet normal 0.903692 -0.38268 -0.192085
    outer loop
      vertex 6.96933 6.76242 7.49345
      vertex 6.76604 6.7272 6.60721
      vertex 6.78667 6.76242 6.6341
    endloop
  endfacet
  facet normal 0.90366 -0.382759 -0.192076
    outer loop
      vertex 6.73158 6.6647 6.5696
      vertex 6.96593 6.74666 7.50882
      vertex 6.94519 6.6647 7.57457
    endloop
  endfacet
  facet normal 0.903695 -0.382672 -0.192086
    outer loop
      vertex 6.96933 6.76242 7.49345
      vertex 6.73158 6.6647 6.5696
      vertex 6.76604 6.7272 6.60721
    endloop
  endfacet
  facet normal 0.969789 -0.130457 -0.206133
    outer loop
      vertex 6.90631 6.4323 7.67262
      vertex 6.661 6.46055 6.50064
      vertex 6.90882 6.46055 7.66655
    endloop
  endfacet
  facet normal 0.969768 -0.130626 -0.206125
    outer loop
      vertex 6.64347 6.35568 6.48458
      vertex 6.90631 6.4323 7.67262
      vertex 6.89898 6.35568 7.68669
    endloop
  endfacet
  facet normal 0.969778 -0.13054 -0.206133
    outer loop
      vertex 6.90631 6.4323 7.67262
      vertex 6.64347 6.35568 6.48458
      vertex 6.661 6.46055 6.50064
    endloop
  endfacet
  facet normal 0.969768 0.130626 -0.206125
    outer loop
      vertex 6.90631 6.0677 7.67262
      vertex 6.64347 6.14432 6.48458
      vertex 6.89898 6.14432 7.68669
    endloop
  endfacet
  facet normal 0.969787 0.130458 -0.20614
    outer loop
      vertex 6.90882 6.03945 7.66655
      vertex 6.64347 6.14432 6.48458
      vertex 6.90631 6.0677 7.67262
    endloop
  endfacet
  facet normal 0.969778 0.13054 -0.206131
    outer loop
      vertex 6.64347 6.14432 6.48458
      vertex 6.90882 6.03945 7.66655
      vertex 6.661 6.03945 6.50064
    endloop
  endfacet
  facet normal 0.867578 0.461847 -0.184409
    outer loop
      vertex 6.98493 5.68002 7.42271
      vertex 6.78667 5.73757 6.6341
      vertex 6.96933 5.73757 7.49345
    endloop
  endfacet
  facet normal 0.867611 0.461779 -0.184422
    outer loop
      vertex 6.82517 5.68591 6.68587
      vertex 6.78667 5.73757 6.6341
      vertex 6.98493 5.68002 7.42271
    endloop
  endfacet
  facet normal 0.86869 0.460339 -0.182937
    outer loop
      vertex 6.98493 5.68002 7.42271
      vertex 6.96933 5.73757 7.49345
      vertex 6.98481 5.68062 7.42365
    endloop
  endfacet
  facet normal 0.867409 0.462508 -0.183544
    outer loop
      vertex 6.78667 5.73757 6.6341
      vertex 6.82517 5.68591 6.68587
      vertex 6.81915 5.69345 6.67642
    endloop
  endfacet
  facet normal 0.954954 -0.216475 -0.20298
    outer loop
      vertex 6.661 6.46055 6.50064
      vertex 6.91453 6.49866 7.65277
      vertex 6.90882 6.46055 7.66655
    endloop
  endfacet
  facet normal 0.954956 -0.216468 -0.202981
    outer loop
      vertex 6.91453 6.49866 7.65277
      vertex 6.661 6.46055 6.50064
      vertex 6.67455 6.50868 6.51306
    endloop
  endfacet
  facet normal 0.999046 0 0.043671
    outer loop
      vertex 6.99619 9 7.33716
      vertex 7 6.90612 7.25
      vertex 7 9 7.25
    endloop
  endfacet
  facet normal 0.999048 1.82445e-06 0.0436273
    outer loop
      vertex 6.99619 9 7.33716
      vertex 6.9984 6.8917 7.28664
      vertex 7 6.90612 7.25
    endloop
  endfacet
  facet normal 0.999045 0 0.0437033
    outer loop
      vertex 6.9984 6.8917 7.28664
      vertex 6.99619 9 7.33716
      vertex 6.99619 6.87183 7.33716
    endloop
  endfacet
  facet normal 0.999045 -0 0.0437033
    outer loop
      vertex 6.99619 -9 7.33716
      vertex 6.9984 -6.8917 7.28664
      vertex 6.99619 -6.87183 7.33716
    endloop
  endfacet
  facet normal 0.999048 -1.82445e-06 0.0436273
    outer loop
      vertex 6.9984 -6.8917 7.28664
      vertex 6.99619 -9 7.33716
      vertex 7 -6.90612 7.25
    endloop
  endfacet
  facet normal 0.999046 0 0.043671
    outer loop
      vertex 7 -6.90612 7.25
      vertex 6.99619 -9 7.33716
      vertex 7 -9 7.25
    endloop
  endfacet
  facet normal 0.999045 -0 0.0437033
    outer loop
      vertex 6.9984 -5.6083 7.28664
      vertex 6.9984 -3.7667 7.28664
      vertex 6.99619 -3.74683 7.33716
    endloop
  endfacet
  facet normal 0.999048 0 0.0436265
    outer loop
      vertex 6.9984 -3.7667 7.28664
      vertex 6.9984 -5.6083 7.28664
      vertex 7 -3.78112 7.25
    endloop
  endfacet
  facet normal 0.999048 0 0.0436265
    outer loop
      vertex 7 -3.78112 7.25
      vertex 6.9984 -5.6083 7.28664
      vertex 7 -5.59388 7.25
    endloop
  endfacet
  facet normal 0.999045 0 0.0437033
    outer loop
      vertex 6.9984 -5.6083 7.28664
      vertex 6.99619 -3.74683 7.33716
      vertex 6.99619 -5.62817 7.33716
    endloop
  endfacet
  facet normal 0.999045 -0 0.0437033
    outer loop
      vertex 6.9984 -2.4833 7.28664
      vertex 6.9984 -0.641704 7.28664
      vertex 6.99619 -0.621831 7.33716
    endloop
  endfacet
  facet normal 0.999048 0 0.0436265
    outer loop
      vertex 6.9984 -0.641704 7.28664
      vertex 6.9984 -2.4833 7.28664
      vertex 7 -0.656119 7.25
    endloop
  endfacet
  facet normal 0.999048 0 0.0436265
    outer loop
      vertex 7 -0.656119 7.25
      vertex 6.9984 -2.4833 7.28664
      vertex 7 -2.46888 7.25
    endloop
  endfacet
  facet normal 0.999045 0 0.0437033
    outer loop
      vertex 6.9984 -2.4833 7.28664
      vertex 6.99619 -0.621831 7.33716
      vertex 6.99619 -2.50317 7.33716
    endloop
  endfacet
  facet normal 0.999045 -0 0.0437033
    outer loop
      vertex 6.9984 0.641704 7.28664
      vertex 6.9984 2.4833 7.28664
      vertex 6.99619 2.50317 7.33716
    endloop
  endfacet
  facet normal 0.999048 0 0.0436265
    outer loop
      vertex 6.9984 2.4833 7.28664
      vertex 6.9984 0.641704 7.28664
      vertex 7 2.46888 7.25
    endloop
  endfacet
  facet normal 0.999048 0 0.0436265
    outer loop
      vertex 7 2.46888 7.25
      vertex 6.9984 0.641704 7.28664
      vertex 7 0.656119 7.25
    endloop
  endfacet
  facet normal 0.999045 0 0.0437033
    outer loop
      vertex 6.9984 0.641704 7.28664
      vertex 6.99619 2.50317 7.33716
      vertex 6.99619 0.621831 7.33716
    endloop
  endfacet
  facet normal 0.999045 -0 0.0437033
    outer loop
      vertex 6.9984 3.7667 7.28664
      vertex 6.9984 5.6083 7.28664
      vertex 6.99619 5.62817 7.33716
    endloop
  endfacet
  facet normal 0.999048 0 0.0436265
    outer loop
      vertex 6.9984 5.6083 7.28664
      vertex 6.9984 3.7667 7.28664
      vertex 7 5.59388 7.25
    endloop
  endfacet
  facet normal 0.999048 0 0.0436265
    outer loop
      vertex 7 5.59388 7.25
      vertex 6.9984 3.7667 7.28664
      vertex 7 3.78112 7.25
    endloop
  endfacet
  facet normal 0.999045 0 0.0437033
    outer loop
      vertex 6.9984 3.7667 7.28664
      vertex 6.99619 5.62817 7.33716
      vertex 6.99619 3.74683 7.33716
    endloop
  endfacet
  facet normal 0.675538 0 0.737325
    outer loop
      vertex 6.64279 9 8.01604
      vertex 6.70711 -9 7.95711
      vertex 6.70711 9 7.95711
    endloop
  endfacet
  facet normal 0.675538 0 0.737325
    outer loop
      vertex 6.70711 -9 7.95711
      vertex 6.64279 9 8.01604
      vertex 6.64279 -9 8.01604
    endloop
  endfacet
  facet normal -0.30078 0 0.953693
    outer loop
      vertex 5.65798 9 8.18969
      vertex 5.74118 -9 8.21593
      vertex 5.74118 9 8.21593
    endloop
  endfacet
  facet normal -0.30078 0 0.953693
    outer loop
      vertex 5.74118 -9 8.21593
      vertex 5.65798 9 8.18969
      vertex 5.65798 -9 8.18969
    endloop
  endfacet
  facet normal -0.923902 0 0.382629
    outer loop
      vertex 5.06031 -9 7.59202
      vertex 5.09369 9 7.67262
      vertex 5.06031 9 7.59202
    endloop
  endfacet
  facet normal -0.923902 0 0.382629
    outer loop
      vertex 5.09369 9 7.67262
      vertex 5.06031 -9 7.59202
      vertex 5.09369 -9 7.67262
    endloop
  endfacet
  facet normal 0.923902 0 0.382629
    outer loop
      vertex 6.90631 9 7.67262
      vertex 6.93969 6.63613 7.59202
      vertex 6.93969 9 7.59202
    endloop
  endfacet
  facet normal 0.923919 1.59866e-06 0.382588
    outer loop
      vertex 6.90631 9 7.67262
      vertex 6.92429 6.56382 7.62921
      vertex 6.93969 6.63613 7.59202
    endloop
  endfacet
  facet normal 0.923865 -1.11677e-06 0.382719
    outer loop
      vertex 6.90631 9 7.67262
      vertex 6.91453 6.49866 7.65277
      vertex 6.92429 6.56382 7.62921
    endloop
  endfacet
  facet normal 0.923831 -1.88569e-06 0.382801
    outer loop
      vertex 6.90631 9 7.67262
      vertex 6.90882 6.46055 7.66655
      vertex 6.91453 6.49866 7.65277
    endloop
  endfacet
  facet normal 0.92411 0 0.382128
    outer loop
      vertex 6.90882 6.46055 7.66655
      vertex 6.90631 9 7.67262
      vertex 6.90631 6.4323 7.67262
    endloop
  endfacet
  facet normal 0.92411 -0 0.382128
    outer loop
      vertex 6.90631 -9 7.67262
      vertex 6.90882 -6.46055 7.66655
      vertex 6.90631 -6.4323 7.67262
    endloop
  endfacet
  facet normal 0.923831 1.88569e-06 0.382801
    outer loop
      vertex 6.90631 -9 7.67262
      vertex 6.91453 -6.49866 7.65277
      vertex 6.90882 -6.46055 7.66655
    endloop
  endfacet
  facet normal 0.923865 1.11677e-06 0.382719
    outer loop
      vertex 6.90631 -9 7.67262
      vertex 6.92429 -6.56382 7.62921
      vertex 6.91453 -6.49866 7.65277
    endloop
  endfacet
  facet normal 0.923919 -1.59866e-06 0.382588
    outer loop
      vertex 6.90631 -9 7.67262
      vertex 6.93969 -6.63613 7.59202
      vertex 6.92429 -6.56382 7.62921
    endloop
  endfacet
  facet normal 0.923902 0 0.382629
    outer loop
      vertex 6.93969 -6.63613 7.59202
      vertex 6.90631 -9 7.67262
      vertex 6.93969 -9 7.59202
    endloop
  endfacet
  facet normal 0.92392 0 0.382586
    outer loop
      vertex 6.92429 -3.43882 7.62921
      vertex 6.93969 -5.86387 7.59202
      vertex 6.93969 -3.51113 7.59202
    endloop
  endfacet
  facet normal 0.923864 -0 0.382721
    outer loop
      vertex 6.92429 -5.93618 7.62921
      vertex 6.92429 -3.43882 7.62921
      vertex 6.91453 -3.37366 7.65277
    endloop
  endfacet
  facet normal 0.923829 -0 0.382806
    outer loop
      vertex 6.91453 -6.00134 7.65277
      vertex 6.91453 -3.37366 7.65277
      vertex 6.90882 -3.33555 7.66655
    endloop
  endfacet
  facet normal 0.92411 -0 0.382128
    outer loop
      vertex 6.90882 -6.03945 7.66655
      vertex 6.90882 -3.33555 7.66655
      vertex 6.90631 -3.3073 7.67262
    endloop
  endfacet
  facet normal 0.92392 0 0.382586
    outer loop
      vertex 6.92429 -3.43882 7.62921
      vertex 6.92429 -5.93618 7.62921
      vertex 6.93969 -5.86387 7.59202
    endloop
  endfacet
  facet normal 0.923864 0 0.382721
    outer loop
      vertex 6.91453 -3.37366 7.65277
      vertex 6.91453 -6.00134 7.65277
      vertex 6.92429 -5.93618 7.62921
    endloop
  endfacet
  facet normal 0.923829 0 0.382806
    outer loop
      vertex 6.90882 -3.33555 7.66655
      vertex 6.90882 -6.03945 7.66655
      vertex 6.91453 -6.00134 7.65277
    endloop
  endfacet
  facet normal 0.92411 0 0.382128
    outer loop
      vertex 6.90882 -6.03945 7.66655
      vertex 6.90631 -3.3073 7.67262
      vertex 6.90631 -6.0677 7.67262
    endloop
  endfacet
  facet normal 0.92392 0 0.382586
    outer loop
      vertex 6.92429 -0.313818 7.62921
      vertex 6.93969 -2.73887 7.59202
      vertex 6.93969 -0.386129 7.59202
    endloop
  endfacet
  facet normal 0.923864 -0 0.382721
    outer loop
      vertex 6.92429 -2.81118 7.62921
      vertex 6.92429 -0.313818 7.62921
      vertex 6.91453 -0.248657 7.65277
    endloop
  endfacet
  facet normal 0.923829 -0 0.382806
    outer loop
      vertex 6.91453 -2.87634 7.65277
      vertex 6.91453 -0.248657 7.65277
      vertex 6.90882 -0.210548 7.66655
    endloop
  endfacet
  facet normal 0.92411 -0 0.382128
    outer loop
      vertex 6.90882 -2.91445 7.66655
      vertex 6.90882 -0.210548 7.66655
      vertex 6.90631 -0.182298 7.67262
    endloop
  endfacet
  facet normal 0.92392 0 0.382586
    outer loop
      vertex 6.92429 -0.313818 7.62921
      vertex 6.92429 -2.81118 7.62921
      vertex 6.93969 -2.73887 7.59202
    endloop
  endfacet
  facet normal 0.923864 0 0.382721
    outer loop
      vertex 6.91453 -0.248657 7.65277
      vertex 6.91453 -2.87634 7.65277
      vertex 6.92429 -2.81118 7.62921
    endloop
  endfacet
  facet normal 0.923829 0 0.382806
    outer loop
      vertex 6.90882 -0.210548 7.66655
      vertex 6.90882 -2.91445 7.66655
      vertex 6.91453 -2.87634 7.65277
    endloop
  endfacet
  facet normal 0.92411 0 0.382128
    outer loop
      vertex 6.90882 -2.91445 7.66655
      vertex 6.90631 -0.182298 7.67262
      vertex 6.90631 -2.9427 7.67262
    endloop
  endfacet
  facet normal 0.92392 0 0.382586
    outer loop
      vertex 6.92429 2.81118 7.62921
      vertex 6.93969 0.386129 7.59202
      vertex 6.93969 2.73887 7.59202
    endloop
  endfacet
  facet normal 0.923864 -0 0.382721
    outer loop
      vertex 6.92429 0.313818 7.62921
      vertex 6.92429 2.81118 7.62921
      vertex 6.91453 2.87634 7.65277
    endloop
  endfacet
  facet normal 0.923829 -0 0.382806
    outer loop
      vertex 6.91453 0.248657 7.65277
      vertex 6.91453 2.87634 7.65277
      vertex 6.90882 2.91445 7.66655
    endloop
  endfacet
  facet normal 0.92411 -0 0.382128
    outer loop
      vertex 6.90882 0.210548 7.66655
      vertex 6.90882 2.91445 7.66655
      vertex 6.90631 2.9427 7.67262
    endloop
  endfacet
  facet normal 0.92392 0 0.382586
    outer loop
      vertex 6.92429 2.81118 7.62921
      vertex 6.92429 0.313818 7.62921
      vertex 6.93969 0.386129 7.59202
    endloop
  endfacet
  facet normal 0.923864 0 0.382721
    outer loop
      vertex 6.91453 2.87634 7.65277
      vertex 6.91453 0.248657 7.65277
      vertex 6.92429 0.313818 7.62921
    endloop
  endfacet
  facet normal 0.923829 0 0.382806
    outer loop
      vertex 6.90882 2.91445 7.66655
      vertex 6.90882 0.210548 7.66655
      vertex 6.91453 0.248657 7.65277
    endloop
  endfacet
  facet normal 0.92411 0 0.382128
    outer loop
      vertex 6.90882 0.210548 7.66655
      vertex 6.90631 2.9427 7.67262
      vertex 6.90631 0.182298 7.67262
    endloop
  endfacet
  facet normal 0.92392 0 0.382586
    outer loop
      vertex 6.92429 5.93618 7.62921
      vertex 6.93969 3.51113 7.59202
      vertex 6.93969 5.86387 7.59202
    endloop
  endfacet
  facet normal 0.923864 -0 0.382721
    outer loop
      vertex 6.92429 3.43882 7.62921
      vertex 6.92429 5.93618 7.62921
      vertex 6.91453 6.00134 7.65277
    endloop
  endfacet
  facet normal 0.923829 -0 0.382806
    outer loop
      vertex 6.91453 3.37366 7.65277
      vertex 6.91453 6.00134 7.65277
      vertex 6.90882 6.03945 7.66655
    endloop
  endfacet
  facet normal 0.92411 -0 0.382128
    outer loop
      vertex 6.90882 3.33555 7.66655
      vertex 6.90882 6.03945 7.66655
      vertex 6.90631 6.0677 7.67262
    endloop
  endfacet
  facet normal 0.92392 0 0.382586
    outer loop
      vertex 6.92429 5.93618 7.62921
      vertex 6.92429 3.43882 7.62921
      vertex 6.93969 3.51113 7.59202
    endloop
  endfacet
  facet normal 0.923864 0 0.382721
    outer loop
      vertex 6.91453 6.00134 7.65277
      vertex 6.91453 3.37366 7.65277
      vertex 6.92429 3.43882 7.62921
    endloop
  endfacet
  facet normal 0.923829 0 0.382806
    outer loop
      vertex 6.90882 6.03945 7.66655
      vertex 6.90882 3.33555 7.66655
      vertex 6.91453 3.37366 7.65277
    endloop
  endfacet
  facet normal 0.92411 0 0.382128
    outer loop
      vertex 6.90882 3.33555 7.66655
      vertex 6.90631 6.0677 7.67262
      vertex 6.90631 3.3073 7.67262
    endloop
  endfacet
  facet normal 0.382629 0 0.923902
    outer loop
      vertex 6.34202 9 8.18969
      vertex 6.42262 -9 8.15631
      vertex 6.42262 9 8.15631
    endloop
  endfacet
  facet normal 0.382629 0 0.923902
    outer loop
      vertex 6.42262 -9 8.15631
      vertex 6.34202 9 8.18969
      vertex 6.34202 -9 8.18969
    endloop
  endfacet
  facet normal -0.130452 0 0.991455
    outer loop
      vertex 5.82635 9 8.23481
      vertex 5.91284 -9 8.24619
      vertex 5.91284 9 8.24619
    endloop
  endfacet
  facet normal -0.130452 0 0.991455
    outer loop
      vertex 5.91284 -9 8.24619
      vertex 5.82635 9 8.23481
      vertex 5.82635 -9 8.23481
    endloop
  endfacet
  facet normal 0.999046 0 -0.043671
    outer loop
      vertex 7 9 7.25
      vertex 6.99619 6.92872 7.16284
      vertex 6.99619 9 7.16284
    endloop
  endfacet
  facet normal 0.999046 0 -0.043671
    outer loop
      vertex 6.99619 6.92872 7.16284
      vertex 7 9 7.25
      vertex 7 6.90612 7.25
    endloop
  endfacet
  facet normal 0.999046 0 -0.043671
    outer loop
      vertex 7 -9 7.25
      vertex 6.99619 -6.92872 7.16284
      vertex 7 -6.90612 7.25
    endloop
  endfacet
  facet normal 0.999046 0 -0.043671
    outer loop
      vertex 6.99619 -6.92872 7.16284
      vertex 7 -9 7.25
      vertex 6.99619 -9 7.16284
    endloop
  endfacet
  facet normal 0.999046 0 -0.043671
    outer loop
      vertex 7 -3.78112 7.25
      vertex 6.99619 -5.57128 7.16284
      vertex 6.99619 -3.80372 7.16284
    endloop
  endfacet
  facet normal 0.999046 0 -0.043671
    outer loop
      vertex 6.99619 -5.57128 7.16284
      vertex 7 -3.78112 7.25
      vertex 7 -5.59388 7.25
    endloop
  endfacet
  facet normal 0.999046 0 -0.043671
    outer loop
      vertex 7 -0.656119 7.25
      vertex 6.99619 -2.44628 7.16284
      vertex 6.99619 -0.678719 7.16284
    endloop
  endfacet
  facet normal 0.999046 0 -0.043671
    outer loop
      vertex 6.99619 -2.44628 7.16284
      vertex 7 -0.656119 7.25
      vertex 7 -2.46888 7.25
    endloop
  endfacet
  facet normal 0.999046 0 -0.043671
    outer loop
      vertex 7 2.46888 7.25
      vertex 6.99619 0.678719 7.16284
      vertex 6.99619 2.44628 7.16284
    endloop
  endfacet
  facet normal 0.999046 0 -0.043671
    outer loop
      vertex 6.99619 0.678719 7.16284
      vertex 7 2.46888 7.25
      vertex 7 0.656119 7.25
    endloop
  endfacet
  facet normal 0.999046 0 -0.043671
    outer loop
      vertex 7 5.59388 7.25
      vertex 6.99619 3.80372 7.16284
      vertex 6.99619 5.57128 7.16284
    endloop
  endfacet
  facet normal 0.999046 0 -0.043671
    outer loop
      vertex 6.99619 3.80372 7.16284
      vertex 7 5.59388 7.25
      vertex 7 3.78112 7.25
    endloop
  endfacet
  facet normal -0.953693 0 -0.30078
    outer loop
      vertex 5.06031 -9 6.90798
      vertex 5.03407 9 6.99118
      vertex 5.06031 9 6.90798
    endloop
  endfacet
  facet normal -0.953693 -0 -0.30078
    outer loop
      vertex 5.03407 9 6.99118
      vertex 5.06031 -9 6.90798
      vertex 5.03407 -9 6.99118
    endloop
  endfacet
  facet normal 0.991455 0 0.130452
    outer loop
      vertex 6.98481 9 7.42365
      vertex 6.99619 6.87183 7.33716
      vertex 6.99619 9 7.33716
    endloop
  endfacet
  facet normal 0.99145 -1.5285e-06 0.130489
    outer loop
      vertex 6.98481 9 7.42365
      vertex 6.99231 6.85625 7.36664
      vertex 6.99619 6.87183 7.33716
    endloop
  endfacet
  facet normal 0.991449 -1.69312e-06 0.130495
    outer loop
      vertex 6.98481 9 7.42365
      vertex 6.98493 6.81998 7.42271
      vertex 6.99231 6.85625 7.36664
    endloop
  endfacet
  facet normal 0.99195 0 0.126632
    outer loop
      vertex 6.98493 6.81998 7.42271
      vertex 6.98481 9 7.42365
      vertex 6.98481 6.81938 7.42365
    endloop
  endfacet
  facet normal 0.99195 -0 0.126632
    outer loop
      vertex 6.98481 -9 7.42365
      vertex 6.98493 -6.81998 7.42271
      vertex 6.98481 -6.81938 7.42365
    endloop
  endfacet
  facet normal 0.991449 1.69312e-06 0.130495
    outer loop
      vertex 6.98481 -9 7.42365
      vertex 6.99231 -6.85625 7.36664
      vertex 6.98493 -6.81998 7.42271
    endloop
  endfacet
  facet normal 0.99145 1.5285e-06 0.130489
    outer loop
      vertex 6.98481 -9 7.42365
      vertex 6.99619 -6.87183 7.33716
      vertex 6.99231 -6.85625 7.36664
    endloop
  endfacet
  facet normal 0.991455 0 0.130452
    outer loop
      vertex 6.99619 -6.87183 7.33716
      vertex 6.98481 -9 7.42365
      vertex 6.99619 -9 7.33716
    endloop
  endfacet
  facet normal 0.99145 0 0.130489
    outer loop
      vertex 6.99231 -3.73125 7.36664
      vertex 6.99619 -5.62817 7.33716
      vertex 6.99619 -3.74683 7.33716
    endloop
  endfacet
  facet normal 0.991449 -0 0.130496
    outer loop
      vertex 6.99231 -5.64375 7.36664
      vertex 6.99231 -3.73125 7.36664
      vertex 6.98493 -3.69498 7.42271
    endloop
  endfacet
  facet normal 0.99195 -0 0.126632
    outer loop
      vertex 6.98493 -5.68002 7.42271
      vertex 6.98493 -3.69498 7.42271
      vertex 6.98481 -3.69438 7.42365
    endloop
  endfacet
  facet normal 0.99145 0 0.130489
    outer loop
      vertex 6.99231 -3.73125 7.36664
      vertex 6.99231 -5.64375 7.36664
      vertex 6.99619 -5.62817 7.33716
    endloop
  endfacet
  facet normal 0.991449 0 0.130496
    outer loop
      vertex 6.98493 -3.69498 7.42271
      vertex 6.98493 -5.68002 7.42271
      vertex 6.99231 -5.64375 7.36664
    endloop
  endfacet
  facet normal 0.99195 0 0.126632
    outer loop
      vertex 6.98493 -5.68002 7.42271
      vertex 6.98481 -3.69438 7.42365
      vertex 6.98481 -5.68062 7.42365
    endloop
  endfacet
  facet normal 0.99145 0 0.130489
    outer loop
      vertex 6.99231 -0.60625 7.36664
      vertex 6.99619 -2.50317 7.33716
      vertex 6.99619 -0.621831 7.33716
    endloop
  endfacet
  facet normal 0.991449 -0 0.130496
    outer loop
      vertex 6.99231 -2.51875 7.36664
      vertex 6.99231 -0.60625 7.36664
      vertex 6.98493 -0.569981 7.42271
    endloop
  endfacet
  facet normal 0.99195 -0 0.126632
    outer loop
      vertex 6.98493 -2.55502 7.42271
      vertex 6.98493 -0.569981 7.42271
      vertex 6.98481 -0.569377 7.42365
    endloop
  endfacet
  facet normal 0.99145 0 0.130489
    outer loop
      vertex 6.99231 -0.60625 7.36664
      vertex 6.99231 -2.51875 7.36664
      vertex 6.99619 -2.50317 7.33716
    endloop
  endfacet
  facet normal 0.991449 0 0.130496
    outer loop
      vertex 6.98493 -0.569981 7.42271
      vertex 6.98493 -2.55502 7.42271
      vertex 6.99231 -2.51875 7.36664
    endloop
  endfacet
  facet normal 0.99195 0 0.126632
    outer loop
      vertex 6.98493 -2.55502 7.42271
      vertex 6.98481 -0.569377 7.42365
      vertex 6.98481 -2.55562 7.42365
    endloop
  endfacet
  facet normal 0.99145 0 0.130489
    outer loop
      vertex 6.99231 2.51875 7.36664
      vertex 6.99619 0.621831 7.33716
      vertex 6.99619 2.50317 7.33716
    endloop
  endfacet
  facet normal 0.991449 -0 0.130496
    outer loop
      vertex 6.99231 0.60625 7.36664
      vertex 6.99231 2.51875 7.36664
      vertex 6.98493 2.55502 7.42271
    endloop
  endfacet
  facet normal 0.99195 -0 0.126632
    outer loop
      vertex 6.98493 0.569981 7.42271
      vertex 6.98493 2.55502 7.42271
      vertex 6.98481 2.55562 7.42365
    endloop
  endfacet
  facet normal 0.99145 0 0.130489
    outer loop
      vertex 6.99231 2.51875 7.36664
      vertex 6.99231 0.60625 7.36664
      vertex 6.99619 0.621831 7.33716
    endloop
  endfacet
  facet normal 0.991449 0 0.130496
    outer loop
      vertex 6.98493 2.55502 7.42271
      vertex 6.98493 0.569981 7.42271
      vertex 6.99231 0.60625 7.36664
    endloop
  endfacet
  facet normal 0.99195 0 0.126632
    outer loop
      vertex 6.98493 0.569981 7.42271
      vertex 6.98481 2.55562 7.42365
      vertex 6.98481 0.569377 7.42365
    endloop
  endfacet
  facet normal 0.99145 0 0.130489
    outer loop
      vertex 6.99231 5.64375 7.36664
      vertex 6.99619 3.74683 7.33716
      vertex 6.99619 5.62817 7.33716
    endloop
  endfacet
  facet normal 0.991449 -0 0.130496
    outer loop
      vertex 6.99231 3.73125 7.36664
      vertex 6.99231 5.64375 7.36664
      vertex 6.98493 5.68002 7.42271
    endloop
  endfacet
  facet normal 0.99195 -0 0.126632
    outer loop
      vertex 6.98493 3.69498 7.42271
      vertex 6.98493 5.68002 7.42271
      vertex 6.98481 5.68062 7.42365
    endloop
  endfacet
  facet normal 0.99145 0 0.130489
    outer loop
      vertex 6.99231 5.64375 7.36664
      vertex 6.99231 3.73125 7.36664
      vertex 6.99619 3.74683 7.33716
    endloop
  endfacet
  facet normal 0.991449 0 0.130496
    outer loop
      vertex 6.98493 5.68002 7.42271
      vertex 6.98493 3.69498 7.42271
      vertex 6.99231 3.73125 7.36664
    endloop
  endfacet
  facet normal 0.99195 0 0.126632
    outer loop
      vertex 6.98493 3.69498 7.42271
      vertex 6.98481 5.68062 7.42365
      vertex 6.98481 3.69438 7.42365
    endloop
  endfacet
  facet normal 0.9763 0 0.216421
    outer loop
      vertex 6.96593 9 7.50882
      vertex 6.98481 6.81938 7.42365
      vertex 6.98481 9 7.42365
    endloop
  endfacet
  facet normal 0.97628 -3.77686e-06 0.216513
    outer loop
      vertex 6.96593 9 7.50882
      vertex 6.96933 6.76242 7.49345
      vertex 6.98481 6.81938 7.42365
    endloop
  endfacet
  facet normal 0.976396 0 0.215989
    outer loop
      vertex 6.96933 6.76242 7.49345
      vertex 6.96593 9 7.50882
      vertex 6.96593 6.74666 7.50882
    endloop
  endfacet
  facet normal 0.976396 -0 0.215989
    outer loop
      vertex 6.96593 -9 7.50882
      vertex 6.96933 -6.76242 7.49345
      vertex 6.96593 -6.74666 7.50882
    endloop
  endfacet
  facet normal 0.97628 3.77686e-06 0.216513
    outer loop
      vertex 6.96593 -9 7.50882
      vertex 6.98481 -6.81938 7.42365
      vertex 6.96933 -6.76242 7.49345
    endloop
  endfacet
  facet normal 0.9763 0 0.216421
    outer loop
      vertex 6.98481 -6.81938 7.42365
      vertex 6.96593 -9 7.50882
      vertex 6.98481 -9 7.42365
    endloop
  endfacet
  facet normal 0.976279 0 0.216516
    outer loop
      vertex 6.96933 -3.63742 7.49345
      vertex 6.98481 -5.68062 7.42365
      vertex 6.98481 -3.69438 7.42365
    endloop
  endfacet
  facet normal 0.976396 -0 0.215989
    outer loop
      vertex 6.96933 -5.73757 7.49345
      vertex 6.96933 -3.63742 7.49345
      vertex 6.96593 -3.62166 7.50882
    endloop
  endfacet
  facet normal 0.976279 0 0.216516
    outer loop
      vertex 6.96933 -3.63742 7.49345
      vertex 6.96933 -5.73757 7.49345
      vertex 6.98481 -5.68062 7.42365
    endloop
  endfacet
  facet normal 0.976396 0 0.215989
    outer loop
      vertex 6.96933 -5.73757 7.49345
      vertex 6.96593 -3.62166 7.50882
      vertex 6.96593 -5.75334 7.50882
    endloop
  endfacet
  facet normal 0.976279 0 0.216516
    outer loop
      vertex 6.96933 -0.512424 7.49345
      vertex 6.98481 -2.55562 7.42365
      vertex 6.98481 -0.569377 7.42365
    endloop
  endfacet
  facet normal 0.976396 -0 0.215989
    outer loop
      vertex 6.96933 -2.61257 7.49345
      vertex 6.96933 -0.512424 7.49345
      vertex 6.96593 -0.496661 7.50882
    endloop
  endfacet
  facet normal 0.976279 0 0.216516
    outer loop
      vertex 6.96933 -0.512424 7.49345
      vertex 6.96933 -2.61257 7.49345
      vertex 6.98481 -2.55562 7.42365
    endloop
  endfacet
  facet normal 0.976396 0 0.215989
    outer loop
      vertex 6.96933 -2.61257 7.49345
      vertex 6.96593 -0.496661 7.50882
      vertex 6.96593 -2.62834 7.50882
    endloop
  endfacet
  facet normal 0.976279 0 0.216516
    outer loop
      vertex 6.96933 2.61257 7.49345
      vertex 6.98481 0.569377 7.42365
      vertex 6.98481 2.55562 7.42365
    endloop
  endfacet
  facet normal 0.976396 -0 0.215989
    outer loop
      vertex 6.96933 0.512424 7.49345
      vertex 6.96933 2.61257 7.49345
      vertex 6.96593 2.62834 7.50882
    endloop
  endfacet
  facet normal 0.976279 0 0.216516
    outer loop
      vertex 6.96933 2.61257 7.49345
      vertex 6.96933 0.512424 7.49345
      vertex 6.98481 0.569377 7.42365
    endloop
  endfacet
  facet normal 0.976396 0 0.215989
    outer loop
      vertex 6.96933 0.512424 7.49345
      vertex 6.96593 2.62834 7.50882
      vertex 6.96593 0.496661 7.50882
    endloop
  endfacet
  facet normal 0.976279 0 0.216516
    outer loop
      vertex 6.96933 5.73757 7.49345
      vertex 6.98481 3.69438 7.42365
      vertex 6.98481 5.68062 7.42365
    endloop
  endfacet
  facet normal 0.976396 -0 0.215989
    outer loop
      vertex 6.96933 3.63742 7.49345
      vertex 6.96933 5.73757 7.49345
      vertex 6.96593 5.75334 7.50882
    endloop
  endfacet
  facet normal 0.976279 0 0.216516
    outer loop
      vertex 6.96933 5.73757 7.49345
      vertex 6.96933 3.63742 7.49345
      vertex 6.98481 3.69438 7.42365
    endloop
  endfacet
  facet normal 0.976396 0 0.215989
    outer loop
      vertex 6.96933 3.63742 7.49345
      vertex 6.96593 5.75334 7.50882
      vertex 6.96593 3.62166 7.50882
    endloop
  endfacet
  facet normal 0.843421 -0 0.537254
    outer loop
      vertex 6.81915 -9 7.82358
      vertex 6.86602 9 7.75
      vertex 6.81915 9 7.82358
    endloop
  endfacet
  facet normal 0.843421 0 0.537254
    outer loop
      vertex 6.86602 9 7.75
      vertex 6.81915 -9 7.82358
      vertex 6.86602 -9 7.75
    endloop
  endfacet
  facet normal 0.886971 0 0.461825
    outer loop
      vertex 6.86602 9 7.75
      vertex 6.90631 6.4323 7.67262
      vertex 6.90631 9 7.67262
    endloop
  endfacet
  facet normal 0.88688 -6.64479e-06 0.461999
    outer loop
      vertex 6.86602 9 7.75
      vertex 6.89898 6.35568 7.68669
      vertex 6.90631 6.4323 7.67262
    endloop
  endfacet
  facet normal 0.887375 2.23034e-05 0.461048
    outer loop
      vertex 6.86602 9 7.75
      vertex 6.89776 6.31696 7.68904
      vertex 6.89898 6.35568 7.68669
    endloop
  endfacet
  facet normal 0.887255 1.55859e-05 0.46128
    outer loop
      vertex 6.86602 9 7.75
      vertex 6.89564 6.25 7.69312
      vertex 6.89776 6.31696 7.68904
    endloop
  endfacet
  facet normal 0.886866 0 0.462027
    outer loop
      vertex 6.89898 6.14432 7.68669
      vertex 6.90631 3.3073 7.67262
      vertex 6.90631 6.0677 7.67262
    endloop
  endfacet
  facet normal 0.887526 -0 0.460758
    outer loop
      vertex 6.89898 3.23068 7.68669
      vertex 6.89898 6.14432 7.68669
      vertex 6.89776 6.18304 7.68904
    endloop
  endfacet
  facet normal 0.887357 -3.28422e-07 0.461083
    outer loop
      vertex 6.89898 3.23068 7.68669
      vertex 6.89776 6.18304 7.68904
      vertex 6.89564 6.25 7.69312
    endloop
  endfacet
  facet normal 0.886946 -0 0.461873
    outer loop
      vertex 6.89564 3.125 7.69312
      vertex 6.89564 6.25 7.69312
      vertex 6.86602 9 7.75
    endloop
  endfacet
  facet normal 0.886866 0 0.462027
    outer loop
      vertex 6.89898 6.14432 7.68669
      vertex 6.89898 3.23068 7.68669
      vertex 6.90631 3.3073 7.67262
    endloop
  endfacet
  facet normal 0.887522 5.31713e-07 0.460765
    outer loop
      vertex 6.89564 6.25 7.69312
      vertex 6.89776 3.19196 7.68904
      vertex 6.89898 3.23068 7.68669
    endloop
  endfacet
  facet normal 0.887359 0 0.461079
    outer loop
      vertex 6.89564 6.25 7.69312
      vertex 6.89564 3.125 7.69312
      vertex 6.89776 3.19196 7.68904
    endloop
  endfacet
  facet normal 0.886866 0 0.462027
    outer loop
      vertex 6.89898 3.01932 7.68669
      vertex 6.90631 0.182298 7.67262
      vertex 6.90631 2.9427 7.67262
    endloop
  endfacet
  facet normal 0.887526 -0 0.460758
    outer loop
      vertex 6.89898 0.105676 7.68669
      vertex 6.89898 3.01932 7.68669
      vertex 6.89776 3.05804 7.68904
    endloop
  endfacet
  facet normal 0.887357 -3.28422e-07 0.461083
    outer loop
      vertex 6.89898 0.105676 7.68669
      vertex 6.89776 3.05804 7.68904
      vertex 6.89564 3.125 7.69312
    endloop
  endfacet
  facet normal 0.886946 -0 0.461873
    outer loop
      vertex 6.89564 0 7.69312
      vertex 6.89564 3.125 7.69312
      vertex 6.86602 9 7.75
    endloop
  endfacet
  facet normal 0.886866 0 0.462027
    outer loop
      vertex 6.89898 3.01932 7.68669
      vertex 6.89898 0.105676 7.68669
      vertex 6.90631 0.182298 7.67262
    endloop
  endfacet
  facet normal 0.887522 5.31714e-07 0.460765
    outer loop
      vertex 6.89564 3.125 7.69312
      vertex 6.89776 0.0669607 7.68904
      vertex 6.89898 0.105676 7.68669
    endloop
  endfacet
  facet normal 0.887359 0 0.461079
    outer loop
      vertex 6.89564 3.125 7.69312
      vertex 6.89564 0 7.69312
      vertex 6.89776 0.0669607 7.68904
    endloop
  endfacet
  facet normal 0.886866 0 0.462027
    outer loop
      vertex 6.89898 -0.105676 7.68669
      vertex 6.90631 -2.9427 7.67262
      vertex 6.90631 -0.182298 7.67262
    endloop
  endfacet
  facet normal 0.887526 -0 0.460758
    outer loop
      vertex 6.89898 -3.01932 7.68669
      vertex 6.89898 -0.105676 7.68669
      vertex 6.89776 -0.0669607 7.68904
    endloop
  endfacet
  facet normal 0.887357 -3.28422e-07 0.461083
    outer loop
      vertex 6.89898 -3.01932 7.68669
      vertex 6.89776 -0.0669607 7.68904
      vertex 6.89564 0 7.69312
    endloop
  endfacet
  facet normal 0.886866 0 0.462027
    outer loop
      vertex 6.89898 -0.105676 7.68669
      vertex 6.89898 -3.01932 7.68669
      vertex 6.90631 -2.9427 7.67262
    endloop
  endfacet
  facet normal 0.886946 -0 0.461873
    outer loop
      vertex 6.89564 -3.125 7.69312
      vertex 6.89564 0 7.69312
      vertex 6.86602 9 7.75
    endloop
  endfacet
  facet normal 0.887522 5.31713e-07 0.460765
    outer loop
      vertex 6.89564 0 7.69312
      vertex 6.89776 -3.05804 7.68904
      vertex 6.89898 -3.01932 7.68669
    endloop
  endfacet
  facet normal 0.887359 0 0.461079
    outer loop
      vertex 6.89564 0 7.69312
      vertex 6.89564 -3.125 7.69312
      vertex 6.89776 -3.05804 7.68904
    endloop
  endfacet
  facet normal 0.886866 0 0.462027
    outer loop
      vertex 6.89898 -3.23068 7.68669
      vertex 6.90631 -6.0677 7.67262
      vertex 6.90631 -3.3073 7.67262
    endloop
  endfacet
  facet normal 0.887526 -0 0.460758
    outer loop
      vertex 6.89898 -6.14432 7.68669
      vertex 6.89898 -3.23068 7.68669
      vertex 6.89776 -3.19196 7.68904
    endloop
  endfacet
  facet normal 0.887357 -3.28422e-07 0.461083
    outer loop
      vertex 6.89898 -6.14432 7.68669
      vertex 6.89776 -3.19196 7.68904
      vertex 6.89564 -3.125 7.69312
    endloop
  endfacet
  facet normal 0.886866 0 0.462027
    outer loop
      vertex 6.89898 -3.23068 7.68669
      vertex 6.89898 -6.14432 7.68669
      vertex 6.90631 -6.0677 7.67262
    endloop
  endfacet
  facet normal 0.886946 -0 0.461873
    outer loop
      vertex 6.86602 -9 7.75
      vertex 6.89564 -3.125 7.69312
      vertex 6.86602 9 7.75
    endloop
  endfacet
  facet normal 0.887522 5.31713e-07 0.460765
    outer loop
      vertex 6.89564 -3.125 7.69312
      vertex 6.89776 -6.18304 7.68904
      vertex 6.89898 -6.14432 7.68669
    endloop
  endfacet
  facet normal 0.887359 0 0.461079
    outer loop
      vertex 6.89564 -3.125 7.69312
      vertex 6.89564 -6.25 7.69312
      vertex 6.89776 -6.18304 7.68904
    endloop
  endfacet
  facet normal 0.886946 0 0.461873
    outer loop
      vertex 6.89564 -3.125 7.69312
      vertex 6.86602 -9 7.75
      vertex 6.89564 -6.25 7.69312
    endloop
  endfacet
  facet normal 0.887255 -1.55859e-05 0.46128
    outer loop
      vertex 6.86602 -9 7.75
      vertex 6.89776 -6.31696 7.68904
      vertex 6.89564 -6.25 7.69312
    endloop
  endfacet
  facet normal 0.887375 -2.23034e-05 0.461048
    outer loop
      vertex 6.86602 -9 7.75
      vertex 6.89898 -6.35568 7.68669
      vertex 6.89776 -6.31696 7.68904
    endloop
  endfacet
  facet normal 0.88688 6.64479e-06 0.461999
    outer loop
      vertex 6.86602 -9 7.75
      vertex 6.90631 -6.4323 7.67262
      vertex 6.89898 -6.35568 7.68669
    endloop
  endfacet
  facet normal 0.886971 0 0.461825
    outer loop
      vertex 6.90631 -6.4323 7.67262
      vertex 6.86602 -9 7.75
      vertex 6.90631 -9 7.67262
    endloop
  endfacet
  facet normal 0.737325 -0 0.675538
    outer loop
      vertex 6.70711 -9 7.95711
      vertex 6.76604 9 7.89279
      vertex 6.70711 9 7.95711
    endloop
  endfacet
  facet normal 0.737325 0 0.675538
    outer loop
      vertex 6.76604 9 7.89279
      vertex 6.70711 -9 7.95711
      vertex 6.76604 -9 7.89279
    endloop
  endfacet
  facet normal 0.537254 0 0.843421
    outer loop
      vertex 6.5 9 8.11602
      vertex 6.57358 -9 8.06915
      vertex 6.57358 9 8.06915
    endloop
  endfacet
  facet normal 0.537254 0 0.843421
    outer loop
      vertex 6.57358 -9 8.06915
      vertex 6.5 9 8.11602
      vertex 6.5 -9 8.11602
    endloop
  endfacet
  facet normal 0.043671 0 0.999046
    outer loop
      vertex 6 9 8.25
      vertex 6.08716 -9 8.24619
      vertex 6.08716 9 8.24619
    endloop
  endfacet
  facet normal 0.043671 0 0.999046
    outer loop
      vertex 6.08716 -9 8.24619
      vertex 6 9 8.25
      vertex 6 -9 8.25
    endloop
  endfacet
  facet normal 0.30078 0 0.953693
    outer loop
      vertex 6.25882 9 8.21593
      vertex 6.34202 -9 8.18969
      vertex 6.34202 9 8.18969
    endloop
  endfacet
  facet normal 0.30078 0 0.953693
    outer loop
      vertex 6.34202 -9 8.18969
      vertex 6.25882 9 8.21593
      vertex 6.25882 -9 8.21593
    endloop
  endfacet
  facet normal 0.216421 0 0.9763
    outer loop
      vertex 6.17365 9 8.23481
      vertex 6.25882 -9 8.21593
      vertex 6.25882 9 8.21593
    endloop
  endfacet
  facet normal 0.216421 0 0.9763
    outer loop
      vertex 6.25882 -9 8.21593
      vertex 6.17365 9 8.23481
      vertex 6.17365 -9 8.23481
    endloop
  endfacet
  facet normal -0.999046 0 0.043671
    outer loop
      vertex 5 -9 7.25
      vertex 5.00381 9 7.33716
      vertex 5 9 7.25
    endloop
  endfacet
  facet normal -0.999046 0 0.043671
    outer loop
      vertex 5.00381 9 7.33716
      vertex 5 -9 7.25
      vertex 5.00381 -9 7.33716
    endloop
  endfacet
  facet normal 0 -1 0
    outer loop
      vertex 5.91284 -9 8.24619
      vertex 6.08716 -9 8.24619
      vertex 6 -9 8.25
    endloop
  endfacet
  facet normal 0 -1 0
    outer loop
      vertex 5.82635 -9 8.23481
      vertex 6.08716 -9 8.24619
      vertex 5.91284 -9 8.24619
    endloop
  endfacet
  facet normal 0 -1 0
    outer loop
      vertex 5.82635 -9 8.23481
      vertex 6.17365 -9 8.23481
      vertex 6.08716 -9 8.24619
    endloop
  endfacet
  facet normal 0 -1 0
    outer loop
      vertex 5.74118 -9 8.21593
      vertex 6.17365 -9 8.23481
      vertex 5.82635 -9 8.23481
    endloop
  endfacet
  facet normal 0 -1 0
    outer loop
      vertex 5.74118 -9 8.21593
      vertex 6.25882 -9 8.21593
      vertex 6.17365 -9 8.23481
    endloop
  endfacet
  facet normal 0 -1 0
    outer loop
      vertex 5.65798 -9 8.18969
      vertex 6.25882 -9 8.21593
      vertex 5.74118 -9 8.21593
    endloop
  endfacet
  facet normal 0 -1 0
    outer loop
      vertex 5.65798 -9 8.18969
      vertex 6.34202 -9 8.18969
      vertex 6.25882 -9 8.21593
    endloop
  endfacet
  facet normal 0 -1 0
    outer loop
      vertex 5.57738 -9 8.15631
      vertex 6.34202 -9 8.18969
      vertex 5.65798 -9 8.18969
    endloop
  endfacet
  facet normal 0 -1 0
    outer loop
      vertex 5.57738 -9 8.15631
      vertex 6.42262 -9 8.15631
      vertex 6.34202 -9 8.18969
    endloop
  endfacet
  facet normal 0 -1 0
    outer loop
      vertex 5.5 -9 8.11602
      vertex 6.42262 -9 8.15631
      vertex 5.57738 -9 8.15631
    endloop
  endfacet
  facet normal 0 -1 0
    outer loop
      vertex 5.5 -9 8.11602
      vertex 6.5 -9 8.11602
      vertex 6.42262 -9 8.15631
    endloop
  endfacet
  facet normal 0 -1 0
    outer loop
      vertex 5.42642 -9 8.06915
      vertex 6.5 -9 8.11602
      vertex 5.5 -9 8.11602
    endloop
  endfacet
  facet normal 0 -1 0
    outer loop
      vertex 5.42642 -9 8.06915
      vertex 6.57358 -9 8.06915
      vertex 6.5 -9 8.11602
    endloop
  endfacet
  facet normal 0 -1 0
    outer loop
      vertex 5.35721 -9 8.01604
      vertex 6.57358 -9 8.06915
      vertex 5.42642 -9 8.06915
    endloop
  endfacet
  facet normal 0 -1 0
    outer loop
      vertex 5.35721 -9 8.01604
      vertex 6.64279 -9 8.01604
      vertex 6.57358 -9 8.06915
    endloop
  endfacet
  facet normal 0 -1 0
    outer loop
      vertex 5.29289 -9 7.95711
      vertex 6.64279 -9 8.01604
      vertex 5.35721 -9 8.01604
    endloop
  endfacet
  facet normal 0 -1 0
    outer loop
      vertex 5.29289 -9 7.95711
      vertex 6.70711 -9 7.95711
      vertex 6.64279 -9 8.01604
    endloop
  endfacet
  facet normal 0 -1 0
    outer loop
      vertex 5.23396 -9 7.89279
      vertex 6.70711 -9 7.95711
      vertex 5.29289 -9 7.95711
    endloop
  endfacet
  facet normal 0 -1 0
    outer loop
      vertex 5.23396 -9 7.89279
      vertex 6.76604 -9 7.89279
      vertex 6.70711 -9 7.95711
    endloop
  endfacet
  facet normal 0 -1 0
    outer loop
      vertex 5.18085 -9 7.82358
      vertex 6.76604 -9 7.89279
      vertex 5.23396 -9 7.89279
    endloop
  endfacet
  facet normal 0 -1 0
    outer loop
      vertex 5.18085 -9 7.82358
      vertex 6.81915 -9 7.82358
      vertex 6.76604 -9 7.89279
    endloop
  endfacet
  facet normal 0 -1 0
    outer loop
      vertex 5.13398 -9 7.75
      vertex 6.81915 -9 7.82358
      vertex 5.18085 -9 7.82358
    endloop
  endfacet
  facet normal 0 -1 0
    outer loop
      vertex 5.13398 -9 7.75
      vertex 6.86602 -9 7.75
      vertex 6.81915 -9 7.82358
    endloop
  endfacet
  facet normal 0 -1 0
    outer loop
      vertex 5.09369 -9 7.67262
      vertex 6.86602 -9 7.75
      vertex 5.13398 -9 7.75
    endloop
  endfacet
  facet normal 0 -1 0
    outer loop
      vertex 5.09369 -9 7.67262
      vertex 6.90631 -9 7.67262
      vertex 6.86602 -9 7.75
    endloop
  endfacet
  facet normal 0 -1 0
    outer loop
      vertex 5.06031 -9 7.59202
      vertex 6.90631 -9 7.67262
      vertex 5.09369 -9 7.67262
    endloop
  endfacet
  facet normal 0 -1 0
    outer loop
      vertex 5.06031 -9 7.59202
      vertex 6.93969 -9 7.59202
      vertex 6.90631 -9 7.67262
    endloop
  endfacet
  facet normal 0 -1 0
    outer loop
      vertex 5.03407 -9 7.50882
      vertex 6.93969 -9 7.59202
      vertex 5.06031 -9 7.59202
    endloop
  endfacet
  facet normal 0 -1 0
    outer loop
      vertex 5.03407 -9 7.50882
      vertex 6.96593 -9 7.50882
      vertex 6.93969 -9 7.59202
    endloop
  endfacet
  facet normal 0 -1 0
    outer loop
      vertex 5.01519 -9 7.42365
      vertex 6.96593 -9 7.50882
      vertex 5.03407 -9 7.50882
    endloop
  endfacet
  facet normal 0 -1 0
    outer loop
      vertex 5.01519 -9 7.42365
      vertex 6.98481 -9 7.42365
      vertex 6.96593 -9 7.50882
    endloop
  endfacet
  facet normal 0 -1 0
    outer loop
      vertex 5.00381 -9 7.33716
      vertex 6.98481 -9 7.42365
      vertex 5.01519 -9 7.42365
    endloop
  endfacet
  facet normal 0 -1 0
    outer loop
      vertex 5.00381 -9 7.33716
      vertex 6.99619 -9 7.33716
      vertex 6.98481 -9 7.42365
    endloop
  endfacet
  facet normal 0 -1 0
    outer loop
      vertex 5 -9 7.25
      vertex 6.99619 -9 7.33716
      vertex 5.00381 -9 7.33716
    endloop
  endfacet
  facet normal 0 -1 0
    outer loop
      vertex 5 -9 7.25
      vertex 7 -9 7.25
      vertex 6.99619 -9 7.33716
    endloop
  endfacet
  facet normal 0 -1 0
    outer loop
      vertex 5.00381 -9 7.16284
      vertex 7 -9 7.25
      vertex 5 -9 7.25
    endloop
  endfacet
  facet normal 0 -1 0
    outer loop
      vertex 5.00381 -9 7.16284
      vertex 6.99619 -9 7.16284
      vertex 7 -9 7.25
    endloop
  endfacet
  facet normal 0 -1 0
    outer loop
      vertex 5.01519 -9 7.07635
      vertex 6.99619 -9 7.16284
      vertex 5.00381 -9 7.16284
    endloop
  endfacet
  facet normal 0 -1 0
    outer loop
      vertex 5.01519 -9 7.07635
      vertex 6.98481 -9 7.07635
      vertex 6.99619 -9 7.16284
    endloop
  endfacet
  facet normal 0 -1 0
    outer loop
      vertex 5.03407 -9 6.99118
      vertex 6.98481 -9 7.07635
      vertex 5.01519 -9 7.07635
    endloop
  endfacet
  facet normal 0 -1 0
    outer loop
      vertex 5.03407 -9 6.99118
      vertex 6.96593 -9 6.99118
      vertex 6.98481 -9 7.07635
    endloop
  endfacet
  facet normal 0 -1 0
    outer loop
      vertex 5.06031 -9 6.90798
      vertex 6.96593 -9 6.99118
      vertex 5.03407 -9 6.99118
    endloop
  endfacet
  facet normal 0 -1 0
    outer loop
      vertex 5.06031 -9 6.90798
      vertex 6.93969 -9 6.90798
      vertex 6.96593 -9 6.99118
    endloop
  endfacet
  facet normal 0 -1 0
    outer loop
      vertex 5.09369 -9 6.82738
      vertex 6.93969 -9 6.90798
      vertex 5.06031 -9 6.90798
    endloop
  endfacet
  facet normal 0 -1 0
    outer loop
      vertex 5.09369 -9 6.82738
      vertex 6.90631 -9 6.82738
      vertex 6.93969 -9 6.90798
    endloop
  endfacet
  facet normal 0 -1 0
    outer loop
      vertex 5.13398 -9 6.75
      vertex 6.90631 -9 6.82738
      vertex 5.09369 -9 6.82738
    endloop
  endfacet
  facet normal 0 -1 0
    outer loop
      vertex 5.13398 -9 6.75
      vertex 6.86602 -9 6.75
      vertex 6.90631 -9 6.82738
    endloop
  endfacet
  facet normal 0 -1 0
    outer loop
      vertex 5.18085 -9 6.67642
      vertex 6.86602 -9 6.75
      vertex 5.13398 -9 6.75
    endloop
  endfacet
  facet normal 0 -1 0
    outer loop
      vertex 5.18085 -9 6.67642
      vertex 6.81915 -9 6.67642
      vertex 6.86602 -9 6.75
    endloop
  endfacet
  facet normal 0 -1 0
    outer loop
      vertex 5.23396 -9 6.60721
      vertex 6.81915 -9 6.67642
      vertex 5.18085 -9 6.67642
    endloop
  endfacet
  facet normal 0 -1 0
    outer loop
      vertex 5.23396 -9 6.60721
      vertex 6.76604 -9 6.60721
      vertex 6.81915 -9 6.67642
    endloop
  endfacet
  facet normal 0 -1 0
    outer loop
      vertex 5.29289 -9 6.54289
      vertex 6.76604 -9 6.60721
      vertex 5.23396 -9 6.60721
    endloop
  endfacet
  facet normal 0 -1 0
    outer loop
      vertex 5.29289 -9 6.54289
      vertex 6.70711 -9 6.54289
      vertex 6.76604 -9 6.60721
    endloop
  endfacet
  facet normal 0 -1 0
    outer loop
      vertex 5.35721 -9 6.48396
      vertex 6.70711 -9 6.54289
      vertex 5.29289 -9 6.54289
    endloop
  endfacet
  facet normal 0 -1 0
    outer loop
      vertex 5.35721 -9 6.48396
      vertex 6.64279 -9 6.48396
      vertex 6.70711 -9 6.54289
    endloop
  endfacet
  facet normal 0 -1 0
    outer loop
      vertex 5.42642 -9 6.43085
      vertex 6.64279 -9 6.48396
      vertex 5.35721 -9 6.48396
    endloop
  endfacet
  facet normal 0 -1 0
    outer loop
      vertex 5.42642 -9 6.43085
      vertex 6.57358 -9 6.43085
      vertex 6.64279 -9 6.48396
    endloop
  endfacet
  facet normal 0 -1 0
    outer loop
      vertex 5.5 -9 6.38398
      vertex 6.57358 -9 6.43085
      vertex 5.42642 -9 6.43085
    endloop
  endfacet
  facet normal 0 -1 0
    outer loop
      vertex 5.5 -9 6.38398
      vertex 6.5 -9 6.38398
      vertex 6.57358 -9 6.43085
    endloop
  endfacet
  facet normal 0 -1 0
    outer loop
      vertex 5.57738 -9 6.34369
      vertex 6.5 -9 6.38398
      vertex 5.5 -9 6.38398
    endloop
  endfacet
  facet normal 0 -1 0
    outer loop
      vertex 5.57738 -9 6.34369
      vertex 6.42262 -9 6.34369
      vertex 6.5 -9 6.38398
    endloop
  endfacet
  facet normal 0 -1 0
    outer loop
      vertex 5.65798 -9 6.31031
      vertex 6.42262 -9 6.34369
      vertex 5.57738 -9 6.34369
    endloop
  endfacet
  facet normal 0 -1 0
    outer loop
      vertex 5.65798 -9 6.31031
      vertex 6.34202 -9 6.31031
      vertex 6.42262 -9 6.34369
    endloop
  endfacet
  facet normal 0 -1 0
    outer loop
      vertex 5.74118 -9 6.28407
      vertex 6.34202 -9 6.31031
      vertex 5.65798 -9 6.31031
    endloop
  endfacet
  facet normal 0 -1 0
    outer loop
      vertex 5.74118 -9 6.28407
      vertex 6.25882 -9 6.28407
      vertex 6.34202 -9 6.31031
    endloop
  endfacet
  facet normal 0 -1 0
    outer loop
      vertex 5.82635 -9 6.26519
      vertex 6.25882 -9 6.28407
      vertex 5.74118 -9 6.28407
    endloop
  endfacet
  facet normal 0 -1 0
    outer loop
      vertex 5.82635 -9 6.26519
      vertex 6.17365 -9 6.26519
      vertex 6.25882 -9 6.28407
    endloop
  endfacet
  facet normal 0 -1 0
    outer loop
      vertex 5.91284 -9 6.25381
      vertex 6.17365 -9 6.26519
      vertex 5.82635 -9 6.26519
    endloop
  endfacet
  facet normal 0 -1 0
    outer loop
      vertex 5.91284 -9 6.25381
      vertex 6.08716 -9 6.25381
      vertex 6.17365 -9 6.26519
    endloop
  endfacet
  facet normal -0 -1 0
    outer loop
      vertex 6.08716 -9 6.25381
      vertex 5.91284 -9 6.25381
      vertex 6 -9 6.25
    endloop
  endfacet
  facet normal -0.953693 0 0.30078
    outer loop
      vertex 5.03407 -9 7.50882
      vertex 5.06031 9 7.59202
      vertex 5.03407 9 7.50882
    endloop
  endfacet
  facet normal -0.953693 0 0.30078
    outer loop
      vertex 5.06031 9 7.59202
      vertex 5.03407 -9 7.50882
      vertex 5.06031 -9 7.59202
    endloop
  endfacet
  facet normal -0.9763 0 0.216421
    outer loop
      vertex 5.01519 -9 7.42365
      vertex 5.03407 9 7.50882
      vertex 5.01519 9 7.42365
    endloop
  endfacet
  facet normal -0.9763 0 0.216421
    outer loop
      vertex 5.03407 9 7.50882
      vertex 5.01519 -9 7.42365
      vertex 5.03407 -9 7.50882
    endloop
  endfacet
  facet normal -0.843421 0 0.537254
    outer loop
      vertex 5.13398 -9 7.75
      vertex 5.18085 9 7.82358
      vertex 5.13398 9 7.75
    endloop
  endfacet
  facet normal -0.843421 0 0.537254
    outer loop
      vertex 5.18085 9 7.82358
      vertex 5.13398 -9 7.75
      vertex 5.18085 -9 7.82358
    endloop
  endfacet
  facet normal -0.737325 0 0.675538
    outer loop
      vertex 5.23396 -9 7.89279
      vertex 5.29289 9 7.95711
      vertex 5.23396 9 7.89279
    endloop
  endfacet
  facet normal -0.737325 0 0.675538
    outer loop
      vertex 5.29289 9 7.95711
      vertex 5.23396 -9 7.89279
      vertex 5.29289 -9 7.95711
    endloop
  endfacet
  facet normal -0.043671 0 0.999046
    outer loop
      vertex 5.91284 9 8.24619
      vertex 6 -9 8.25
      vertex 6 9 8.25
    endloop
  endfacet
  facet normal -0.043671 0 0.999046
    outer loop
      vertex 6 -9 8.25
      vertex 5.91284 9 8.24619
      vertex 5.91284 -9 8.24619
    endloop
  endfacet
  facet normal -0.461825 0 0.886971
    outer loop
      vertex 5.5 9 8.11602
      vertex 5.57738 -9 8.15631
      vertex 5.57738 9 8.15631
    endloop
  endfacet
  facet normal -0.461825 0 0.886971
    outer loop
      vertex 5.57738 -9 8.15631
      vertex 5.5 9 8.11602
      vertex 5.5 -9 8.11602
    endloop
  endfacet
  facet normal -0.382629 0 0.923902
    outer loop
      vertex 5.57738 9 8.15631
      vertex 5.65798 -9 8.18969
      vertex 5.65798 9 8.18969
    endloop
  endfacet
  facet normal -0.382629 0 0.923902
    outer loop
      vertex 5.65798 -9 8.18969
      vertex 5.57738 9 8.15631
      vertex 5.57738 -9 8.15631
    endloop
  endfacet
  facet normal 0.043671 0 -0.999046
    outer loop
      vertex 6 -9 6.25
      vertex 6.08716 9 6.25381
      vertex 6.08716 -9 6.25381
    endloop
  endfacet
  facet normal 0.043671 0 -0.999046
    outer loop
      vertex 6.08716 9 6.25381
      vertex 6 -9 6.25
      vertex 6 9 6.25
    endloop
  endfacet
  facet normal 0.537254 0 -0.843421
    outer loop
      vertex 6.5 -9 6.38398
      vertex 6.57358 9 6.43085
      vertex 6.57358 -9 6.43085
    endloop
  endfacet
  facet normal 0.537254 0 -0.843421
    outer loop
      vertex 6.57358 9 6.43085
      vertex 6.5 -9 6.38398
      vertex 6.5 9 6.38398
    endloop
  endfacet
  facet normal 0.382629 0 -0.923902
    outer loop
      vertex 6.34202 -9 6.31031
      vertex 6.42262 9 6.34369
      vertex 6.42262 -9 6.34369
    endloop
  endfacet
  facet normal 0.382629 0 -0.923902
    outer loop
      vertex 6.42262 9 6.34369
      vertex 6.34202 -9 6.31031
      vertex 6.34202 9 6.31031
    endloop
  endfacet
  facet normal 0.737325 0 -0.675538
    outer loop
      vertex 6.76604 6.7272 6.60721
      vertex 6.70711 9 6.54289
      vertex 6.76604 9 6.60721
    endloop
  endfacet
  facet normal 0.737309 -9.05367e-07 -0.675555
    outer loop
      vertex 6.73158 6.6647 6.5696
      vertex 6.70711 9 6.54289
      vertex 6.76604 6.7272 6.60721
    endloop
  endfacet
  facet normal 0.737349 0 -0.675512
    outer loop
      vertex 6.70711 9 6.54289
      vertex 6.73158 6.6647 6.5696
      vertex 6.70711 6.60639 6.54289
    endloop
  endfacet
  facet normal 0.737325 0 -0.675538
    outer loop
      vertex 6.70711 -9 6.54289
      vertex 6.76604 -6.7272 6.60721
      vertex 6.76604 -9 6.60721
    endloop
  endfacet
  facet normal 0.737309 9.05367e-07 -0.675555
    outer loop
      vertex 6.76604 -6.7272 6.60721
      vertex 6.70711 -9 6.54289
      vertex 6.73158 -6.6647 6.5696
    endloop
  endfacet
  facet normal 0.737349 0 -0.675512
    outer loop
      vertex 6.73158 -6.6647 6.5696
      vertex 6.70711 -9 6.54289
      vertex 6.70711 -6.60639 6.54289
    endloop
  endfacet
  facet normal 0.737309 0 -0.675556
    outer loop
      vertex 6.76604 -5.77279 6.60721
      vertex 6.73158 -3.5397 6.5696
      vertex 6.76604 -3.6022 6.60721
    endloop
  endfacet
  facet normal 0.737309 0 -0.675556
    outer loop
      vertex 6.73158 -5.8353 6.5696
      vertex 6.73158 -3.5397 6.5696
      vertex 6.76604 -5.77279 6.60721
    endloop
  endfacet
  facet normal 0.737349 0 -0.675512
    outer loop
      vertex 6.73158 -3.5397 6.5696
      vertex 6.73158 -5.8353 6.5696
      vertex 6.70711 -3.48139 6.54289
    endloop
  endfacet
  facet normal 0.737349 0 -0.675512
    outer loop
      vertex 6.70711 -3.48139 6.54289
      vertex 6.73158 -5.8353 6.5696
      vertex 6.70711 -5.89361 6.54289
    endloop
  endfacet
  facet normal 0.737309 0 -0.675556
    outer loop
      vertex 6.76604 -2.64779 6.60721
      vertex 6.73158 -0.414699 6.5696
      vertex 6.76604 -0.477204 6.60721
    endloop
  endfacet
  facet normal 0.737309 0 -0.675556
    outer loop
      vertex 6.73158 -2.7103 6.5696
      vertex 6.73158 -0.414699 6.5696
      vertex 6.76604 -2.64779 6.60721
    endloop
  endfacet
  facet normal 0.737349 0 -0.675512
    outer loop
      vertex 6.73158 -0.414699 6.5696
      vertex 6.73158 -2.7103 6.5696
      vertex 6.70711 -0.356387 6.54289
    endloop
  endfacet
  facet normal 0.737349 0 -0.675512
    outer loop
      vertex 6.70711 -0.356387 6.54289
      vertex 6.73158 -2.7103 6.5696
      vertex 6.70711 -2.76861 6.54289
    endloop
  endfacet
  facet normal 0.737309 0 -0.675556
    outer loop
      vertex 6.76604 0.477204 6.60721
      vertex 6.73158 2.7103 6.5696
      vertex 6.76604 2.64779 6.60721
    endloop
  endfacet
  facet normal 0.737309 0 -0.675556
    outer loop
      vertex 6.73158 0.414699 6.5696
      vertex 6.73158 2.7103 6.5696
      vertex 6.76604 0.477204 6.60721
    endloop
  endfacet
  facet normal 0.737349 0 -0.675512
    outer loop
      vertex 6.73158 2.7103 6.5696
      vertex 6.73158 0.414699 6.5696
      vertex 6.70711 2.76861 6.54289
    endloop
  endfacet
  facet normal 0.737349 0 -0.675512
    outer loop
      vertex 6.70711 2.76861 6.54289
      vertex 6.73158 0.414699 6.5696
      vertex 6.70711 0.356387 6.54289
    endloop
  endfacet
  facet normal 0.737309 0 -0.675556
    outer loop
      vertex 6.76604 3.6022 6.60721
      vertex 6.73158 5.8353 6.5696
      vertex 6.76604 5.77279 6.60721
    endloop
  endfacet
  facet normal 0.737309 0 -0.675556
    outer loop
      vertex 6.73158 3.5397 6.5696
      vertex 6.73158 5.8353 6.5696
      vertex 6.76604 3.6022 6.60721
    endloop
  endfacet
  facet normal 0.737349 0 -0.675512
    outer loop
      vertex 6.73158 5.8353 6.5696
      vertex 6.73158 3.5397 6.5696
      vertex 6.70711 5.89361 6.54289
    endloop
  endfacet
  facet normal 0.737349 0 -0.675512
    outer loop
      vertex 6.70711 5.89361 6.54289
      vertex 6.73158 3.5397 6.5696
      vertex 6.70711 3.48139 6.54289
    endloop
  endfacet
  facet normal -0.30078 0 -0.953693
    outer loop
      vertex 5.65798 -9 6.31031
      vertex 5.74118 9 6.28407
      vertex 5.74118 -9 6.28407
    endloop
  endfacet
  facet normal -0.30078 0 -0.953693
    outer loop
      vertex 5.74118 9 6.28407
      vertex 5.65798 -9 6.31031
      vertex 5.65798 9 6.31031
    endloop
  endfacet
  facet normal -0.675538 0 -0.737325
    outer loop
      vertex 5.29289 -9 6.54289
      vertex 5.35721 9 6.48396
      vertex 5.35721 -9 6.48396
    endloop
  endfacet
  facet normal -0.675538 0 -0.737325
    outer loop
      vertex 5.35721 9 6.48396
      vertex 5.29289 -9 6.54289
      vertex 5.29289 9 6.54289
    endloop
  endfacet
  facet normal -0.9763 0 -0.216421
    outer loop
      vertex 5.03407 -9 6.99118
      vertex 5.01519 9 7.07635
      vertex 5.03407 9 6.99118
    endloop
  endfacet
  facet normal -0.9763 -0 -0.216421
    outer loop
      vertex 5.01519 9 7.07635
      vertex 5.03407 -9 6.99118
      vertex 5.01519 -9 7.07635
    endloop
  endfacet
  facet normal 0 1 0
    outer loop
      vertex 6.08716 9 8.24619
      vertex 5.91284 9 8.24619
      vertex 6 9 8.25
    endloop
  endfacet
  facet normal 0 1 0
    outer loop
      vertex 6.17365 9 8.23481
      vertex 5.91284 9 8.24619
      vertex 6.08716 9 8.24619
    endloop
  endfacet
  facet normal 0 1 0
    outer loop
      vertex 6.17365 9 8.23481
      vertex 5.82635 9 8.23481
      vertex 5.91284 9 8.24619
    endloop
  endfacet
  facet normal 0 1 0
    outer loop
      vertex 6.25882 9 8.21593
      vertex 5.82635 9 8.23481
      vertex 6.17365 9 8.23481
    endloop
  endfacet
  facet normal 0 1 0
    outer loop
      vertex 6.25882 9 8.21593
      vertex 5.74118 9 8.21593
      vertex 5.82635 9 8.23481
    endloop
  endfacet
  facet normal 0 1 0
    outer loop
      vertex 6.34202 9 8.18969
      vertex 5.74118 9 8.21593
      vertex 6.25882 9 8.21593
    endloop
  endfacet
  facet normal 0 1 0
    outer loop
      vertex 6.34202 9 8.18969
      vertex 5.65798 9 8.18969
      vertex 5.74118 9 8.21593
    endloop
  endfacet
  facet normal 0 1 0
    outer loop
      vertex 6.42262 9 8.15631
      vertex 5.65798 9 8.18969
      vertex 6.34202 9 8.18969
    endloop
  endfacet
  facet normal 0 1 0
    outer loop
      vertex 6.42262 9 8.15631
      vertex 5.57738 9 8.15631
      vertex 5.65798 9 8.18969
    endloop
  endfacet
  facet normal 0 1 0
    outer loop
      vertex 6.5 9 8.11602
      vertex 5.57738 9 8.15631
      vertex 6.42262 9 8.15631
    endloop
  endfacet
  facet normal 0 1 0
    outer loop
      vertex 6.5 9 8.11602
      vertex 5.5 9 8.11602
      vertex 5.57738 9 8.15631
    endloop
  endfacet
  facet normal 0 1 0
    outer loop
      vertex 6.57358 9 8.06915
      vertex 5.5 9 8.11602
      vertex 6.5 9 8.11602
    endloop
  endfacet
  facet normal 0 1 0
    outer loop
      vertex 6.57358 9 8.06915
      vertex 5.42642 9 8.06915
      vertex 5.5 9 8.11602
    endloop
  endfacet
  facet normal 0 1 0
    outer loop
      vertex 6.64279 9 8.01604
      vertex 5.42642 9 8.06915
      vertex 6.57358 9 8.06915
    endloop
  endfacet
  facet normal 0 1 0
    outer loop
      vertex 6.64279 9 8.01604
      vertex 5.35721 9 8.01604
      vertex 5.42642 9 8.06915
    endloop
  endfacet
  facet normal 0 1 0
    outer loop
      vertex 6.70711 9 7.95711
      vertex 5.35721 9 8.01604
      vertex 6.64279 9 8.01604
    endloop
  endfacet
  facet normal 0 1 0
    outer loop
      vertex 6.70711 9 7.95711
      vertex 5.29289 9 7.95711
      vertex 5.35721 9 8.01604
    endloop
  endfacet
  facet normal 0 1 0
    outer loop
      vertex 6.76604 9 7.89279
      vertex 5.29289 9 7.95711
      vertex 6.70711 9 7.95711
    endloop
  endfacet
  facet normal 0 1 0
    outer loop
      vertex 6.76604 9 7.89279
      vertex 5.23396 9 7.89279
      vertex 5.29289 9 7.95711
    endloop
  endfacet
  facet normal 0 1 0
    outer loop
      vertex 6.81915 9 7.82358
      vertex 5.23396 9 7.89279
      vertex 6.76604 9 7.89279
    endloop
  endfacet
  facet normal 0 1 0
    outer loop
      vertex 6.81915 9 7.82358
      vertex 5.18085 9 7.82358
      vertex 5.23396 9 7.89279
    endloop
  endfacet
  facet normal 0 1 0
    outer loop
      vertex 6.86602 9 7.75
      vertex 5.18085 9 7.82358
      vertex 6.81915 9 7.82358
    endloop
  endfacet
  facet normal 0 1 0
    outer loop
      vertex 6.86602 9 7.75
      vertex 5.13398 9 7.75
      vertex 5.18085 9 7.82358
    endloop
  endfacet
  facet normal 0 1 0
    outer loop
      vertex 6.90631 9 7.67262
      vertex 5.13398 9 7.75
      vertex 6.86602 9 7.75
    endloop
  endfacet
  facet normal 0 1 0
    outer loop
      vertex 6.90631 9 7.67262
      vertex 5.09369 9 7.67262
      vertex 5.13398 9 7.75
    endloop
  endfacet
  facet normal 0 1 0
    outer loop
      vertex 6.93969 9 7.59202
      vertex 5.09369 9 7.67262
      vertex 6.90631 9 7.67262
    endloop
  endfacet
  facet normal 0 1 0
    outer loop
      vertex 6.93969 9 7.59202
      vertex 5.06031 9 7.59202
      vertex 5.09369 9 7.67262
    endloop
  endfacet
  facet normal 0 1 0
    outer loop
      vertex 6.96593 9 7.50882
      vertex 5.06031 9 7.59202
      vertex 6.93969 9 7.59202
    endloop
  endfacet
  facet normal 0 1 0
    outer loop
      vertex 6.96593 9 7.50882
      vertex 5.03407 9 7.50882
      vertex 5.06031 9 7.59202
    endloop
  endfacet
  facet normal 0 1 0
    outer loop
      vertex 6.98481 9 7.42365
      vertex 5.03407 9 7.50882
      vertex 6.96593 9 7.50882
    endloop
  endfacet
  facet normal 0 1 0
    outer loop
      vertex 6.98481 9 7.42365
      vertex 5.01519 9 7.42365
      vertex 5.03407 9 7.50882
    endloop
  endfacet
  facet normal 0 1 0
    outer loop
      vertex 6.99619 9 7.33716
      vertex 5.01519 9 7.42365
      vertex 6.98481 9 7.42365
    endloop
  endfacet
  facet normal 0 1 0
    outer loop
      vertex 6.99619 9 7.33716
      vertex 5.00381 9 7.33716
      vertex 5.01519 9 7.42365
    endloop
  endfacet
  facet normal 0 1 0
    outer loop
      vertex 7 9 7.25
      vertex 5.00381 9 7.33716
      vertex 6.99619 9 7.33716
    endloop
  endfacet
  facet normal 0 1 0
    outer loop
      vertex 7 9 7.25
      vertex 5 9 7.25
      vertex 5.00381 9 7.33716
    endloop
  endfacet
  facet normal 0 1 -0
    outer loop
      vertex 6.99619 9 7.16284
      vertex 5 9 7.25
      vertex 7 9 7.25
    endloop
  endfacet
  facet normal 0 1 0
    outer loop
      vertex 6.99619 9 7.16284
      vertex 5.00381 9 7.16284
      vertex 5 9 7.25
    endloop
  endfacet
  facet normal 0 1 -0
    outer loop
      vertex 6.98481 9 7.07635
      vertex 5.00381 9 7.16284
      vertex 6.99619 9 7.16284
    endloop
  endfacet
  facet normal 0 1 0
    outer loop
      vertex 6.98481 9 7.07635
      vertex 5.01519 9 7.07635
      vertex 5.00381 9 7.16284
    endloop
  endfacet
  facet normal 0 1 -0
    outer loop
      vertex 6.96593 9 6.99118
      vertex 5.01519 9 7.07635
      vertex 6.98481 9 7.07635
    endloop
  endfacet
  facet normal 0 1 0
    outer loop
      vertex 6.96593 9 6.99118
      vertex 5.03407 9 6.99118
      vertex 5.01519 9 7.07635
    endloop
  endfacet
  facet normal 0 1 -0
    outer loop
      vertex 6.93969 9 6.90798
      vertex 5.03407 9 6.99118
      vertex 6.96593 9 6.99118
    endloop
  endfacet
  facet normal 0 1 0
    outer loop
      vertex 6.93969 9 6.90798
      vertex 5.06031 9 6.90798
      vertex 5.03407 9 6.99118
    endloop
  endfacet
  facet normal 0 1 -0
    outer loop
      vertex 6.90631 9 6.82738
      vertex 5.06031 9 6.90798
      vertex 6.93969 9 6.90798
    endloop
  endfacet
  facet normal 0 1 0
    outer loop
      vertex 6.90631 9 6.82738
      vertex 5.09369 9 6.82738
      vertex 5.06031 9 6.90798
    endloop
  endfacet
  facet normal 0 1 -0
    outer loop
      vertex 6.86602 9 6.75
      vertex 5.09369 9 6.82738
      vertex 6.90631 9 6.82738
    endloop
  endfacet
  facet normal 0 1 0
    outer loop
      vertex 6.86602 9 6.75
      vertex 5.13398 9 6.75
      vertex 5.09369 9 6.82738
    endloop
  endfacet
  facet normal 0 1 -0
    outer loop
      vertex 6.81915 9 6.67642
      vertex 5.13398 9 6.75
      vertex 6.86602 9 6.75
    endloop
  endfacet
  facet normal 0 1 0
    outer loop
      vertex 6.81915 9 6.67642
      vertex 5.18085 9 6.67642
      vertex 5.13398 9 6.75
    endloop
  endfacet
  facet normal 0 1 -0
    outer loop
      vertex 6.76604 9 6.60721
      vertex 5.18085 9 6.67642
      vertex 6.81915 9 6.67642
    endloop
  endfacet
  facet normal 0 1 0
    outer loop
      vertex 6.76604 9 6.60721
      vertex 5.23396 9 6.60721
      vertex 5.18085 9 6.67642
    endloop
  endfacet
  facet normal 0 1 -0
    outer loop
      vertex 6.70711 9 6.54289
      vertex 5.23396 9 6.60721
      vertex 6.76604 9 6.60721
    endloop
  endfacet
  facet normal 0 1 0
    outer loop
      vertex 6.70711 9 6.54289
      vertex 5.29289 9 6.54289
      vertex 5.23396 9 6.60721
    endloop
  endfacet
  facet normal 0 1 -0
    outer loop
      vertex 6.64279 9 6.48396
      vertex 5.29289 9 6.54289
      vertex 6.70711 9 6.54289
    endloop
  endfacet
  facet normal 0 1 0
    outer loop
      vertex 6.64279 9 6.48396
      vertex 5.35721 9 6.48396
      vertex 5.29289 9 6.54289
    endloop
  endfacet
  facet normal 0 1 -0
    outer loop
      vertex 6.57358 9 6.43085
      vertex 5.35721 9 6.48396
      vertex 6.64279 9 6.48396
    endloop
  endfacet
  facet normal 0 1 0
    outer loop
      vertex 6.57358 9 6.43085
      vertex 5.42642 9 6.43085
      vertex 5.35721 9 6.48396
    endloop
  endfacet
  facet normal 0 1 -0
    outer loop
      vertex 6.5 9 6.38398
      vertex 5.42642 9 6.43085
      vertex 6.57358 9 6.43085
    endloop
  endfacet
  facet normal 0 1 0
    outer loop
      vertex 6.5 9 6.38398
      vertex 5.5 9 6.38398
      vertex 5.42642 9 6.43085
    endloop
  endfacet
  facet normal 0 1 -0
    outer loop
      vertex 6.42262 9 6.34369
      vertex 5.5 9 6.38398
      vertex 6.5 9 6.38398
    endloop
  endfacet
  facet normal 0 1 0
    outer loop
      vertex 6.42262 9 6.34369
      vertex 5.57738 9 6.34369
      vertex 5.5 9 6.38398
    endloop
  endfacet
  facet normal 0 1 -0
    outer loop
      vertex 6.34202 9 6.31031
      vertex 5.57738 9 6.34369
      vertex 6.42262 9 6.34369
    endloop
  endfacet
  facet normal 0 1 0
    outer loop
      vertex 6.34202 9 6.31031
      vertex 5.65798 9 6.31031
      vertex 5.57738 9 6.34369
    endloop
  endfacet
  facet normal 0 1 -0
    outer loop
      vertex 6.25882 9 6.28407
      vertex 5.65798 9 6.31031
      vertex 6.34202 9 6.31031
    endloop
  endfacet
  facet normal 0 1 0
    outer loop
      vertex 6.25882 9 6.28407
      vertex 5.74118 9 6.28407
      vertex 5.65798 9 6.31031
    endloop
  endfacet
  facet normal 0 1 -0
    outer loop
      vertex 6.17365 9 6.26519
      vertex 5.74118 9 6.28407
      vertex 6.25882 9 6.28407
    endloop
  endfacet
  facet normal 0 1 0
    outer loop
      vertex 6.17365 9 6.26519
      vertex 5.82635 9 6.26519
      vertex 5.74118 9 6.28407
    endloop
  endfacet
  facet normal 0 1 -0
    outer loop
      vertex 6.08716 9 6.25381
      vertex 5.82635 9 6.26519
      vertex 6.17365 9 6.26519
    endloop
  endfacet
  facet normal 0 1 0
    outer loop
      vertex 6.08716 9 6.25381
      vertex 5.91284 9 6.25381
      vertex 5.82635 9 6.26519
    endloop
  endfacet
  facet normal -0 1 0
    outer loop
      vertex 5.91284 9 6.25381
      vertex 6.08716 9 6.25381
      vertex 6 9 6.25
    endloop
  endfacet
  facet normal 0.953693 0 0.30078
    outer loop
      vertex 6.93969 9 7.59202
      vertex 6.96593 6.74666 7.50882
      vertex 6.96593 9 7.50882
    endloop
  endfacet
  facet normal 0.95368 -1.77227e-06 0.300824
    outer loop
      vertex 6.93969 9 7.59202
      vertex 6.94519 6.6647 7.57457
      vertex 6.96593 6.74666 7.50882
    endloop
  endfacet
  facet normal 0.953748 0 0.300608
    outer loop
      vertex 6.94519 6.6647 7.57457
      vertex 6.93969 9 7.59202
      vertex 6.93969 6.63613 7.59202
    endloop
  endfacet
  facet normal 0.953748 -0 0.300608
    outer loop
      vertex 6.93969 -9 7.59202
      vertex 6.94519 -6.6647 7.57457
      vertex 6.93969 -6.63613 7.59202
    endloop
  endfacet
  facet normal 0.95368 1.77227e-06 0.300824
    outer loop
      vertex 6.93969 -9 7.59202
      vertex 6.96593 -6.74666 7.50882
      vertex 6.94519 -6.6647 7.57457
    endloop
  endfacet
  facet normal 0.953693 0 0.30078
    outer loop
      vertex 6.96593 -6.74666 7.50882
      vertex 6.93969 -9 7.59202
      vertex 6.96593 -9 7.50882
    endloop
  endfacet
  facet normal 0.953679 0 0.300826
    outer loop
      vertex 6.94519 -3.5397 7.57457
      vertex 6.96593 -5.75334 7.50882
      vertex 6.96593 -3.62166 7.50882
    endloop
  endfacet
  facet normal 0.953748 -0 0.300608
    outer loop
      vertex 6.94519 -5.8353 7.57457
      vertex 6.94519 -3.5397 7.57457
      vertex 6.93969 -3.51113 7.59202
    endloop
  endfacet
  facet normal 0.953679 0 0.300826
    outer loop
      vertex 6.94519 -3.5397 7.57457
      vertex 6.94519 -5.8353 7.57457
      vertex 6.96593 -5.75334 7.50882
    endloop
  endfacet
  facet normal 0.953748 0 0.300608
    outer loop
      vertex 6.94519 -5.8353 7.57457
      vertex 6.93969 -3.51113 7.59202
      vertex 6.93969 -5.86387 7.59202
    endloop
  endfacet
  facet normal 0.953679 0 0.300826
    outer loop
      vertex 6.94519 -0.414699 7.57457
      vertex 6.96593 -2.62834 7.50882
      vertex 6.96593 -0.496661 7.50882
    endloop
  endfacet
  facet normal 0.953748 -0 0.300608
    outer loop
      vertex 6.94519 -2.7103 7.57457
      vertex 6.94519 -0.414699 7.57457
      vertex 6.93969 -0.386129 7.59202
    endloop
  endfacet
  facet normal 0.953679 0 0.300826
    outer loop
      vertex 6.94519 -0.414699 7.57457
      vertex 6.94519 -2.7103 7.57457
      vertex 6.96593 -2.62834 7.50882
    endloop
  endfacet
  facet normal 0.953748 0 0.300608
    outer loop
      vertex 6.94519 -2.7103 7.57457
      vertex 6.93969 -0.386129 7.59202
      vertex 6.93969 -2.73887 7.59202
    endloop
  endfacet
  facet normal 0.953679 0 0.300826
    outer loop
      vertex 6.94519 2.7103 7.57457
      vertex 6.96593 0.496661 7.50882
      vertex 6.96593 2.62834 7.50882
    endloop
  endfacet
  facet normal 0.953748 -0 0.300608
    outer loop
      vertex 6.94519 0.414699 7.57457
      vertex 6.94519 2.7103 7.57457
      vertex 6.93969 2.73887 7.59202
    endloop
  endfacet
  facet normal 0.953679 0 0.300826
    outer loop
      vertex 6.94519 2.7103 7.57457
      vertex 6.94519 0.414699 7.57457
      vertex 6.96593 0.496661 7.50882
    endloop
  endfacet
  facet normal 0.953748 0 0.300608
    outer loop
      vertex 6.94519 0.414699 7.57457
      vertex 6.93969 2.73887 7.59202
      vertex 6.93969 0.386129 7.59202
    endloop
  endfacet
  facet normal 0.953679 0 0.300826
    outer loop
      vertex 6.94519 5.8353 7.57457
      vertex 6.96593 3.62166 7.50882
      vertex 6.96593 5.75334 7.50882
    endloop
  endfacet
  facet normal 0.953748 -0 0.300608
    outer loop
      vertex 6.94519 3.5397 7.57457
      vertex 6.94519 5.8353 7.57457
      vertex 6.93969 5.86387 7.59202
    endloop
  endfacet
  facet normal 0.953679 0 0.300826
    outer loop
      vertex 6.94519 5.8353 7.57457
      vertex 6.94519 3.5397 7.57457
      vertex 6.96593 3.62166 7.50882
    endloop
  endfacet
  facet normal 0.953748 0 0.300608
    outer loop
      vertex 6.94519 3.5397 7.57457
      vertex 6.93969 5.86387 7.59202
      vertex 6.93969 3.51113 7.59202
    endloop
  endfacet
  facet normal 0.793335 -0 0.608785
    outer loop
      vertex 6.76604 -9 7.89279
      vertex 6.81915 9 7.82358
      vertex 6.76604 9 7.89279
    endloop
  endfacet
  facet normal 0.793335 0 0.608785
    outer loop
      vertex 6.81915 9 7.82358
      vertex 6.76604 -9 7.89279
      vertex 6.81915 -9 7.82358
    endloop
  endfacet
  facet normal 0.608785 0 0.793335
    outer loop
      vertex 6.57358 9 8.06915
      vertex 6.64279 -9 8.01604
      vertex 6.64279 9 8.01604
    endloop
  endfacet
  facet normal 0.608785 0 0.793335
    outer loop
      vertex 6.64279 -9 8.01604
      vertex 6.57358 9 8.06915
      vertex 6.57358 -9 8.06915
    endloop
  endfacet
  facet normal 0.461825 0 0.886971
    outer loop
      vertex 6.42262 9 8.15631
      vertex 6.5 -9 8.11602
      vertex 6.5 9 8.11602
    endloop
  endfacet
  facet normal 0.461825 0 0.886971
    outer loop
      vertex 6.5 -9 8.11602
      vertex 6.42262 9 8.15631
      vertex 6.42262 -9 8.15631
    endloop
  endfacet
  facet normal 0.130452 0 0.991455
    outer loop
      vertex 6.08716 9 8.24619
      vertex 6.17365 -9 8.23481
      vertex 6.17365 9 8.23481
    endloop
  endfacet
  facet normal 0.130452 0 0.991455
    outer loop
      vertex 6.17365 -9 8.23481
      vertex 6.08716 9 8.24619
      vertex 6.08716 -9 8.24619
    endloop
  endfacet
  facet normal -0.991455 0 0.130452
    outer loop
      vertex 5.00381 -9 7.33716
      vertex 5.01519 9 7.42365
      vertex 5.00381 9 7.33716
    endloop
  endfacet
  facet normal -0.991455 0 0.130452
    outer loop
      vertex 5.01519 9 7.42365
      vertex 5.00381 -9 7.33716
      vertex 5.01519 -9 7.42365
    endloop
  endfacet
  facet normal -0.886971 0 0.461825
    outer loop
      vertex 5.09369 -9 7.67262
      vertex 5.13398 9 7.75
      vertex 5.09369 9 7.67262
    endloop
  endfacet
  facet normal -0.886971 0 0.461825
    outer loop
      vertex 5.13398 9 7.75
      vertex 5.09369 -9 7.67262
      vertex 5.13398 -9 7.75
    endloop
  endfacet
  facet normal -0.793335 0 0.608785
    outer loop
      vertex 5.18085 -9 7.82358
      vertex 5.23396 9 7.89279
      vertex 5.18085 9 7.82358
    endloop
  endfacet
  facet normal -0.793335 0 0.608785
    outer loop
      vertex 5.23396 9 7.89279
      vertex 5.18085 -9 7.82358
      vertex 5.23396 -9 7.89279
    endloop
  endfacet
  facet normal -0.216421 0 0.9763
    outer loop
      vertex 5.74118 9 8.21593
      vertex 5.82635 -9 8.23481
      vertex 5.82635 9 8.23481
    endloop
  endfacet
  facet normal -0.216421 0 0.9763
    outer loop
      vertex 5.82635 -9 8.23481
      vertex 5.74118 9 8.21593
      vertex 5.74118 -9 8.21593
    endloop
  endfacet
  facet normal -0.537254 0 0.843421
    outer loop
      vertex 5.42642 9 8.06915
      vertex 5.5 -9 8.11602
      vertex 5.5 9 8.11602
    endloop
  endfacet
  facet normal -0.537254 0 0.843421
    outer loop
      vertex 5.5 -9 8.11602
      vertex 5.42642 9 8.06915
      vertex 5.42642 -9 8.06915
    endloop
  endfacet
  facet normal -0.675538 0 0.737325
    outer loop
      vertex 5.29289 9 7.95711
      vertex 5.35721 -9 8.01604
      vertex 5.35721 9 8.01604
    endloop
  endfacet
  facet normal -0.675538 0 0.737325
    outer loop
      vertex 5.35721 -9 8.01604
      vertex 5.29289 9 7.95711
      vertex 5.29289 -9 7.95711
    endloop
  endfacet
  facet normal 0.953693 0 -0.30078
    outer loop
      vertex 6.96593 6.93827 6.99118
      vertex 6.93969 9 6.90798
      vertex 6.96593 9 6.99118
    endloop
  endfacet
  facet normal 0.953693 0 -0.30078
    outer loop
      vertex 6.93969 9 6.90798
      vertex 6.96593 6.93827 6.99118
      vertex 6.93969 6.92514 6.90798
    endloop
  endfacet
  facet normal 0.953693 0 -0.30078
    outer loop
      vertex 6.93969 -9 6.90798
      vertex 6.96593 -6.93827 6.99118
      vertex 6.96593 -9 6.99118
    endloop
  endfacet
  facet normal 0.953693 0 -0.30078
    outer loop
      vertex 6.96593 -6.93827 6.99118
      vertex 6.93969 -9 6.90798
      vertex 6.93969 -6.92514 6.90798
    endloop
  endfacet
  facet normal 0.953693 0 -0.30078
    outer loop
      vertex 6.96593 -5.56173 6.99118
      vertex 6.93969 -3.80014 6.90798
      vertex 6.96593 -3.81327 6.99118
    endloop
  endfacet
  facet normal 0.953693 0 -0.30078
    outer loop
      vertex 6.93969 -3.80014 6.90798
      vertex 6.96593 -5.56173 6.99118
      vertex 6.93969 -5.57486 6.90798
    endloop
  endfacet
  facet normal 0.953693 0 -0.30078
    outer loop
      vertex 6.96593 -2.43673 6.99118
      vertex 6.93969 -0.675144 6.90798
      vertex 6.96593 -0.688268 6.99118
    endloop
  endfacet
  facet normal 0.953693 0 -0.30078
    outer loop
      vertex 6.93969 -0.675144 6.90798
      vertex 6.96593 -2.43673 6.99118
      vertex 6.93969 -2.44986 6.90798
    endloop
  endfacet
  facet normal 0.953693 0 -0.30078
    outer loop
      vertex 6.96593 0.688268 6.99118
      vertex 6.93969 2.44986 6.90798
      vertex 6.96593 2.43673 6.99118
    endloop
  endfacet
  facet normal 0.953693 0 -0.30078
    outer loop
      vertex 6.93969 2.44986 6.90798
      vertex 6.96593 0.688268 6.99118
      vertex 6.93969 0.675144 6.90798
    endloop
  endfacet
  facet normal 0.953693 0 -0.30078
    outer loop
      vertex 6.96593 3.81327 6.99118
      vertex 6.93969 5.57486 6.90798
      vertex 6.96593 5.56173 6.99118
    endloop
  endfacet
  facet normal 0.953693 0 -0.30078
    outer loop
      vertex 6.93969 5.57486 6.90798
      vertex 6.96593 3.81327 6.99118
      vertex 6.93969 3.80014 6.90798
    endloop
  endfacet
  facet normal 0.130452 0 -0.991455
    outer loop
      vertex 6.08716 -9 6.25381
      vertex 6.17365 9 6.26519
      vertex 6.17365 -9 6.26519
    endloop
  endfacet
  facet normal 0.130452 0 -0.991455
    outer loop
      vertex 6.17365 9 6.26519
      vertex 6.08716 -9 6.25381
      vertex 6.08716 9 6.25381
    endloop
  endfacet
  facet normal 0.216421 0 -0.9763
    outer loop
      vertex 6.17365 -9 6.26519
      vertex 6.25882 9 6.28407
      vertex 6.25882 -9 6.28407
    endloop
  endfacet
  facet normal 0.216421 0 -0.9763
    outer loop
      vertex 6.25882 9 6.28407
      vertex 6.17365 -9 6.26519
      vertex 6.17365 9 6.26519
    endloop
  endfacet
  facet normal 0.30078 0 -0.953693
    outer loop
      vertex 6.25882 -9 6.28407
      vertex 6.34202 9 6.31031
      vertex 6.34202 -9 6.31031
    endloop
  endfacet
  facet normal 0.30078 0 -0.953693
    outer loop
      vertex 6.34202 9 6.31031
      vertex 6.25882 -9 6.28407
      vertex 6.25882 9 6.28407
    endloop
  endfacet
  facet normal 0.461825 0 -0.886971
    outer loop
      vertex 6.42262 -9 6.34369
      vertex 6.5 9 6.38398
      vertex 6.5 -9 6.38398
    endloop
  endfacet
  facet normal 0.461825 0 -0.886971
    outer loop
      vertex 6.5 9 6.38398
      vertex 6.42262 -9 6.34369
      vertex 6.42262 9 6.34369
    endloop
  endfacet
  facet normal 0.886971 0 -0.461825
    outer loop
      vertex 6.90631 6.90019 6.82738
      vertex 6.86602 9 6.75
      vertex 6.90631 9 6.82738
    endloop
  endfacet
  facet normal 0.886801 -1.53104e-05 -0.462152
    outer loop
      vertex 6.90089 6.89527 6.81698
      vertex 6.86602 9 6.75
      vertex 6.90631 6.90019 6.82738
    endloop
  endfacet
  facet normal 0.886998 0 -0.461774
    outer loop
      vertex 6.86602 9 6.75
      vertex 6.90089 6.89527 6.81698
      vertex 6.86602 6.86359 6.75
    endloop
  endfacet
  facet normal 0.886971 0 -0.461825
    outer loop
      vertex 6.86602 -9 6.75
      vertex 6.90631 -6.90019 6.82738
      vertex 6.90631 -9 6.82738
    endloop
  endfacet
  facet normal 0.886801 1.53104e-05 -0.462152
    outer loop
      vertex 6.90631 -6.90019 6.82738
      vertex 6.86602 -9 6.75
      vertex 6.90089 -6.89527 6.81698
    endloop
  endfacet
  facet normal 0.886998 0 -0.461774
    outer loop
      vertex 6.90089 -6.89527 6.81698
      vertex 6.86602 -9 6.75
      vertex 6.86602 -6.86359 6.75
    endloop
  endfacet
  facet normal 0.886798 0 -0.462158
    outer loop
      vertex 6.90089 -5.60473 6.81698
      vertex 6.90089 -3.77027 6.81698
      vertex 6.90631 -3.77519 6.82738
    endloop
  endfacet
  facet normal 0.886798 0 -0.462158
    outer loop
      vertex 6.90089 -5.60473 6.81698
      vertex 6.90631 -3.77519 6.82738
      vertex 6.90631 -5.59981 6.82738
    endloop
  endfacet
  facet normal 0.886998 0 -0.461774
    outer loop
      vertex 6.90089 -3.77027 6.81698
      vertex 6.90089 -5.60473 6.81698
      vertex 6.86602 -3.73859 6.75
    endloop
  endfacet
  facet normal 0.886998 0 -0.461774
    outer loop
      vertex 6.86602 -3.73859 6.75
      vertex 6.90089 -5.60473 6.81698
      vertex 6.86602 -5.63641 6.75
    endloop
  endfacet
  facet normal 0.886798 0 -0.462158
    outer loop
      vertex 6.90631 -2.47481 6.82738
      vertex 6.90089 -0.64527 6.81698
      vertex 6.90631 -0.650188 6.82738
    endloop
  endfacet
  facet normal 0.886798 0 -0.462158
    outer loop
      vertex 6.90089 -2.47973 6.81698
      vertex 6.90089 -0.64527 6.81698
      vertex 6.90631 -2.47481 6.82738
    endloop
  endfacet
  facet normal 0.886998 0 -0.461774
    outer loop
      vertex 6.90089 -0.64527 6.81698
      vertex 6.90089 -2.47973 6.81698
      vertex 6.86602 -0.613593 6.75
    endloop
  endfacet
  facet normal 0.886998 0 -0.461774
    outer loop
      vertex 6.86602 -0.613593 6.75
      vertex 6.90089 -2.47973 6.81698
      vertex 6.86602 -2.51141 6.75
    endloop
  endfacet
  facet normal 0.886798 0 -0.462158
    outer loop
      vertex 6.90089 0.64527 6.81698
      vertex 6.90089 2.47973 6.81698
      vertex 6.90631 2.47481 6.82738
    endloop
  endfacet
  facet normal 0.886798 0 -0.462158
    outer loop
      vertex 6.90089 0.64527 6.81698
      vertex 6.90631 2.47481 6.82738
      vertex 6.90631 0.650188 6.82738
    endloop
  endfacet
  facet normal 0.886998 0 -0.461774
    outer loop
      vertex 6.90089 2.47973 6.81698
      vertex 6.90089 0.64527 6.81698
      vertex 6.86602 2.51141 6.75
    endloop
  endfacet
  facet normal 0.886998 0 -0.461774
    outer loop
      vertex 6.86602 2.51141 6.75
      vertex 6.90089 0.64527 6.81698
      vertex 6.86602 0.613593 6.75
    endloop
  endfacet
  facet normal 0.886798 0 -0.462158
    outer loop
      vertex 6.90631 3.77519 6.82738
      vertex 6.90089 5.60473 6.81698
      vertex 6.90631 5.59981 6.82738
    endloop
  endfacet
  facet normal 0.886798 0 -0.462158
    outer loop
      vertex 6.90089 3.77027 6.81698
      vertex 6.90089 5.60473 6.81698
      vertex 6.90631 3.77519 6.82738
    endloop
  endfacet
  facet normal 0.886998 0 -0.461774
    outer loop
      vertex 6.90089 5.60473 6.81698
      vertex 6.90089 3.77027 6.81698
      vertex 6.86602 5.63641 6.75
    endloop
  endfacet
  facet normal 0.886998 0 -0.461774
    outer loop
      vertex 6.86602 5.63641 6.75
      vertex 6.90089 3.77027 6.81698
      vertex 6.86602 3.73859 6.75
    endloop
  endfacet
  facet normal 0.923902 0 -0.382629
    outer loop
      vertex 6.93969 6.92514 6.90798
      vertex 6.90631 9 6.82738
      vertex 6.93969 9 6.90798
    endloop
  endfacet
  facet normal 0.923902 0 -0.382629
    outer loop
      vertex 6.90631 9 6.82738
      vertex 6.93969 6.92514 6.90798
      vertex 6.90631 6.90019 6.82738
    endloop
  endfacet
  facet normal 0.923902 0 -0.382629
    outer loop
      vertex 6.90631 -9 6.82738
      vertex 6.93969 -6.92514 6.90798
      vertex 6.93969 -9 6.90798
    endloop
  endfacet
  facet normal 0.923902 0 -0.382629
    outer loop
      vertex 6.93969 -6.92514 6.90798
      vertex 6.90631 -9 6.82738
      vertex 6.90631 -6.90019 6.82738
    endloop
  endfacet
  facet normal 0.923902 0 -0.382629
    outer loop
      vertex 6.93969 -5.57486 6.90798
      vertex 6.90631 -3.77519 6.82738
      vertex 6.93969 -3.80014 6.90798
    endloop
  endfacet
  facet normal 0.923902 0 -0.382629
    outer loop
      vertex 6.90631 -3.77519 6.82738
      vertex 6.93969 -5.57486 6.90798
      vertex 6.90631 -5.59981 6.82738
    endloop
  endfacet
  facet normal 0.923902 0 -0.382629
    outer loop
      vertex 6.93969 -2.44986 6.90798
      vertex 6.90631 -0.650188 6.82738
      vertex 6.93969 -0.675144 6.90798
    endloop
  endfacet
  facet normal 0.923902 0 -0.382629
    outer loop
      vertex 6.90631 -0.650188 6.82738
      vertex 6.93969 -2.44986 6.90798
      vertex 6.90631 -2.47481 6.82738
    endloop
  endfacet
  facet normal 0.923902 0 -0.382629
    outer loop
      vertex 6.93969 0.675144 6.90798
      vertex 6.90631 2.47481 6.82738
      vertex 6.93969 2.44986 6.90798
    endloop
  endfacet
  facet normal 0.923902 0 -0.382629
    outer loop
      vertex 6.90631 2.47481 6.82738
      vertex 6.93969 0.675144 6.90798
      vertex 6.90631 0.650188 6.82738
    endloop
  endfacet
  facet normal 0.923902 0 -0.382629
    outer loop
      vertex 6.93969 3.80014 6.90798
      vertex 6.90631 5.59981 6.82738
      vertex 6.93969 5.57486 6.90798
    endloop
  endfacet
  facet normal 0.923902 0 -0.382629
    outer loop
      vertex 6.90631 5.59981 6.82738
      vertex 6.93969 3.80014 6.90798
      vertex 6.90631 3.77519 6.82738
    endloop
  endfacet
  facet normal 0.843421 0 -0.537254
    outer loop
      vertex 6.86602 6.86359 6.75
      vertex 6.81915 9 6.67642
      vertex 6.86602 9 6.75
    endloop
  endfacet
  facet normal 0.843717 2.24935e-05 -0.536789
    outer loop
      vertex 6.85885 6.85625 6.73873
      vertex 6.81915 9 6.67642
      vertex 6.86602 6.86359 6.75
    endloop
  endfacet
  facet normal 0.843359 -4.27696e-07 -0.53735
    outer loop
      vertex 6.82517 6.81409 6.68587
      vertex 6.81915 9 6.67642
      vertex 6.85885 6.85625 6.73873
    endloop
  endfacet
  facet normal 0.843404 0 -0.53728
    outer loop
      vertex 6.81915 9 6.67642
      vertex 6.82517 6.81409 6.68587
      vertex 6.81915 6.80655 6.67642
    endloop
  endfacet
  facet normal 0.843359 4.27696e-07 -0.53735
    outer loop
      vertex 6.81915 -9 6.67642
      vertex 6.82517 -6.81409 6.68587
      vertex 6.85885 -6.85625 6.73873
    endloop
  endfacet
  facet normal 0.843421 0 -0.537254
    outer loop
      vertex 6.81915 -9 6.67642
      vertex 6.86602 -6.86359 6.75
      vertex 6.86602 -9 6.75
    endloop
  endfacet
  facet normal 0.843717 -2.24935e-05 -0.536789
    outer loop
      vertex 6.86602 -6.86359 6.75
      vertex 6.81915 -9 6.67642
      vertex 6.85885 -6.85625 6.73873
    endloop
  endfacet
  facet normal 0.843404 0 -0.53728
    outer loop
      vertex 6.82517 -6.81409 6.68587
      vertex 6.81915 -9 6.67642
      vertex 6.81915 -6.80655 6.67642
    endloop
  endfacet
  facet normal 0.843723 0 -0.536779
    outer loop
      vertex 6.86602 -5.63641 6.75
      vertex 6.85885 -3.73125 6.73873
      vertex 6.86602 -3.73859 6.75
    endloop
  endfacet
  facet normal 0.843723 0 -0.536779
    outer loop
      vertex 6.85885 -5.64375 6.73873
      vertex 6.85885 -3.73125 6.73873
      vertex 6.86602 -5.63641 6.75
    endloop
  endfacet
  facet normal 0.843359 0 -0.53735
    outer loop
      vertex 6.85885 -3.73125 6.73873
      vertex 6.85885 -5.64375 6.73873
      vertex 6.82517 -3.68909 6.68587
    endloop
  endfacet
  facet normal 0.843359 0 -0.53735
    outer loop
      vertex 6.82517 -5.68591 6.68587
      vertex 6.82517 -3.68909 6.68587
      vertex 6.85885 -5.64375 6.73873
    endloop
  endfacet
  facet normal 0.843404 0 -0.53728
    outer loop
      vertex 6.82517 -3.68909 6.68587
      vertex 6.82517 -5.68591 6.68587
      vertex 6.81915 -3.68155 6.67642
    endloop
  endfacet
  facet normal 0.843404 0 -0.53728
    outer loop
      vertex 6.81915 -3.68155 6.67642
      vertex 6.82517 -5.68591 6.68587
      vertex 6.81915 -5.69345 6.67642
    endloop
  endfacet
  facet normal 0.843359 0 -0.53735
    outer loop
      vertex 6.85885 -2.51875 6.73873
      vertex 6.82517 -0.564086 6.68587
      vertex 6.85885 -0.60625 6.73873
    endloop
  endfacet
  facet normal 0.843723 0 -0.536779
    outer loop
      vertex 6.86602 -2.51141 6.75
      vertex 6.85885 -0.60625 6.73873
      vertex 6.86602 -0.613593 6.75
    endloop
  endfacet
  facet normal 0.843723 0 -0.536779
    outer loop
      vertex 6.85885 -2.51875 6.73873
      vertex 6.85885 -0.60625 6.73873
      vertex 6.86602 -2.51141 6.75
    endloop
  endfacet
  facet normal 0.843359 0 -0.53735
    outer loop
      vertex 6.82517 -2.56091 6.68587
      vertex 6.82517 -0.564086 6.68587
      vertex 6.85885 -2.51875 6.73873
    endloop
  endfacet
  facet normal 0.843404 0 -0.53728
    outer loop
      vertex 6.82517 -0.564086 6.68587
      vertex 6.82517 -2.56091 6.68587
      vertex 6.81915 -0.556548 6.67642
    endloop
  endfacet
  facet normal 0.843404 0 -0.53728
    outer loop
      vertex 6.81915 -0.556548 6.67642
      vertex 6.82517 -2.56091 6.68587
      vertex 6.81915 -2.56845 6.67642
    endloop
  endfacet
  facet normal 0.843723 0 -0.536779
    outer loop
      vertex 6.86602 0.613593 6.75
      vertex 6.85885 2.51875 6.73873
      vertex 6.86602 2.51141 6.75
    endloop
  endfacet
  facet normal 0.843723 0 -0.536779
    outer loop
      vertex 6.85885 0.60625 6.73873
      vertex 6.85885 2.51875 6.73873
      vertex 6.86602 0.613593 6.75
    endloop
  endfacet
  facet normal 0.843359 0 -0.53735
    outer loop
      vertex 6.85885 2.51875 6.73873
      vertex 6.85885 0.60625 6.73873
      vertex 6.82517 2.56091 6.68587
    endloop
  endfacet
  facet normal 0.843359 0 -0.53735
    outer loop
      vertex 6.82517 0.564086 6.68587
      vertex 6.82517 2.56091 6.68587
      vertex 6.85885 0.60625 6.73873
    endloop
  endfacet
  facet normal 0.843404 0 -0.53728
    outer loop
      vertex 6.82517 2.56091 6.68587
      vertex 6.82517 0.564086 6.68587
      vertex 6.81915 2.56845 6.67642
    endloop
  endfacet
  facet normal 0.843404 0 -0.53728
    outer loop
      vertex 6.81915 2.56845 6.67642
      vertex 6.82517 0.564086 6.68587
      vertex 6.81915 0.556548 6.67642
    endloop
  endfacet
  facet normal 0.843359 0 -0.53735
    outer loop
      vertex 6.85885 3.73125 6.73873
      vertex 6.82517 5.68591 6.68587
      vertex 6.85885 5.64375 6.73873
    endloop
  endfacet
  facet normal 0.843723 0 -0.536779
    outer loop
      vertex 6.86602 3.73859 6.75
      vertex 6.85885 5.64375 6.73873
      vertex 6.86602 5.63641 6.75
    endloop
  endfacet
  facet normal 0.843723 0 -0.536779
    outer loop
      vertex 6.85885 3.73125 6.73873
      vertex 6.85885 5.64375 6.73873
      vertex 6.86602 3.73859 6.75
    endloop
  endfacet
  facet normal 0.843359 0 -0.53735
    outer loop
      vertex 6.82517 3.68909 6.68587
      vertex 6.82517 5.68591 6.68587
      vertex 6.85885 3.73125 6.73873
    endloop
  endfacet
  facet normal 0.843404 0 -0.53728
    outer loop
      vertex 6.82517 5.68591 6.68587
      vertex 6.82517 3.68909 6.68587
      vertex 6.81915 5.69345 6.67642
    endloop
  endfacet
  facet normal 0.843404 0 -0.53728
    outer loop
      vertex 6.81915 5.69345 6.67642
      vertex 6.82517 3.68909 6.68587
      vertex 6.81915 3.68155 6.67642
    endloop
  endfacet
  facet normal -0.130452 0 -0.991455
    outer loop
      vertex 5.82635 -9 6.26519
      vertex 5.91284 9 6.25381
      vertex 5.91284 -9 6.25381
    endloop
  endfacet
  facet normal -0.130452 0 -0.991455
    outer loop
      vertex 5.91284 9 6.25381
      vertex 5.82635 -9 6.26519
      vertex 5.82635 9 6.26519
    endloop
  endfacet
  facet normal -0.043671 0 -0.999046
    outer loop
      vertex 5.91284 -9 6.25381
      vertex 6 9 6.25
      vertex 6 -9 6.25
    endloop
  endfacet
  facet normal -0.043671 0 -0.999046
    outer loop
      vertex 6 9 6.25
      vertex 5.91284 -9 6.25381
      vertex 5.91284 9 6.25381
    endloop
  endfacet
  facet normal -0.216421 0 -0.9763
    outer loop
      vertex 5.74118 -9 6.28407
      vertex 5.82635 9 6.26519
      vertex 5.82635 -9 6.26519
    endloop
  endfacet
  facet normal -0.216421 0 -0.9763
    outer loop
      vertex 5.82635 9 6.26519
      vertex 5.74118 -9 6.28407
      vertex 5.74118 9 6.28407
    endloop
  endfacet
  facet normal -0.461825 0 -0.886971
    outer loop
      vertex 5.5 -9 6.38398
      vertex 5.57738 9 6.34369
      vertex 5.57738 -9 6.34369
    endloop
  endfacet
  facet normal -0.461825 0 -0.886971
    outer loop
      vertex 5.57738 9 6.34369
      vertex 5.5 -9 6.38398
      vertex 5.5 9 6.38398
    endloop
  endfacet
  facet normal -0.382629 0 -0.923902
    outer loop
      vertex 5.57738 -9 6.34369
      vertex 5.65798 9 6.31031
      vertex 5.65798 -9 6.31031
    endloop
  endfacet
  facet normal -0.382629 0 -0.923902
    outer loop
      vertex 5.65798 9 6.31031
      vertex 5.57738 -9 6.34369
      vertex 5.57738 9 6.34369
    endloop
  endfacet
  facet normal -0.537254 0 -0.843421
    outer loop
      vertex 5.42642 -9 6.43085
      vertex 5.5 9 6.38398
      vertex 5.5 -9 6.38398
    endloop
  endfacet
  facet normal -0.537254 0 -0.843421
    outer loop
      vertex 5.5 9 6.38398
      vertex 5.42642 -9 6.43085
      vertex 5.42642 9 6.43085
    endloop
  endfacet
  facet normal -0.999046 0 -0.043671
    outer loop
      vertex 5.00381 -9 7.16284
      vertex 5 9 7.25
      vertex 5.00381 9 7.16284
    endloop
  endfacet
  facet normal -0.999046 -0 -0.043671
    outer loop
      vertex 5 9 7.25
      vertex 5.00381 -9 7.16284
      vertex 5 -9 7.25
    endloop
  endfacet
  facet normal -0.991455 0 -0.130452
    outer loop
      vertex 5.01519 -9 7.07635
      vertex 5.00381 9 7.16284
      vertex 5.01519 9 7.07635
    endloop
  endfacet
  facet normal -0.991455 -0 -0.130452
    outer loop
      vertex 5.00381 9 7.16284
      vertex 5.01519 -9 7.07635
      vertex 5.00381 -9 7.16284
    endloop
  endfacet
  facet normal -0.923902 0 -0.382629
    outer loop
      vertex 5.09369 -9 6.82738
      vertex 5.06031 9 6.90798
      vertex 5.09369 9 6.82738
    endloop
  endfacet
  facet normal -0.923902 -0 -0.382629
    outer loop
      vertex 5.06031 9 6.90798
      vertex 5.09369 -9 6.82738
      vertex 5.06031 -9 6.90798
    endloop
  endfacet
  facet normal -0.886971 0 -0.461825
    outer loop
      vertex 5.13398 -9 6.75
      vertex 5.09369 9 6.82738
      vertex 5.13398 9 6.75
    endloop
  endfacet
  facet normal -0.886971 -0 -0.461825
    outer loop
      vertex 5.09369 9 6.82738
      vertex 5.13398 -9 6.75
      vertex 5.09369 -9 6.82738
    endloop
  endfacet
  facet normal -0.843421 0 -0.537254
    outer loop
      vertex 5.18085 -9 6.67642
      vertex 5.13398 9 6.75
      vertex 5.18085 9 6.67642
    endloop
  endfacet
  facet normal -0.843421 -0 -0.537254
    outer loop
      vertex 5.13398 9 6.75
      vertex 5.18085 -9 6.67642
      vertex 5.13398 -9 6.75
    endloop
  endfacet
  facet normal -0.608785 0 0.793335
    outer loop
      vertex 5.35721 9 8.01604
      vertex 5.42642 -9 8.06915
      vertex 5.42642 9 8.06915
    endloop
  endfacet
  facet normal -0.608785 0 0.793335
    outer loop
      vertex 5.42642 -9 8.06915
      vertex 5.35721 9 8.01604
      vertex 5.35721 -9 8.01604
    endloop
  endfacet
  facet normal 0.991455 0 -0.130452
    outer loop
      vertex 6.99619 -9 7.16284
      vertex 6.98481 -6.93946 7.07635
      vertex 6.99619 -6.92872 7.16284
    endloop
  endfacet
  facet normal 0.991455 0 -0.130452
    outer loop
      vertex 6.98481 -6.93946 7.07635
      vertex 6.99619 -9 7.16284
      vertex 6.98481 -9 7.07635
    endloop
  endfacet
  facet normal 0.991455 0 -0.130452
    outer loop
      vertex 6.99619 9 7.16284
      vertex 6.98481 6.93946 7.07635
      vertex 6.98481 9 7.07635
    endloop
  endfacet
  facet normal 0.991455 0 -0.130452
    outer loop
      vertex 6.98481 6.93946 7.07635
      vertex 6.99619 9 7.16284
      vertex 6.99619 6.92872 7.16284
    endloop
  endfacet
  facet normal 0.991455 0 -0.130452
    outer loop
      vertex 6.99619 -3.80372 7.16284
      vertex 6.98481 -5.56054 7.07635
      vertex 6.98481 -3.81446 7.07635
    endloop
  endfacet
  facet normal 0.991455 0 -0.130452
    outer loop
      vertex 6.98481 -5.56054 7.07635
      vertex 6.99619 -3.80372 7.16284
      vertex 6.99619 -5.57128 7.16284
    endloop
  endfacet
  facet normal 0.991455 0 -0.130452
    outer loop
      vertex 6.99619 -0.678719 7.16284
      vertex 6.98481 -2.43554 7.07635
      vertex 6.98481 -0.689463 7.07635
    endloop
  endfacet
  facet normal 0.991455 0 -0.130452
    outer loop
      vertex 6.98481 -2.43554 7.07635
      vertex 6.99619 -0.678719 7.16284
      vertex 6.99619 -2.44628 7.16284
    endloop
  endfacet
  facet normal 0.991455 0 -0.130452
    outer loop
      vertex 6.99619 2.44628 7.16284
      vertex 6.98481 0.689463 7.07635
      vertex 6.98481 2.43554 7.07635
    endloop
  endfacet
  facet normal 0.991455 0 -0.130452
    outer loop
      vertex 6.98481 0.689463 7.07635
      vertex 6.99619 2.44628 7.16284
      vertex 6.99619 0.678719 7.16284
    endloop
  endfacet
  facet normal 0.991455 0 -0.130452
    outer loop
      vertex 6.99619 5.57128 7.16284
      vertex 6.98481 3.81446 7.07635
      vertex 6.98481 5.56054 7.07635
    endloop
  endfacet
  facet normal 0.991455 0 -0.130452
    outer loop
      vertex 6.98481 3.81446 7.07635
      vertex 6.99619 5.57128 7.16284
      vertex 6.99619 3.80372 7.16284
    endloop
  endfacet
  facet normal 0.9763 0 -0.216421
    outer loop
      vertex 6.98481 6.93946 7.07635
      vertex 6.96593 9 6.99118
      vertex 6.98481 9 7.07635
    endloop
  endfacet
  facet normal 0.9763 0 -0.216421
    outer loop
      vertex 6.96593 9 6.99118
      vertex 6.98481 6.93946 7.07635
      vertex 6.96593 6.93827 6.99118
    endloop
  endfacet
  facet normal 0.9763 0 -0.216421
    outer loop
      vertex 6.96593 -9 6.99118
      vertex 6.98481 -6.93946 7.07635
      vertex 6.98481 -9 7.07635
    endloop
  endfacet
  facet normal 0.9763 0 -0.216421
    outer loop
      vertex 6.98481 -6.93946 7.07635
      vertex 6.96593 -9 6.99118
      vertex 6.96593 -6.93827 6.99118
    endloop
  endfacet
  facet normal 0.9763 0 -0.216421
    outer loop
      vertex 6.98481 -5.56054 7.07635
      vertex 6.96593 -3.81327 6.99118
      vertex 6.98481 -3.81446 7.07635
    endloop
  endfacet
  facet normal 0.9763 0 -0.216421
    outer loop
      vertex 6.96593 -3.81327 6.99118
      vertex 6.98481 -5.56054 7.07635
      vertex 6.96593 -5.56173 6.99118
    endloop
  endfacet
  facet normal 0.9763 0 -0.216421
    outer loop
      vertex 6.98481 -2.43554 7.07635
      vertex 6.96593 -0.688268 6.99118
      vertex 6.98481 -0.689463 7.07635
    endloop
  endfacet
  facet normal 0.9763 0 -0.216421
    outer loop
      vertex 6.96593 -0.688268 6.99118
      vertex 6.98481 -2.43554 7.07635
      vertex 6.96593 -2.43673 6.99118
    endloop
  endfacet
  facet normal 0.9763 0 -0.216421
    outer loop
      vertex 6.98481 0.689463 7.07635
      vertex 6.96593 2.43673 6.99118
      vertex 6.98481 2.43554 7.07635
    endloop
  endfacet
  facet normal 0.9763 0 -0.216421
    outer loop
      vertex 6.96593 2.43673 6.99118
      vertex 6.98481 0.689463 7.07635
      vertex 6.96593 0.688268 6.99118
    endloop
  endfacet
  facet normal 0.9763 0 -0.216421
    outer loop
      vertex 6.98481 3.81446 7.07635
      vertex 6.96593 5.56173 6.99118
      vertex 6.98481 5.56054 7.07635
    endloop
  endfacet
  facet normal 0.9763 0 -0.216421
    outer loop
      vertex 6.96593 5.56173 6.99118
      vertex 6.98481 3.81446 7.07635
      vertex 6.96593 3.81327 6.99118
    endloop
  endfacet
  facet normal 0.608785 0 -0.793335
    outer loop
      vertex 6.57358 -9 6.43085
      vertex 6.64279 -6.34336 6.48396
      vertex 6.64279 -9 6.48396
    endloop
  endfacet
  facet normal 0.609278 -2.04049e-05 -0.792957
    outer loop
      vertex 6.64279 -6.34336 6.48396
      vertex 6.57358 -9 6.43085
      vertex 6.6408 -6.3061 6.48243
    endloop
  endfacet
  facet normal 0.608797 0 -0.793326
    outer loop
      vertex 6.57358 -9 6.43085
      vertex 6.63781 -3.125 6.48014
      vertex 6.63781 -6.25 6.48014
    endloop
  endfacet
  facet normal 0.608797 0 -0.793326
    outer loop
      vertex 6.63781 -3.125 6.48014
      vertex 6.57358 -9 6.43085
      vertex 6.63781 0 6.48014
    endloop
  endfacet
  facet normal 0.608797 0 -0.793326
    outer loop
      vertex 6.63781 0 6.48014
      vertex 6.57358 -9 6.43085
      vertex 6.63781 3.125 6.48014
    endloop
  endfacet
  facet normal 0.608797 0 -0.793326
    outer loop
      vertex 6.57358 9 6.43085
      vertex 6.63781 3.125 6.48014
      vertex 6.57358 -9 6.43085
    endloop
  endfacet
  facet normal 0.608272 1.94912e-05 -0.793729
    outer loop
      vertex 6.6408 -6.3061 6.48243
      vertex 6.57358 -9 6.43085
      vertex 6.63781 -6.25 6.48014
    endloop
  endfacet
  facet normal 0.609518 0 -0.792772
    outer loop
      vertex 6.6408 -6.1939 6.48243
      vertex 6.64279 -3.21836 6.48396
      vertex 6.64279 -6.15664 6.48396
    endloop
  endfacet
  facet normal 0.609518 0 -0.792772
    outer loop
      vertex 6.6408 -6.1939 6.48243
      vertex 6.6408 -3.1811 6.48243
      vertex 6.64279 -3.21836 6.48396
    endloop
  endfacet
  facet normal 0.608041 0 -0.793905
    outer loop
      vertex 6.63781 -6.25 6.48014
      vertex 6.6408 -3.1811 6.48243
      vertex 6.6408 -6.1939 6.48243
    endloop
  endfacet
  facet normal 0.608041 0 -0.793905
    outer loop
      vertex 6.6408 -3.1811 6.48243
      vertex 6.63781 -6.25 6.48014
      vertex 6.63781 -3.125 6.48014
    endloop
  endfacet
  facet normal 0.609518 0 -0.792772
    outer loop
      vertex 6.6408 -3.0689 6.48243
      vertex 6.64279 -0.0933615 6.48396
      vertex 6.64279 -3.03164 6.48396
    endloop
  endfacet
  facet normal 0.609518 0 -0.792772
    outer loop
      vertex 6.6408 -3.0689 6.48243
      vertex 6.6408 -0.0560966 6.48243
      vertex 6.64279 -0.0933615 6.48396
    endloop
  endfacet
  facet normal 0.608041 0 -0.793905
    outer loop
      vertex 6.63781 -3.125 6.48014
      vertex 6.6408 -0.0560966 6.48243
      vertex 6.6408 -3.0689 6.48243
    endloop
  endfacet
  facet normal 0.608041 0 -0.793905
    outer loop
      vertex 6.6408 -0.0560966 6.48243
      vertex 6.63781 -3.125 6.48014
      vertex 6.63781 0 6.48014
    endloop
  endfacet
  facet normal 0.609518 0 -0.792772
    outer loop
      vertex 6.6408 0.0560966 6.48243
      vertex 6.64279 3.03164 6.48396
      vertex 6.64279 0.0933615 6.48396
    endloop
  endfacet
  facet normal 0.609518 0 -0.792772
    outer loop
      vertex 6.6408 0.0560966 6.48243
      vertex 6.6408 3.0689 6.48243
      vertex 6.64279 3.03164 6.48396
    endloop
  endfacet
  facet normal 0.608041 0 -0.793905
    outer loop
      vertex 6.63781 0 6.48014
      vertex 6.6408 3.0689 6.48243
      vertex 6.6408 0.0560966 6.48243
    endloop
  endfacet
  facet normal 0.608041 0 -0.793905
    outer loop
      vertex 6.6408 3.0689 6.48243
      vertex 6.63781 0 6.48014
      vertex 6.63781 3.125 6.48014
    endloop
  endfacet
  facet normal 0.609518 0 -0.792772
    outer loop
      vertex 6.6408 3.1811 6.48243
      vertex 6.64279 6.15664 6.48396
      vertex 6.64279 3.21836 6.48396
    endloop
  endfacet
  facet normal 0.609518 0 -0.792772
    outer loop
      vertex 6.6408 3.1811 6.48243
      vertex 6.6408 6.1939 6.48243
      vertex 6.64279 6.15664 6.48396
    endloop
  endfacet
  facet normal 0.608041 0 -0.793905
    outer loop
      vertex 6.63781 3.125 6.48014
      vertex 6.6408 6.1939 6.48243
      vertex 6.6408 3.1811 6.48243
    endloop
  endfacet
  facet normal 0.608041 0 -0.793905
    outer loop
      vertex 6.6408 6.1939 6.48243
      vertex 6.63781 3.125 6.48014
      vertex 6.63781 6.25 6.48014
    endloop
  endfacet
  facet normal 0.609278 2.04049e-05 -0.792957
    outer loop
      vertex 6.57358 9 6.43085
      vertex 6.64279 6.34336 6.48396
      vertex 6.6408 6.3061 6.48243
    endloop
  endfacet
  facet normal 0.608272 -1.94912e-05 -0.793729
    outer loop
      vertex 6.57358 9 6.43085
      vertex 6.6408 6.3061 6.48243
      vertex 6.63781 6.25 6.48014
    endloop
  endfacet
  facet normal 0.608797 0 -0.793326
    outer loop
      vertex 6.63781 3.125 6.48014
      vertex 6.57358 9 6.43085
      vertex 6.63781 6.25 6.48014
    endloop
  endfacet
  facet normal 0.608785 0 -0.793335
    outer loop
      vertex 6.64279 6.34336 6.48396
      vertex 6.57358 9 6.43085
      vertex 6.64279 9 6.48396
    endloop
  endfacet
  facet normal 0.675492 -2.23623e-06 -0.737367
    outer loop
      vertex 6.64279 9 6.48396
      vertex 6.70711 6.60639 6.54289
      vertex 6.69007 6.56382 6.52728
    endloop
  endfacet
  facet normal 0.675553 -8.75656e-08 -0.737312
    outer loop
      vertex 6.64279 9 6.48396
      vertex 6.69007 6.56382 6.52728
      vertex 6.67455 6.50868 6.51306
    endloop
  endfacet
  facet normal 0.675694 3.22149e-06 -0.737182
    outer loop
      vertex 6.64279 9 6.48396
      vertex 6.67455 6.50868 6.51306
      vertex 6.661 6.46055 6.50064
    endloop
  endfacet
  facet normal 0.675512 8.29048e-07 -0.737349
    outer loop
      vertex 6.64279 9 6.48396
      vertex 6.661 6.46055 6.50064
      vertex 6.64347 6.35568 6.48458
    endloop
  endfacet
  facet normal 0.673754 0 -0.738956
    outer loop
      vertex 6.64279 9 6.48396
      vertex 6.64347 6.35568 6.48458
      vertex 6.64279 6.34336 6.48396
    endloop
  endfacet
  facet normal 0.675538 0 -0.737325
    outer loop
      vertex 6.70711 6.60639 6.54289
      vertex 6.64279 9 6.48396
      vertex 6.70711 9 6.54289
    endloop
  endfacet
  facet normal 0.675538 0 -0.737325
    outer loop
      vertex 6.64279 -9 6.48396
      vertex 6.70711 -6.60639 6.54289
      vertex 6.70711 -9 6.54289
    endloop
  endfacet
  facet normal 0.675492 2.23623e-06 -0.737367
    outer loop
      vertex 6.70711 -6.60639 6.54289
      vertex 6.64279 -9 6.48396
      vertex 6.69007 -6.56382 6.52728
    endloop
  endfacet
  facet normal 0.675553 8.75656e-08 -0.737312
    outer loop
      vertex 6.69007 -6.56382 6.52728
      vertex 6.64279 -9 6.48396
      vertex 6.67455 -6.50868 6.51306
    endloop
  endfacet
  facet normal 0.675694 -3.22149e-06 -0.737182
    outer loop
      vertex 6.67455 -6.50868 6.51306
      vertex 6.64279 -9 6.48396
      vertex 6.661 -6.46055 6.50064
    endloop
  endfacet
  facet normal 0.675512 -8.29048e-07 -0.737349
    outer loop
      vertex 6.661 -6.46055 6.50064
      vertex 6.64279 -9 6.48396
      vertex 6.64347 -6.35568 6.48458
    endloop
  endfacet
  facet normal 0.673754 0 -0.738956
    outer loop
      vertex 6.64347 -6.35568 6.48458
      vertex 6.64279 -9 6.48396
      vertex 6.64279 -6.34336 6.48396
    endloop
  endfacet
  facet normal 0.675489 0 -0.73737
    outer loop
      vertex 6.69007 -5.93618 6.52728
      vertex 6.70711 -3.48139 6.54289
      vertex 6.70711 -5.89361 6.54289
    endloop
  endfacet
  facet normal 0.675489 0 -0.73737
    outer loop
      vertex 6.69007 -5.93618 6.52728
      vertex 6.69007 -3.43882 6.52728
      vertex 6.70711 -3.48139 6.54289
    endloop
  endfacet
  facet normal 0.675553 0 -0.737312
    outer loop
      vertex 6.67455 -5.99132 6.51306
      vertex 6.69007 -3.43882 6.52728
      vertex 6.69007 -5.93618 6.52728
    endloop
  endfacet
  facet normal 0.675553 0 -0.737312
    outer loop
      vertex 6.67455 -5.99132 6.51306
      vertex 6.67455 -3.38368 6.51306
      vertex 6.69007 -3.43882 6.52728
    endloop
  endfacet
  facet normal 0.6757 0 -0.737177
    outer loop
      vertex 6.661 -6.03945 6.50064
      vertex 6.67455 -3.38368 6.51306
      vertex 6.67455 -5.99132 6.51306
    endloop
  endfacet
  facet normal 0.6757 0 -0.737177
    outer loop
      vertex 6.661 -6.03945 6.50064
      vertex 6.661 -3.33555 6.50064
      vertex 6.67455 -3.38368 6.51306
    endloop
  endfacet
  facet normal 0.675515 0 -0.737346
    outer loop
      vertex 6.64347 -6.14432 6.48458
      vertex 6.661 -3.33555 6.50064
      vertex 6.661 -6.03945 6.50064
    endloop
  endfacet
  facet normal 0.675515 0 -0.737346
    outer loop
      vertex 6.64347 -6.14432 6.48458
      vertex 6.64347 -3.23068 6.48458
      vertex 6.661 -3.33555 6.50064
    endloop
  endfacet
  facet normal 0.673754 0 -0.738956
    outer loop
      vertex 6.64279 -6.15664 6.48396
      vertex 6.64347 -3.23068 6.48458
      vertex 6.64347 -6.14432 6.48458
    endloop
  endfacet
  facet normal 0.673754 0 -0.738956
    outer loop
      vertex 6.64347 -3.23068 6.48458
      vertex 6.64279 -6.15664 6.48396
      vertex 6.64279 -3.21836 6.48396
    endloop
  endfacet
  facet normal 0.675489 0 -0.73737
    outer loop
      vertex 6.69007 -2.81118 6.52728
      vertex 6.70711 -0.356387 6.54289
      vertex 6.70711 -2.76861 6.54289
    endloop
  endfacet
  facet normal 0.675489 0 -0.73737
    outer loop
      vertex 6.69007 -2.81118 6.52728
      vertex 6.69007 -0.313818 6.52728
      vertex 6.70711 -0.356387 6.54289
    endloop
  endfacet
  facet normal 0.675553 0 -0.737312
    outer loop
      vertex 6.67455 -2.86632 6.51306
      vertex 6.69007 -0.313818 6.52728
      vertex 6.69007 -2.81118 6.52728
    endloop
  endfacet
  facet normal 0.675553 0 -0.737312
    outer loop
      vertex 6.67455 -2.86632 6.51306
      vertex 6.67455 -0.25868 6.51306
      vertex 6.69007 -0.313818 6.52728
    endloop
  endfacet
  facet normal 0.6757 0 -0.737177
    outer loop
      vertex 6.661 -2.91445 6.50064
      vertex 6.67455 -0.25868 6.51306
      vertex 6.67455 -2.86632 6.51306
    endloop
  endfacet
  facet normal 0.6757 0 -0.737177
    outer loop
      vertex 6.661 -2.91445 6.50064
      vertex 6.661 -0.210548 6.50064
      vertex 6.67455 -0.25868 6.51306
    endloop
  endfacet
  facet normal 0.675515 0 -0.737346
    outer loop
      vertex 6.64347 -3.01932 6.48458
      vertex 6.661 -0.210548 6.50064
      vertex 6.661 -2.91445 6.50064
    endloop
  endfacet
  facet normal 0.675515 0 -0.737346
    outer loop
      vertex 6.64347 -3.01932 6.48458
      vertex 6.64347 -0.105676 6.48458
      vertex 6.661 -0.210548 6.50064
    endloop
  endfacet
  facet normal 0.673754 0 -0.738956
    outer loop
      vertex 6.64279 -3.03164 6.48396
      vertex 6.64347 -0.105676 6.48458
      vertex 6.64347 -3.01932 6.48458
    endloop
  endfacet
  facet normal 0.673754 0 -0.738956
    outer loop
      vertex 6.64347 -0.105676 6.48458
      vertex 6.64279 -3.03164 6.48396
      vertex 6.64279 -0.0933615 6.48396
    endloop
  endfacet
  facet normal 0.675489 0 -0.73737
    outer loop
      vertex 6.69007 0.313818 6.52728
      vertex 6.70711 2.76861 6.54289
      vertex 6.70711 0.356387 6.54289
    endloop
  endfacet
  facet normal 0.675489 0 -0.73737
    outer loop
      vertex 6.69007 0.313818 6.52728
      vertex 6.69007 2.81118 6.52728
      vertex 6.70711 2.76861 6.54289
    endloop
  endfacet
  facet normal 0.675553 0 -0.737312
    outer loop
      vertex 6.67455 0.25868 6.51306
      vertex 6.69007 2.81118 6.52728
      vertex 6.69007 0.313818 6.52728
    endloop
  endfacet
  facet normal 0.675553 0 -0.737312
    outer loop
      vertex 6.67455 0.25868 6.51306
      vertex 6.67455 2.86632 6.51306
      vertex 6.69007 2.81118 6.52728
    endloop
  endfacet
  facet normal 0.6757 0 -0.737177
    outer loop
      vertex 6.661 0.210548 6.50064
      vertex 6.67455 2.86632 6.51306
      vertex 6.67455 0.25868 6.51306
    endloop
  endfacet
  facet normal 0.6757 0 -0.737177
    outer loop
      vertex 6.661 0.210548 6.50064
      vertex 6.661 2.91445 6.50064
      vertex 6.67455 2.86632 6.51306
    endloop
  endfacet
  facet normal 0.675515 0 -0.737346
    outer loop
      vertex 6.64347 0.105676 6.48458
      vertex 6.661 2.91445 6.50064
      vertex 6.661 0.210548 6.50064
    endloop
  endfacet
  facet normal 0.675515 0 -0.737346
    outer loop
      vertex 6.64347 0.105676 6.48458
      vertex 6.64347 3.01932 6.48458
      vertex 6.661 2.91445 6.50064
    endloop
  endfacet
  facet normal 0.673754 0 -0.738956
    outer loop
      vertex 6.64279 0.0933615 6.48396
      vertex 6.64347 3.01932 6.48458
      vertex 6.64347 0.105676 6.48458
    endloop
  endfacet
  facet normal 0.673754 0 -0.738956
    outer loop
      vertex 6.64347 3.01932 6.48458
      vertex 6.64279 0.0933615 6.48396
      vertex 6.64279 3.03164 6.48396
    endloop
  endfacet
  facet normal 0.675489 0 -0.73737
    outer loop
      vertex 6.69007 3.43882 6.52728
      vertex 6.70711 5.89361 6.54289
      vertex 6.70711 3.48139 6.54289
    endloop
  endfacet
  facet normal 0.675489 0 -0.73737
    outer loop
      vertex 6.69007 3.43882 6.52728
      vertex 6.69007 5.93618 6.52728
      vertex 6.70711 5.89361 6.54289
    endloop
  endfacet
  facet normal 0.675553 0 -0.737312
    outer loop
      vertex 6.67455 3.38368 6.51306
      vertex 6.69007 5.93618 6.52728
      vertex 6.69007 3.43882 6.52728
    endloop
  endfacet
  facet normal 0.675553 0 -0.737312
    outer loop
      vertex 6.67455 3.38368 6.51306
      vertex 6.67455 5.99132 6.51306
      vertex 6.69007 5.93618 6.52728
    endloop
  endfacet
  facet normal 0.6757 0 -0.737177
    outer loop
      vertex 6.661 3.33555 6.50064
      vertex 6.67455 5.99132 6.51306
      vertex 6.67455 3.38368 6.51306
    endloop
  endfacet
  facet normal 0.6757 0 -0.737177
    outer loop
      vertex 6.661 3.33555 6.50064
      vertex 6.661 6.03945 6.50064
      vertex 6.67455 5.99132 6.51306
    endloop
  endfacet
  facet normal 0.675515 0 -0.737346
    outer loop
      vertex 6.64347 3.23068 6.48458
      vertex 6.661 6.03945 6.50064
      vertex 6.661 3.33555 6.50064
    endloop
  endfacet
  facet normal 0.675515 0 -0.737346
    outer loop
      vertex 6.64347 3.23068 6.48458
      vertex 6.64347 6.14432 6.48458
      vertex 6.661 6.03945 6.50064
    endloop
  endfacet
  facet normal 0.673754 0 -0.738956
    outer loop
      vertex 6.64279 3.21836 6.48396
      vertex 6.64347 6.14432 6.48458
      vertex 6.64347 3.23068 6.48458
    endloop
  endfacet
  facet normal 0.673754 0 -0.738956
    outer loop
      vertex 6.64347 6.14432 6.48458
      vertex 6.64279 3.21836 6.48396
      vertex 6.64279 6.15664 6.48396
    endloop
  endfacet
  facet normal 0.793335 0 -0.608785
    outer loop
      vertex 6.81915 6.80655 6.67642
      vertex 6.76604 9 6.60721
      vertex 6.81915 9 6.67642
    endloop
  endfacet
  facet normal 0.793294 -2.69393e-06 -0.608839
    outer loop
      vertex 6.78667 6.76242 6.6341
      vertex 6.76604 9 6.60721
      vertex 6.81915 6.80655 6.67642
    endloop
  endfacet
  facet normal 0.793402 0 -0.608698
    outer loop
      vertex 6.76604 9 6.60721
      vertex 6.78667 6.76242 6.6341
      vertex 6.76604 6.7272 6.60721
    endloop
  endfacet
  facet normal 0.793335 0 -0.608785
    outer loop
      vertex 6.76604 -9 6.60721
      vertex 6.81915 -6.80655 6.67642
      vertex 6.81915 -9 6.67642
    endloop
  endfacet
  facet normal 0.793294 2.69393e-06 -0.608839
    outer loop
      vertex 6.81915 -6.80655 6.67642
      vertex 6.76604 -9 6.60721
      vertex 6.78667 -6.76242 6.6341
    endloop
  endfacet
  facet normal 0.793402 0 -0.608698
    outer loop
      vertex 6.78667 -6.76242 6.6341
      vertex 6.76604 -9 6.60721
      vertex 6.76604 -6.7272 6.60721
    endloop
  endfacet
  facet normal 0.793292 0 -0.608841
    outer loop
      vertex 6.81915 -5.69345 6.67642
      vertex 6.78667 -3.63742 6.6341
      vertex 6.81915 -3.68155 6.67642
    endloop
  endfacet
  facet normal 0.793292 0 -0.608841
    outer loop
      vertex 6.78667 -5.73757 6.6341
      vertex 6.78667 -3.63742 6.6341
      vertex 6.81915 -5.69345 6.67642
    endloop
  endfacet
  facet normal 0.793402 0 -0.608698
    outer loop
      vertex 6.78667 -3.63742 6.6341
      vertex 6.78667 -5.73757 6.6341
      vertex 6.76604 -3.6022 6.60721
    endloop
  endfacet
  facet normal 0.793402 0 -0.608698
    outer loop
      vertex 6.76604 -3.6022 6.60721
      vertex 6.78667 -5.73757 6.6341
      vertex 6.76604 -5.77279 6.60721
    endloop
  endfacet
  facet normal 0.793292 0 -0.608841
    outer loop
      vertex 6.81915 -2.56845 6.67642
      vertex 6.78667 -0.512424 6.6341
      vertex 6.81915 -0.556548 6.67642
    endloop
  endfacet
  facet normal 0.793292 0 -0.608841
    outer loop
      vertex 6.78667 -2.61257 6.6341
      vertex 6.78667 -0.512424 6.6341
      vertex 6.81915 -2.56845 6.67642
    endloop
  endfacet
  facet normal 0.793402 0 -0.608698
    outer loop
      vertex 6.78667 -0.512424 6.6341
      vertex 6.78667 -2.61257 6.6341
      vertex 6.76604 -0.477204 6.60721
    endloop
  endfacet
  facet normal 0.793402 0 -0.608698
    outer loop
      vertex 6.76604 -0.477204 6.60721
      vertex 6.78667 -2.61257 6.6341
      vertex 6.76604 -2.64779 6.60721
    endloop
  endfacet
  facet normal 0.793292 0 -0.608841
    outer loop
      vertex 6.81915 0.556548 6.67642
      vertex 6.78667 2.61257 6.6341
      vertex 6.81915 2.56845 6.67642
    endloop
  endfacet
  facet normal 0.793292 0 -0.608841
    outer loop
      vertex 6.78667 0.512424 6.6341
      vertex 6.78667 2.61257 6.6341
      vertex 6.81915 0.556548 6.67642
    endloop
  endfacet
  facet normal 0.793402 0 -0.608698
    outer loop
      vertex 6.78667 2.61257 6.6341
      vertex 6.78667 0.512424 6.6341
      vertex 6.76604 2.64779 6.60721
    endloop
  endfacet
  facet normal 0.793402 0 -0.608698
    outer loop
      vertex 6.76604 2.64779 6.60721
      vertex 6.78667 0.512424 6.6341
      vertex 6.76604 0.477204 6.60721
    endloop
  endfacet
  facet normal 0.793292 0 -0.608841
    outer loop
      vertex 6.81915 3.68155 6.67642
      vertex 6.78667 5.73757 6.6341
      vertex 6.81915 5.69345 6.67642
    endloop
  endfacet
  facet normal 0.793292 0 -0.608841
    outer loop
      vertex 6.78667 3.63742 6.6341
      vertex 6.78667 5.73757 6.6341
      vertex 6.81915 3.68155 6.67642
    endloop
  endfacet
  facet normal 0.793402 0 -0.608698
    outer loop
      vertex 6.78667 5.73757 6.6341
      vertex 6.78667 3.63742 6.6341
      vertex 6.76604 5.77279 6.60721
    endloop
  endfacet
  facet normal 0.793402 0 -0.608698
    outer loop
      vertex 6.76604 5.77279 6.60721
      vertex 6.78667 3.63742 6.6341
      vertex 6.76604 3.6022 6.60721
    endloop
  endfacet
  facet normal -0.608785 0 -0.793335
    outer loop
      vertex 5.35721 -9 6.48396
      vertex 5.42642 9 6.43085
      vertex 5.42642 -9 6.43085
    endloop
  endfacet
  facet normal -0.608785 0 -0.793335
    outer loop
      vertex 5.42642 9 6.43085
      vertex 5.35721 -9 6.48396
      vertex 5.35721 9 6.48396
    endloop
  endfacet
  facet normal -0.793335 0 -0.608785
    outer loop
      vertex 5.23396 -9 6.60721
      vertex 5.18085 9 6.67642
      vertex 5.23396 9 6.60721
    endloop
  endfacet
  facet normal -0.793335 -0 -0.608785
    outer loop
      vertex 5.18085 9 6.67642
      vertex 5.23396 -9 6.60721
      vertex 5.18085 -9 6.67642
    endloop
  endfacet
  facet normal -0.737325 0 -0.675538
    outer loop
      vertex 5.29289 -9 6.54289
      vertex 5.23396 9 6.60721
      vertex 5.29289 9 6.54289
    endloop
  endfacet
  facet normal -0.737325 -0 -0.675538
    outer loop
      vertex 5.23396 9 6.60721
      vertex 5.29289 -9 6.54289
      vertex 5.23396 -9 6.60721
    endloop
  endfacet
endsolid OpenSCAD_Model
